
===== SHARD 1/14 — 39 files =====

 RUN  v3.2.7 /home/user/malek/rentrix-app

 ✓ src/features/properties/property-ownership-atomicity.pglite.test.ts (26 tests) 4628ms
 ✓ src/features/lifecycle/r12-final-acceptance.test.ts (6 tests) 3439ms
 ✓ src/features/ai-assistant/services/ai-assistant-copilot-context.test.ts (5 tests) 116ms
 ✓ src/features/automation/background-job-foundation.test.ts (5 tests) 3517ms
 ✓ src/lib/bankCsvParser.test.ts (25 tests) 11ms
 ✓ src/features/contracts/components/contract-kpi-scope.test.ts (7 tests) 3ms
 ✓ src/features/reports/r6-reports-lazy-read-models.test.ts (6 tests) 8ms
 ✓ src/features/financials/reconciliation/bank-reconciliation-behavior.test.ts (6 tests) 3511ms
 ✓ src/services/documents/companyIdentity.test.ts (9 tests) 3ms
 ✓ src/features/settings/registry/sectionRegistry.test.ts (8 tests) 3ms
 ✓ src/features/financials/reports/reconciliation-entry-points.test.ts (12 tests) 3791ms
 ✓ src/features/financials/payments/usePayments.test.ts (3 tests) 9ms
 ✓ src/features/empty-state-content-contract.test.ts (1 test) 0ms
 ✓ src/features/financials/expenses/expenseService-fields.test.ts (6 tests) 6ms
 ✓ src/features/owners/owner-settlement-live-workspace.test.ts (7 tests) 1ms
 ✓ src/lib/lena-endorsement-contract.test.ts (6 tests) 2ms
 ✓ src/app/accessibility-baseline.test.ts (10 tests) 3ms
 ✓ src/features/onboarding/onboardingService.test.ts (6 tests) 8ms
 ✓ src/features/tenant-portal/tenant-portal-boundary.test.ts (6 tests) 3ms
 ✓ src/features/financials/invoices/invoice-actions.test.ts (2 tests) 2ms
 ✓ src/features/reports/documents/premium-owner-report.contract.test.ts (4 tests) 1ms
 ✓ src/lib/runtime-diagnostics.test.ts (3 tests) 1ms
 ✓ src/features/financials/components/financials-formatters.test.ts (6 tests) 72ms
 ✓ src/features/accounting/reports/reconciliation/reconciliationService.test.ts (14 tests) 7ms
 ✓ src/features/financials/reports/deferred-revenue-service.test.ts (4 tests) 1ms
 ✓ src/features/reports/reports-workspace-filters.test.ts (3 tests) 3ms
 ✓ src/features/auth/password-recovery-service.test.ts (3 tests) 1ms
 ✓ src/features/units/units-page.test.ts (2 tests) 1ms
 ✓ src/components/layout/register-summary.test.tsx (2 tests) 14ms
 ✓ src/app/navigation/documents-vault-route.test.ts (3 tests) 1ms
 ✓ src/features/audit/phase6-audit.test.tsx (1 test) 0ms
 ✓ src/features/owners/useOwners.test.ts (1 test) 0ms
 ✓ src/services/documents/renderer/documentRenderer.dom.test.ts (20 tests) 184ms
 ✓ src/components/ui/entity-form.test.ts (8 tests) 21ms
 ✓ src/features/contracts/lifecycle/contract-approval-workflow.test.tsx (6 tests) 47ms
 ✓ src/features/people/people-list-page-interaction.test.tsx (3 tests) 224ms
 ✓ src/features/help-support/public-support-route.test.tsx (3 tests) 28ms
 ✓ src/features/dashboard/components/dashboard-visuals.test.tsx (5 tests) 9ms
 ✓ src/app/router/background-location.behavior.test.tsx (2 tests) 3ms

 Test Files  39 passed (39)
      Tests  255 passed (255)
   Start at  14:18:08
   Duration  23.68s (transform 1.54s, setup 0ms, collect 3.06s, tests 19.68s, environment 333ms, prepare 118ms)

stderr | src/features/financials/reconciliation/bank-reconciliation-behavior.test.ts > bank reconciliation governed RPC behavior > keeps reversal and manual candidate coverage explicitly partial
Supabase environment is incomplete. Runtime diagnostics will be shown in UI.

stderr | src/features/financials/payments/usePayments.test.ts
Supabase environment is incomplete. Runtime diagnostics will be shown in UI.

stderr | src/features/tenant-portal/tenant-portal-boundary.test.ts
Supabase environment is incomplete. Runtime diagnostics will be shown in UI.

stderr | src/features/reports/reports-workspace-filters.test.ts
Supabase environment is incomplete. Runtime diagnostics will be shown in UI.

stderr | src/features/units/units-page.test.ts
Supabase environment is incomplete. Runtime diagnostics will be shown in UI.

stderr | src/features/owners/useOwners.test.ts
Supabase environment is incomplete. Runtime diagnostics will be shown in UI.

stderr | src/features/people/people-list-page-interaction.test.tsx
Supabase environment is incomplete. Runtime diagnostics will be shown in UI.

stderr | src/features/people/people-list-page-interaction.test.tsx > PeopleListPage mobile workflow interactions > opens the shared person form from the header create action and shows Arabic validation
The current testing environment is not configured to support act(...)

stderr | src/features/people/people-list-page-interaction.test.tsx > PeopleListPage mobile workflow interactions > opens the shared person form from the header create action and shows Arabic validation
The current testing environment is not configured to support act(...)
The current testing environment is not configured to support act(...)
The current testing environment is not configured to support act(...)
The current testing environment is not configured to support act(...)
The current testing environment is not configured to support act(...)
The current testing environment is not configured to support act(...)
The current testing environment is not configured to support act(...)
The current testing environment is not configured to support act(...)
The current testing environment is not configured to support act(...)
The current testing environment is not configured to support act(...)
The current testing environment is not configured to support act(...)
The current testing environment is not configured to support act(...)

stderr | src/features/people/people-list-page-interaction.test.tsx > PeopleListPage mobile workflow interactions > opens the shared person form from the header create action and shows Arabic validation
The current testing environment is not configured to support act(...)

stderr | src/features/people/people-list-page-interaction.test.tsx > PeopleListPage mobile workflow interactions > opens the shared person form from the header create action and shows Arabic validation
The current testing environment is not configured to support act(...)
The current testing environment is not configured to support act(...)
The current testing environment is not configured to support act(...)
The current testing environment is not configured to support act(...)
The current testing environment is not configured to support act(...)
The current testing environment is not configured to support act(...)
The current testing environment is not configured to support act(...)
The current testing environment is not configured to support act(...)
The current testing environment is not configured to support act(...)
The current testing environment is not configured to support act(...)
The current testing environment is not configured to support act(...)
The current testing environment is not configured to support act(...)
The current testing environment is not configured to support act(...)
The current testing environment is not configured to support act(...)
The current testing environment is not configured to support act(...)
The current testing environment is not configured to support act(...)
The current testing environment is not configured to support act(...)
The current testing environment is not configured to support act(...)
The current testing environment is not configured to support act(...)
The current testing environment is not configured to support act(...)
The current testing environment is not configured to support act(...)
The current testing environment is not configured to support act(...)
The current testing environment is not configured to support act(...)
The current testing environment is not configured to support act(...)
The current testing environment is not configured to support act(...)
The current testing environment is not configured to support act(...)
The current testing environment is not configured to support act(...)
The current testing environment is not configured to support act(...)
The current testing environment is not configured to support act(...)
The current testing environment is not configured to support act(...)
The current testing environment is not configured to support act(...)
The current testing environment is not configured to support act(...)
The current testing environment is not configured to support act(...)
The current testing environment is not configured to support act(...)
The current testing environment is not configured to support act(...)
The current testing environment is not configured to support act(...)
The current testing environment is not configured to support act(...)
The current testing environment is not configured to support act(...)
The current testing environment is not configured to support act(...)
The current testing environment is not configured to support act(...)
The current testing environment is not configured to support act(...)
The current testing environment is not configured to support act(...)
The current testing environment is not configured to support act(...)
The current testing environment is not configured to support act(...)

stderr | src/features/people/people-list-page-interaction.test.tsx > PeopleListPage mobile workflow interactions > opens the shared person form from the header create action and shows Arabic validation
The current testing environment is not configured to support act(...)

stderr | src/features/people/people-list-page-interaction.test.tsx > PeopleListPage mobile workflow interactions > opens the shared person form from the header create action and shows Arabic validation
The current testing environment is not configured to support act(...)
The current testing environment is not configured to support act(...)
The current testing environment is not configured to support act(...)
The current testing environment is not configured to support act(...)
The current testing environment is not configured to support act(...)
The current testing environment is not configured to support act(...)
The current testing environment is not configured to support act(...)
The current testing environment is not configured to support act(...)
The current testing environment is not configured to support act(...)
The current testing environment is not configured to support act(...)
The current testing environment is not configured to support act(...)
The current testing environment is not configured to support act(...)
The current testing environment is not configured to support act(...)
The current testing environment is not configured to support act(...)

stderr | src/features/people/people-list-page-interaction.test.tsx > PeopleListPage mobile workflow interactions > opens the shared person form from the header create action and shows Arabic validation
The current testing environment is not configured to support act(...)
The current testing environment is not configured to support act(...)
The current testing environment is not configured to support act(...)
The current testing environment is not configured to support act(...)
The current testing environment is not configured to support act(...)
The current testing environment is not configured to support act(...)
The current testing environment is not configured to support act(...)
The current testing environment is not configured to support act(...)

stderr | src/features/people/people-list-page-interaction.test.tsx > PeopleListPage mobile workflow interactions > opens a prefilled edit form from table row actions
The current testing environment is not configured to support act(...)

stderr | src/features/people/people-list-page-interaction.test.tsx > PeopleListPage mobile workflow interactions > opens a prefilled edit form from table row actions
The current testing environment is not configured to support act(...)
The current testing environment is not configured to support act(...)
The current testing environment is not configured to support act(...)
The current testing environment is not configured to support act(...)
The current testing environment is not configured to support act(...)
The current testing environment is not configured to support act(...)
The current testing environment is not configured to support act(...)
The current testing environment is not configured to support act(...)
The current testing environment is not configured to support act(...)
The current testing environment is not configured to support act(...)
The current testing environment is not configured to support act(...)
The current testing environment is not configured to support act(...)

stderr | src/features/people/people-list-page-interaction.test.tsx > PeopleListPage mobile workflow interactions > opens a prefilled edit form from table row actions
The current testing environment is not configured to support act(...)

stderr | src/features/people/people-list-page-interaction.test.tsx > PeopleListPage mobile workflow interactions > opens a prefilled edit form from table row actions
The current testing environment is not configured to support act(...)

stderr | src/features/people/people-list-page-interaction.test.tsx > PeopleListPage mobile workflow interactions > opens a prefilled edit form from table row actions
The current testing environment is not configured to support act(...)
The current testing environment is not configured to support act(...)
The current testing environment is not configured to support act(...)
The current testing environment is not configured to support act(...)
The current testing environment is not configured to support act(...)
The current testing environment is not configured to support act(...)
The current testing environment is not configured to support act(...)
The current testing environment is not configured to support act(...)
The current testing environment is not configured to support act(...)
The current testing environment is not configured to support act(...)
The current testing environment is not configured to support act(...)
The current testing environment is not configured to support act(...)
The current testing environment is not configured to support act(...)
The current testing environment is not configured to support act(...)
The current testing environment is not configured to support act(...)
The current testing environment is not configured to support act(...)
The current testing environment is not configured to support act(...)
The current testing environment is not configured to support act(...)
The current testing environment is not configured to support act(...)
The current testing environment is not configured to support act(...)
The current testing environment is not configured to support act(...)
The current testing environment is not configured to support act(...)
The current testing environment is not configured to support act(...)
The current testing environment is not configured to support act(...)
The current testing environment is not configured to support act(...)
The current testing environment is not configured to support act(...)
The current testing environment is not configured to support act(...)
The current testing environment is not configured to support act(...)
The current testing environment is not configured to support act(...)
The current testing environment is not configured to support act(...)
The current testing environment is not configured to support act(...)
The current testing environment is not configured to support act(...)
The current testing environment is not configured to support act(...)
The current testing environment is not configured to support act(...)
The current testing environment is not configured to support act(...)
The current testing environment is not configured to support act(...)
The current testing environment is not configured to support act(...)
The current testing environment is not configured to support act(...)
The current testing environment is not configured to support act(...)
The current testing environment is not configured to support act(...)
The current testing environment is not configured to support act(...)
The current testing environment is not configured to support act(...)
The current testing environment is not configured to support act(...)
The current testing environment is not configured to support act(...)
The current testing environment is not configured to support act(...)
The current testing environment is not configured to support act(...)
The current testing environment is not configured to support act(...)
The current testing environment is not configured to support act(...)

stderr | src/features/people/people-list-page-interaction.test.tsx > PeopleListPage mobile workflow interactions > opens a prefilled edit form from table row actions
The current testing environment is not configured to support act(...)
The current testing environment is not configured to support act(...)
The current testing environment is not configured to support act(...)
The current testing environment is not configured to support act(...)
The current testing environment is not configured to support act(...)
The current testing environment is not configured to support act(...)
The current testing environment is not configured to support act(...)
The current testing environment is not configured to support act(...)

stderr | src/features/people/people-list-page-interaction.test.tsx > PeopleListPage mobile workflow interactions > exposes the empty-state create action
The current testing environment is not configured to support act(...)

stderr | src/features/people/people-list-page-interaction.test.tsx > PeopleListPage mobile workflow interactions > exposes the empty-state create action
The current testing environment is not configured to support act(...)
The current testing environment is not configured to support act(...)
The current testing environment is not configured to support act(...)
The current testing environment is not configured to support act(...)
The current testing environment is not configured to support act(...)
The current testing environment is not configured to support act(...)
The current testing environment is not configured to support act(...)
The current testing environment is not configured to support act(...)
The current testing environment is not configured to support act(...)
The current testing environment is not configured to support act(...)
The current testing environment is not configured to support act(...)
The current testing environment is not configured to support act(...)

stderr | src/features/people/people-list-page-interaction.test.tsx > PeopleListPage mobile workflow interactions > exposes the empty-state create action
The current testing environment is not configured to support act(...)

stderr | src/features/dashboard/components/dashboard-visuals.test.tsx > dashboard visualization vocabulary > keeps the radial value textual as well as visual and clamps impossible percentages
The current testing environment is not configured to support act(...)
The current testing environment is not configured to support act(...)

stderr | src/features/dashboard/components/dashboard-visuals.test.tsx > dashboard visualization vocabulary > exposes progress values through a progressbar role with the textual value beside it
The current testing environment is not configured to support act(...)

stderr | src/features/dashboard/components/dashboard-visuals.test.tsx > dashboard visualization vocabulary > renders comparison bars with their numeric text alongside the visual
The current testing environment is not configured to support act(...)

stderr | src/features/dashboard/components/dashboard-visuals.test.tsx > dashboard visualization vocabulary > keeps distribution segments explained by a textual legend
The current testing environment is not configured to support act(...)

stderr | src/features/dashboard/components/dashboard-visuals.test.tsx > dashboard visualization vocabulary > marks trend direction accessibly
The current testing environment is not configured to support act(...)


===== SHARD 2/14 — 39 files =====

 RUN  v3.2.7 /home/user/malek/rentrix-app

 ✓ src/lib/brand-contract.test.ts (22 tests) 190ms
 ✓ src/features/auth/permission-catalog-authority.pglite.test.ts (11 tests) 10879ms
   ✓ P0-1 database replay reproduces the authoritative catalog from migrations alone > produces the same catalog whether or not the reference seed is applied  3018ms
   ✓ P0-1 database replay reproduces the authoritative catalog from migrations alone > upgrades a previously seeded settings.manage database without translating legacy authority  3369ms
 ✓ src/features/reports/documents/professional-owner-report.test.ts (17 tests) 7ms
 ✓ src/features/financials/reports/expense-correction-source-control.test.ts (16 tests) 6923ms
   ✓ preserves old posted corrections and refuses to trust pre-upgrade caller snapshot JSON  3419ms
 ✓ src/features/properties/property-service.test.ts (16 tests) 14ms
 ✓ src/features/financials/phase1-omr-precision-reconciliation.test.ts (4 tests) 3116ms
 ✓ src/features/ai-assistant/services/ai-assistant-edge-function.test.ts (15 tests) 12ms
 ✓ src/features/reports/services-report-section.test.tsx (13 tests) 161ms
 ✓ src/features/contracts/lifecycle/contractLifecycleRules.test.ts (14 tests) 4ms
 ✓ src/features/owners/utils/owner-ui-helpers.test.ts (8 tests) 5ms
 ✓ src/app/router/phase3-1-hardening.test.ts (7 tests) 2ms
 ✓ src/features/dashboard/dashboard-data-contract.test.ts (9 tests) 2ms
 ✓ src/features/people/people-service.test.ts (6 tests) 8ms
 ✓ src/app/frontend-design-drift.test.ts (4 tests) 256ms
 ✓ src/features/financials/reconciliation/bank-reconciliation-coverage.test.ts (9 tests) 2ms
 ✓ src/features/finance/finance-hub-workspace-dedup.test.ts (6 tests) 1ms
 ✓ src/features/tenant-portal/tenant-portal-canonical-projection.test.ts (7 tests) 2ms
 ✓ src/components/shared-state-semantics.test.tsx (6 tests) 11ms
 ✓ src/features/settings/settings-hub-chrome.test.ts (7 tests) 1ms
 ✓ src/features/reports/report-product-filter-scope.test.ts (4 tests) 1ms
 ✓ src/features/financials/expenses/expenseService-list.test.ts (3 tests) 4ms
 ✓ src/lib/maintenanceStatus.test.ts (9 tests) 1ms
 ✓ src/features/automation/background-worker-contract.test.ts (4 tests) 1ms
 ✓ src/lib/sitemap-contract.test.ts (4 tests) 4ms
 ✓ src/features/hub-navigation-contract.test.ts (4 tests) 1ms
 ✓ src/features/units/vacancy-aging.test.ts (3 tests) 1ms
 ✓ src/app/navigation/legacy-compatibility.test.ts (3 tests) 6ms
 ✓ src/features/accounting/reports/statements/accountingReportsService.cash-flow.test.ts (2 tests) 14ms
 ✓ src/features/financials/components/invoice-status-labels.test.ts (5 tests) 1ms
 ✓ src/features/auth/change-password-page.test.ts (4 tests) 2ms
 ✓ src/features/contracts/components/contract-table-display.contract.test.ts (4 tests) 1ms
 ✓ src/components/ui/entity-table-mobile-summary.test.ts (3 tests) 0ms
 ✓ src/features/owners/owner-settlement-scope.test.ts (3 tests) 0ms
 ✓ src/features/operations-hub/operations-hub-workspace.test.tsx (7 tests) 1450ms
   ✓ Services workspace > renders one shell titled الصيانة with two routine operational tabs  365ms
   ✓ Services workspace > keeps every service capability in /maintenance with section state  957ms
 ✓ src/features/maintenance/components/maintenance-detail-overlay.test.tsx (8 tests) 196ms
 ✓ src/services/documents/contextualDocumentsService.lifecycle.test.ts (2 tests) 6ms
 ✓ src/services/documents/renderer/latinPdf.test.ts (5 tests) 43ms
 ✓ src/features/financials/reports/report-cache-authority.test.tsx (3 tests) 166ms
 ✓ src/features/financials/invoices/invoice-payment-retry.test.tsx (1 test) 11ms

 Test Files  39 passed (39)
      Tests  278 passed (278)
   Start at  14:18:33
   Duration  27.82s (transform 1.90s, setup 0ms, collect 3.42s, tests 23.51s, environment 264ms, prepare 112ms)

stderr | src/features/reports/documents/professional-owner-report.test.ts
Supabase environment is incomplete. Runtime diagnostics will be shown in UI.

stderr | src/features/reports/services-report-section.test.tsx > ServicesReportSection — payment/review obligations contracts > renders the canonical report pattern from the utilities register
Warning: useRouter must be used inside a <RouterProvider> component!

stderr | src/features/reports/services-report-section.test.tsx > ServicesReportSection — payment/review obligations contracts > surfaces overdue and due-soon urgency with days, from the canonical obligation derivation
Warning: useRouter must be used inside a <RouterProvider> component!

stderr | src/features/reports/services-report-section.test.tsx > ServicesReportSection — payment/review obligations contracts > shows property context and payment evidence
Warning: useRouter must be used inside a <RouterProvider> component!

stderr | src/features/reports/services-report-section.test.tsx > ServicesReportSection — payment/review obligations contracts > derives payment progress and overdue share only from bills in scope
Warning: useRouter must be used inside a <RouterProvider> component!

stderr | src/features/reports/services-report-section.test.tsx > ServicesReportSection — payment/review obligations contracts > keeps responsibility as recorded: outstanding remaining by responsible party
Warning: useRouter must be used inside a <RouterProvider> component!

stderr | src/features/reports/services-report-section.test.tsx > ServicesReportSection — payment/review obligations contracts > ranks the payment priority queue: overdue first, then due soon, then the outstanding total
Warning: useRouter must be used inside a <RouterProvider> component!

stderr | src/features/reports/services-report-section.test.tsx > ServicesReportSection — payment/review obligations contracts > hands off execution to the utilities workspace regardless of export permission
Warning: useRouter must be used inside a <RouterProvider> component!
Warning: useRouter must be used inside a <RouterProvider> component!

stderr | src/features/reports/services-report-section.test.tsx > ServicesReportSection — payment/review obligations contracts > invents nothing when the scope has no bills
Warning: useRouter must be used inside a <RouterProvider> component!

stderr | src/features/financials/reconciliation/bank-reconciliation-coverage.test.ts
Supabase environment is incomplete. Runtime diagnostics will be shown in UI.

stderr | src/features/reports/report-product-filter-scope.test.ts
Supabase environment is incomplete. Runtime diagnostics will be shown in UI.

stderr | src/features/auth/change-password-page.test.ts
Supabase environment is incomplete. Runtime diagnostics will be shown in UI.

stderr | src/features/maintenance/components/maintenance-detail-overlay.test.tsx
Supabase environment is incomplete. Runtime diagnostics will be shown in UI.


===== SHARD 3/14 — 39 files =====

 RUN  v3.2.7 /home/user/malek/rentrix-app

 ✓ src/features/auth/permission-catalog-authority.test.ts (17 tests) 26ms
 ✓ src/features/reports/documents/professional-property-report.test.ts (9 tests) 12ms
 ✓ src/features/ai-assistant/services/ai-assistant-foundation.test.ts (19 tests) 14ms
 ✓ src/features/financials/phase2-invoice-truth.test.ts (9 tests) 4554ms
 ✓ src/features/financials/reports/expense-history-diagnostic.test.ts (12 tests) 5304ms
 ✓ src/app/router/phase3-route-dialog.test.ts (7 tests) 1ms
 ✓ src/features/units/vacancy-analytics.test.ts (4 tests) 3ms
 ✓ src/features/operations-hub/operations-hub.test.ts (8 tests) 1ms
 ✓ src/features/reports/report-route.test.ts (6 tests) 2ms
 ✓ src/features/active-register-inventory-finance-routes.test.ts (3 tests) 1ms
 ✓ src/features/finance/finance-task-first-ux.test.ts (6 tests) 1ms
 ✓ src/services/documents/currencyPrecision.test.ts (9 tests) 38ms
 ✓ src/features/financials/reports/statement-ledger.test.ts (5 tests) 1ms
 ✓ src/lib/malek-brand-contract.test.ts (5 tests) 4ms
 ✓ src/features/service-providers/service-provider-service.test.ts (5 tests) 36ms
 ✓ src/features/financials/invoices/invoice-payment-validation.test.ts (4 tests) 1ms
 ✓ src/features/people/use-people.test.ts (3 tests) 10ms
 ✓ src/features/p1-compact-responsive-registers.test.ts (2 tests) 73ms
 ✓ src/features/owners/owner-settlements-service-listAll.test.ts (2 tests) 6ms
 ✓ src/features/contracts/confirmation-dialogs-ux.test.ts (4 tests) 1ms
 ✓ src/app/navigation/navigation-active-state.test.ts (8 tests) 5ms
 ✓ src/features/financials/expenses/expenses-page.test.ts (3 tests) 1ms
 ✓ src/features/financials/components/quick-payment-form.test.tsx (4 tests) 25ms
 ✓ src/features/interface-entity-table-import.contract.test.ts (2 tests) 63ms
 ✓ src/lib/business-reference.test.ts (10 tests) 1ms
 ✓ src/features/maintenance/components/maintenance-list-display.contract.test.ts (5 tests) 1ms
 ✓ src/features/settings/settings-page.test.ts (3 tests) 1ms
 ✓ src/features/dashboard/dashboard-desktop-workspace.test.ts (4 tests) 1ms
 ✓ src/lib/supabase-client-boundary.test.ts (3 tests) 7ms
 ✓ src/features/properties/property-unit-summary.test.ts (2 tests) 1ms
 ✓ src/features/tenants/phase4-tenant-hub.test.tsx (2 tests) 0ms
 ✓ src/features/financials/reconciliation/bank-reconciliation-date.test.ts (3 tests) 8ms
 ✓ src/features/auth/cross-workspace-affordance-permissions.test.ts (2 tests) 0ms
 ✓ src/features/contracts/phase4-contract-hub.test.tsx (1 test) 0ms
 ✓ src/services/documents/renderer/pdfArtifacts.test.ts (9 tests) 661ms
   ✓ real PDF artifacts > fails closed with a clear Arabic error beyond the page cap, before rendering anything  434ms
 ✓ src/features/command-palette/command-palette.test.tsx (12 tests) 27ms
 ✓ src/components/ui/entity-table.interaction.test.tsx (8 tests) 74ms
 ✓ src/components/ui/action-menu.interaction.test.tsx (4 tests) 65ms
 ✓ src/app/layout/account-permission-status-polish.test.tsx (3 tests) 51ms

 Test Files  39 passed (39)
      Tests  227 passed (227)
   Start at  14:19:01
   Duration  15.94s (transform 1.93s, setup 0ms, collect 3.32s, tests 11.08s, environment 565ms, prepare 246ms)

stderr | src/features/reports/documents/professional-property-report.test.ts
Supabase environment is incomplete. Runtime diagnostics will be shown in UI.

stderr | src/features/reports/report-route.test.ts
Supabase environment is incomplete. Runtime diagnostics will be shown in UI.

stderr | src/features/people/use-people.test.ts
Supabase environment is incomplete. Runtime diagnostics will be shown in UI.

stderr | src/features/financials/expenses/expenses-page.test.ts
Supabase environment is incomplete. Runtime diagnostics will be shown in UI.

stderr | src/components/ui/entity-table.interaction.test.tsx > EntityTable — responsive desktop/tablet table and phone row cards > supports pagination and desktop row activation
The current testing environment is not configured to support act(...)
The current testing environment is not configured to support act(...)

stderr | src/components/ui/entity-table.interaction.test.tsx > EntityTable — responsive desktop/tablet table and phone row cards > keeps a tappable card body plus a fallback more-actions disclosure on phone
The current testing environment is not configured to support act(...)
The current testing environment is not configured to support act(...)
The current testing environment is not configured to support act(...)

stderr | src/components/ui/action-menu.interaction.test.tsx > ActionMenu keyboard contract > keeps a single available action behind the canonical menu trigger
The current testing environment is not configured to support act(...)
The current testing environment is not configured to support act(...)
The current testing environment is not configured to support act(...)
The current testing environment is not configured to support act(...)

stderr | src/components/ui/action-menu.interaction.test.tsx > ActionMenu keyboard contract > keeps a single available action behind the canonical menu trigger
The current testing environment is not configured to support act(...)

stderr | src/components/ui/action-menu.interaction.test.tsx > ActionMenu keyboard contract > uses menu semantics and supports keyboard navigation, escape, selection, and outside dismissal
The current testing environment is not configured to support act(...)
The current testing environment is not configured to support act(...)
The current testing environment is not configured to support act(...)
The current testing environment is not configured to support act(...)
The current testing environment is not configured to support act(...)
The current testing environment is not configured to support act(...)
The current testing environment is not configured to support act(...)
The current testing environment is not configured to support act(...)
The current testing environment is not configured to support act(...)
The current testing environment is not configured to support act(...)

stderr | src/components/ui/action-menu.interaction.test.tsx > ActionMenu keyboard contract > uses menu semantics and supports keyboard navigation, escape, selection, and outside dismissal
The current testing environment is not configured to support act(...)

stderr | src/components/ui/action-menu.interaction.test.tsx > ActionMenu keyboard contract > shields the follow-up click of a double-click from whatever the menu was covering
The current testing environment is not configured to support act(...)
The current testing environment is not configured to support act(...)
The current testing environment is not configured to support act(...)
The current testing environment is not configured to support act(...)
The current testing environment is not configured to support act(...)
The current testing environment is not configured to support act(...)
The current testing environment is not configured to support act(...)

stderr | src/components/ui/action-menu.interaction.test.tsx > ActionMenu keyboard contract > shields the follow-up click of a double-click from whatever the menu was covering
The current testing environment is not configured to support act(...)

stderr | src/components/ui/action-menu.interaction.test.tsx > ActionMenu keyboard contract > opens upward when the trigger sits too close to the bottom of the viewport
The current testing environment is not configured to support act(...)
The current testing environment is not configured to support act(...)
The current testing environment is not configured to support act(...)

stderr | src/components/ui/action-menu.interaction.test.tsx > ActionMenu keyboard contract > opens upward when the trigger sits too close to the bottom of the viewport
The current testing environment is not configured to support act(...)


===== SHARD 4/14 — 39 files =====

 RUN  v3.2.7 /home/user/malek/rentrix-app

 ✓ src/features/contracts/r4-contract-billing-authority-execution.test.ts (7 tests) 4626ms
 ✓ src/services/documents/document-platform.test.ts (9 tests) 32ms
 ✓ src/features/reports/documents/property-report-scope.test.ts (7 tests) 7ms
 ✓ src/features/owners/ownerAgreementService.test.ts (15 tests) 5ms
 ✓ src/features/admin-support/admin-support-operations.test.ts (4 tests) 3331ms
 ✓ src/features/financials/reports/tax-posting-history.test.ts (9 tests) 10173ms
   ✓ preserves configured NON_TAXABLE treatment without inventing a positive rate  3334ms
   ✓ preserves configured VAT_ZERO treatment without inventing a positive rate  3325ms
 ✓ src/features/contracts/contract-activation-authority.test.ts (7 tests) 3103ms
 ✓ src/features/financials/phase3-credit-reversal.test.ts (9 tests) 3742ms
 ✓ src/app/navigation/permission-visibility.test.ts (9 tests) 2ms
 ✓ src/features/interface-register-hierarchy.contract.test.ts (30 tests) 9ms
 ✓ src/features/owner-portal/owner-portal-boundary.test.ts (11 tests) 8ms
 ✓ src/features/financials/invoices/invoice-read-model.test.ts (9 tests) 19ms
 ✓ src/features/ai-assistant/services/ai-assistant-operating-service.test.ts (5 tests) 12ms
 ✓ src/features/financials/expenses/operational-expenses.test.ts (8 tests) 2ms
stderr | src/features/reports/documents/property-report-scope.test.ts
Supabase environment is incomplete. Runtime diagnostics will be shown in UI.

stderr | src/features/owners/ownerAgreementService.test.ts
Supabase environment is incomplete. Runtime diagnostics will be shown in UI.

stderr | src/features/owner-portal/owner-portal-boundary.test.ts
Supabase environment is incomplete. Runtime diagnostics will be shown in UI.


===== SHARD 5/14 — 39 files =====

 RUN  v3.2.7 /home/user/malek/rentrix-app

 ✓ src/features/financials/expenses/owner-expense-source.test.ts (17 tests) 22109ms
   ✓ joins creation, versioned lawful offset, cash recovery and residual settlement without a double deduction  3575ms
   ✓ preserves pre-adoption history and cached expense identity on upgrade  3590ms
   ✓ retains missing pre-upgrade source lineage as an explicit history failure  3395ms
   ✓ closes a fully offset settlement without inventing another cash payout or owner-funds event  3436ms
   ✓ applies an independently approved and validated pre12 S09 plan after upgrade without changing its source  3255ms
 ✓ src/features/auth/permission-workflow.integration.test.ts (7 tests) 3459ms
 ✓ src/app/ux-completion-contract.test.ts (10 tests) 17ms
 ✓ src/features/contracts/contract-attention.test.ts (12 tests) 6ms
 ✓ src/features/commissions/services/commissions-financial.test.ts (6 tests) 3135ms
 ✓ src/services/documents/documentAcceptanceBackend.test.ts (11 tests) 11ms
 ✓ src/features/financials/billing/billing-readiness-batching.test.ts (4 tests) 36ms
 ✓ src/features/owners/owners-crm-bundle.test.tsx (9 tests) 93ms
 ✓ src/features/settings/settingsForm.test.ts (9 tests) 3ms
 ✓ src/app/navigation/phase2-canonical-ia.test.ts (10 tests) 4ms
 ✓ src/lib/money-contract-guard.test.ts (6 tests) 111ms
 ✓ src/features/financials/reports/tenant-statement-persistence.test.ts (8 tests) 3952ms
 ✓ src/features/landing/landing-performance-contract.test.ts (7 tests) 6ms
 ✓ src/features/reports/documents/report-documents.test.ts (4 tests) 2ms
 ✓ src/features/dashboard/dashboard-snapshot.test.ts (5 tests) 3ms
 ✓ src/features/settings/companySettingsService.test.ts (6 tests) 8ms
 ✓ src/components/ui/action-system.test.tsx (8 tests) 9ms
 ✓ src/lib/supabase-error.test.ts (11 tests) 2ms
 ✓ src/features/maintenance/maintenance-attention.test.ts (8 tests) 2ms
 ✓ src/features/reports/accounting-report-authority.test.ts (6 tests) 1ms
 ✓ src/features/reports/reports-canonical-pattern.test.tsx (5 tests) 97ms
 ✓ src/services/dossier-activity-scoping.test.ts (4 tests) 1ms
 ✓ src/features/financials/reports/financial-report-pagination-contract.test.ts (8 tests) 5ms
 ✓ src/lib/companySettings.test.ts (6 tests) 2ms
 ✓ src/features/financials/reconciliation/bank-reconciliation-error-states.test.ts (6 tests) 1ms
 ✓ src/features/admin-support/admin-support-ui-contract.test.ts (4 tests) 2ms
 ✓ src/features/contracts/services/contractService-listAll.test.ts (3 tests) 2ms
 ✓ src/features/financials/invoices/invoice-workspace-focus.test.ts (4 tests) 0ms
 ✓ src/features/tenants/tenantWorkspaceService.arrears.test.ts (15 tests) 1ms
 ✓ src/features/financials/deposits/deposit-command-contract.test.ts (3 tests) 4ms
 ✓ src/features/p4-settings-admin-cleanup.test.ts (2 tests) 2ms
 ✓ src/features/financials/phase5-financials.test.tsx (4 tests) 1ms
 ✓ src/features/owner-portal/portal-spacing.contract.test.ts (1 test) 1ms
 ✓ src/features/auth/effective-route-guard.test.ts (2 tests) 1ms
 ✓ src/features/ai-assistant/services/ai-assistant-production-sync.test.ts (1 test) 1ms
 ✓ src/app/layout/browser-ux-acceptance.test.tsx (11 tests) 68ms
 ✓ src/features/utilities/meter-billing-coverage-workspace.test.tsx (5 tests) 473ms
 ✓ src/features/properties/components/property-form-core-fields.test.tsx (3 tests) 39ms
 ✓ src/components/ui/filter-tabs.test.tsx (4 tests) 8ms

 Test Files  39 passed (39)
      Tests  255 passed (255)
   Start at  14:19:52
   Duration  38.47s (transform 1.99s, setup 0ms, collect 3.58s, tests 33.68s, environment 332ms, prepare 198ms)

stderr | src/features/contracts/contract-attention.test.ts
Supabase environment is incomplete. Runtime diagnostics will be shown in UI.

stderr | src/features/owners/owners-crm-bundle.test.tsx
Supabase environment is incomplete. Runtime diagnostics will be shown in UI.

stderr | src/features/owners/owners-crm-bundle.test.tsx > Approved CRM module views > renders lands as a working module with create action
Warning: useRouter must be used inside a <RouterProvider> component!
Warning: useRouter must be used inside a <RouterProvider> component!

stderr | src/features/reports/accounting-report-authority.test.ts
Supabase environment is incomplete. Runtime diagnostics will be shown in UI.

stderr | src/features/reports/reports-canonical-pattern.test.tsx
Supabase environment is incomplete. Runtime diagnostics will be shown in UI.

stderr | src/features/reports/reports-canonical-pattern.test.tsx > canonical report pattern: Summary → Visual Insight → Detailed Table > overdue report renders summary KPIs, visual progress, insight and detail table
Warning: useRouter must be used inside a <RouterProvider> component!

stderr | src/features/reports/reports-canonical-pattern.test.tsx > canonical report pattern: Summary → Visual Insight → Detailed Table > never hides share/print/export behind the wrong permission state
Warning: useRouter must be used inside a <RouterProvider> component!

stderr | src/services/dossier-activity-scoping.test.ts
Supabase environment is incomplete. Runtime diagnostics will be shown in UI.

stderr | src/features/tenants/tenantWorkspaceService.arrears.test.ts
Supabase environment is incomplete. Runtime diagnostics will be shown in UI.

stderr | src/app/layout/browser-ux-acceptance.test.tsx > WP-06 / GAP-020 Browser & UX Acceptance Hardening > Navigation RTL & active state > active nav item uses logical properties so the indicator state is RTL-safe
React does not recognize the `activeOptions` prop on a DOM element. If you intentionally want it to appear in the DOM as a custom attribute, spell it as lowercase `activeoptions` instead. If you accidentally passed it from a parent component, remove it from the DOM element.

stderr | src/features/utilities/meter-billing-coverage-workspace.test.tsx
Supabase environment is incomplete. Runtime diagnostics will be shown in UI.


===== SHARD 6/14 — 39 files =====

 RUN  v3.2.7 /home/user/malek/rentrix-app

 ✓ src/features/financials/reconciliation/bank-statement-line-governed-writes.pglite.test.ts (10 tests) 4555ms
 ✓ src/features/auth/permissions.test.ts (15 tests) 8ms
 ✓ src/services/documents/documentAcceptanceHarness.test.ts (15 tests) 4ms
 ✓ src/features/owners/OwnersPage.test.tsx (5 tests) 87ms
 ✓ src/app/navigation/route-contract.test.ts (12 tests) 29ms
 ✓ src/features/commissions/services/commissions-service.test.ts (7 tests) 7ms
 ✓ src/features/financials/invoices/invoiceService.pagination.test.ts (3 tests) 22ms
 ✓ src/features/utilities/meter-billing-coverage.test.ts (9 tests) 2ms
 ✓ src/features/contracts/contract-form-workflow.test.ts (7 tests) 1ms
 ✓ src/features/properties/ownership/property-onboarding-readiness.test.tsx (5 tests) 9ms
 ✓ src/features/ai-assistant/ai-assistant-intent.test.ts (7 tests) 4ms
 ✓ src/features/reports/documents/report-period.test.ts (13 tests) 3ms
 ✓ src/lib/money.test.ts (7 tests) 2ms
 ✓ src/features/ai-assistant/services/ai-assistant-quota.test.ts (4 tests) 3306ms
 ✓ src/features/maintenance/maintenance-helpers.test.ts (6 tests) 1ms
 ✓ src/features/financials/deposits/deposit-contract-options.test.ts (8 tests) 1ms
 ✓ src/features/settings/costCenterService.test.ts (5 tests) 11ms
 ✓ src/architecture-guard-v2.test.ts (7 tests) 1ms
 ✓ src/features/financials/product-accounting-decision-gates.test.ts (2 tests) 4ms
 ✓ src/lib/contractStatus.test.ts (8 tests) 2ms
 ✓ src/app/layout/global-day-brand-polish.test.ts (3 tests) 1ms
 ✓ src/features/financials/billing/billing-readiness-presentation.test.ts (4 tests) 1ms
 ✓ src/features/contracts/services/contractService.property.test.ts (3 tests) 2ms
 ✓ src/features/settings/useCompanySettings.test.ts (2 tests) 10ms
 ✓ src/features/auth/granular-authority-patch-preflight.test.ts (3 tests) 1ms
 ✓ src/features/dashboard/financial-performance.test.ts (6 tests) 1ms
 ✓ src/features/p6-detail-dossiers.test.ts (2 tests) 4ms
 ✓ src/features/financials/reports/financial-report-rows.test.ts (7 tests) 1ms
 ✓ src/features/financials/rtl-date-isolation.contract.test.ts (2 tests) 1ms
 ✓ src/features/lands/kpi-loading.contract.test.ts (2 tests) 1ms
 ✓ src/features/reports/reports-collection-efficiency-contract.test.ts (2 tests) 2ms
 ✓ src/lib/toolchain-contract.test.ts (1 test) 5ms
 ✓ src/features/reports/components/operational-priorities-panel.test.ts (1 test) 1ms
 ✓ src/features/owners/owners-page-interaction.test.tsx (3 tests) 276ms
 ✓ src/features/tenants/tenants-page-interaction.test.tsx (3 tests) 90ms
 ✓ src/features/financials/expenses/useExpenses.test.ts (5 tests) 44ms
 ✓ src/components/ui/bottom-sheet.test.tsx (3 tests) 18ms
 ✓ src/components/ui/form-association.a11y.test.tsx (4 tests) 11ms
 ✓ src/store/ui-store.test.ts (3 tests) 1ms

 Test Files  39 passed (39)
      Tests  214 passed (214)
   Start at  14:20:31
   Duration  12.28s (transform 1.59s, setup 0ms, collect 2.93s, tests 8.53s, environment 243ms, prepare 120ms)

stderr | src/features/owners/OwnersPage.test.tsx
Supabase environment is incomplete. Runtime diagnostics will be shown in UI.

stderr | src/features/properties/ownership/property-onboarding-readiness.test.tsx
Supabase environment is incomplete. Runtime diagnostics will be shown in UI.

stderr | src/features/owners/owners-page-interaction.test.tsx > OwnersPage actual owner-model mobile workflow interactions > opens the owner create form from the header and shows inline Arabic validation
The current testing environment is not configured to support act(...)

stderr | src/features/owners/owners-page-interaction.test.tsx > OwnersPage actual owner-model mobile workflow interactions > opens the owner create form from the header and shows inline Arabic validation
The current testing environment is not configured to support act(...)
The current testing environment is not configured to support act(...)
The current testing environment is not configured to support act(...)
The current testing environment is not configured to support act(...)
The current testing environment is not configured to support act(...)

stderr | src/features/owners/owners-page-interaction.test.tsx > OwnersPage actual owner-model mobile workflow interactions > opens the owner create form from the header and shows inline Arabic validation
The current testing environment is not configured to support act(...)

stderr | src/features/owners/owners-page-interaction.test.tsx > OwnersPage actual owner-model mobile workflow interactions > opens the owner create form from the header and shows inline Arabic validation
The current testing environment is not configured to support act(...)
The current testing environment is not configured to support act(...)
The current testing environment is not configured to support act(...)
The current testing environment is not configured to support act(...)
The current testing environment is not configured to support act(...)
The current testing environment is not configured to support act(...)
The current testing environment is not configured to support act(...)
The current testing environment is not configured to support act(...)
The current testing environment is not configured to support act(...)
The current testing environment is not configured to support act(...)
The current testing environment is not configured to support act(...)
The current testing environment is not configured to support act(...)
The current testing environment is not configured to support act(...)
The current testing environment is not configured to support act(...)
The current testing environment is not configured to support act(...)
The current testing environment is not configured to support act(...)
The current testing environment is not configured to support act(...)
The current testing environment is not configured to support act(...)
The current testing environment is not configured to support act(...)
The current testing environment is not configured to support act(...)
The current testing environment is not configured to support act(...)
The current testing environment is not configured to support act(...)
The current testing environment is not configured to support act(...)
The current testing environment is not configured to support act(...)
The current testing environment is not configured to support act(...)
The current testing environment is not configured to support act(...)
The current testing environment is not configured to support act(...)
The current testing environment is not configured to support act(...)
The current testing environment is not configured to support act(...)
The current testing environment is not configured to support act(...)
The current testing environment is not configured to support act(...)
The current testing environment is not configured to support act(...)
The current testing environment is not configured to support act(...)
The current testing environment is not configured to support act(...)
The current testing environment is not configured to support act(...)
The current testing environment is not configured to support act(...)
The current testing environment is not configured to support act(...)
The current testing environment is not configured to support act(...)
The current testing environment is not configured to support act(...)
The current testing environment is not configured to support act(...)
The current testing environment is not configured to support act(...)
The current testing environment is not configured to support act(...)
The current testing environment is not configured to support act(...)
The current testing environment is not configured to support act(...)
The current testing environment is not configured to support act(...)

stderr | src/features/owners/owners-page-interaction.test.tsx > OwnersPage actual owner-model mobile workflow interactions > opens the owner create form from the header and shows inline Arabic validation
The current testing environment is not configured to support act(...)
The current testing environment is not configured to support act(...)
The current testing environment is not configured to support act(...)
The current testing environment is not configured to support act(...)
The current testing environment is not configured to support act(...)
The current testing environment is not configured to support act(...)
The current testing environment is not configured to support act(...)
The current testing environment is not configured to support act(...)
The current testing environment is not configured to support act(...)
The current testing environment is not configured to support act(...)
The current testing environment is not configured to support act(...)
The current testing environment is not configured to support act(...)
The current testing environment is not configured to support act(...)
The current testing environment is not configured to support act(...)
The current testing environment is not configured to support act(...)
The current testing environment is not configured to support act(...)

stderr | src/features/owners/owners-page-interaction.test.tsx > OwnersPage actual owner-model mobile workflow interactions > opens the owner create form from the header and shows inline Arabic validation
The current testing environment is not configured to support act(...)
The current testing environment is not configured to support act(...)
The current testing environment is not configured to support act(...)
The current testing environment is not configured to support act(...)
The current testing environment is not configured to support act(...)
The current testing environment is not configured to support act(...)
The current testing environment is not configured to support act(...)
The current testing environment is not configured to support act(...)

stderr | src/features/owners/owners-page-interaction.test.tsx > OwnersPage actual owner-model mobile workflow interactions > exposes preview, full-file, and edit actions in the shared table
The current testing environment is not configured to support act(...)

stderr | src/features/owners/owners-page-interaction.test.tsx > OwnersPage actual owner-model mobile workflow interactions > exposes preview, full-file, and edit actions in the shared table
The current testing environment is not configured to support act(...)
The current testing environment is not configured to support act(...)
The current testing environment is not configured to support act(...)
The current testing environment is not configured to support act(...)
The current testing environment is not configured to support act(...)

stderr | src/features/owners/owners-page-interaction.test.tsx > OwnersPage actual owner-model mobile workflow interactions > exposes preview, full-file, and edit actions in the shared table
The current testing environment is not configured to support act(...)

stderr | src/features/owners/owners-page-interaction.test.tsx > OwnersPage actual owner-model mobile workflow interactions > exposes preview, full-file, and edit actions in the shared table
The current testing environment is not configured to support act(...)

stderr | src/features/owners/owners-page-interaction.test.tsx > OwnersPage actual owner-model mobile workflow interactions > exposes preview, full-file, and edit actions in the shared table
The current testing environment is not configured to support act(...)
The current testing environment is not configured to support act(...)
The current testing environment is not configured to support act(...)
The current testing environment is not configured to support act(...)
The current testing environment is not configured to support act(...)
The current testing environment is not configured to support act(...)
The current testing environment is not configured to support act(...)
The current testing environment is not configured to support act(...)
The current testing environment is not configured to support act(...)
The current testing environment is not configured to support act(...)
The current testing environment is not configured to support act(...)
The current testing environment is not configured to support act(...)
The current testing environment is not configured to support act(...)
The current testing environment is not configured to support act(...)
The current testing environment is not configured to support act(...)
The current testing environment is not configured to support act(...)
The current testing environment is not configured to support act(...)
The current testing environment is not configured to support act(...)
The current testing environment is not configured to support act(...)
The current testing environment is not configured to support act(...)
The current testing environment is not configured to support act(...)
The current testing environment is not configured to support act(...)
The current testing environment is not configured to support act(...)
The current testing environment is not configured to support act(...)
The current testing environment is not configured to support act(...)
The current testing environment is not configured to support act(...)
The current testing environment is not configured to support act(...)
The current testing environment is not configured to support act(...)
The current testing environment is not configured to support act(...)
The current testing environment is not configured to support act(...)
The current testing environment is not configured to support act(...)
The current testing environment is not configured to support act(...)
The current testing environment is not configured to support act(...)
The current testing environment is not configured to support act(...)
The current testing environment is not configured to support act(...)
The current testing environment is not configured to support act(...)
The current testing environment is not configured to support act(...)
The current testing environment is not configured to support act(...)
The current testing environment is not configured to support act(...)
The current testing environment is not configured to support act(...)
The current testing environment is not configured to support act(...)
The current testing environment is not configured to support act(...)
The current testing environment is not configured to support act(...)
The current testing environment is not configured to support act(...)
The current testing environment is not configured to support act(...)
The current testing environment is not configured to support act(...)
The current testing environment is not configured to support act(...)
The current testing environment is not configured to support act(...)
The current testing environment is not configured to support act(...)
The current testing environment is not configured to support act(...)

stderr | src/features/owners/owners-page-interaction.test.tsx > OwnersPage actual owner-model mobile workflow interactions > exposes preview, full-file, and edit actions in the shared table
The current testing environment is not configured to support act(...)
The current testing environment is not configured to support act(...)
The current testing environment is not configured to support act(...)
The current testing environment is not configured to support act(...)
The current testing environment is not configured to support act(...)
The current testing environment is not configured to support act(...)
The current testing environment is not configured to support act(...)
The current testing environment is not configured to support act(...)

stderr | src/features/owners/owners-page-interaction.test.tsx > OwnersPage actual owner-model mobile workflow interactions > exposes the empty-state create action
The current testing environment is not configured to support act(...)

stderr | src/features/owners/owners-page-interaction.test.tsx > OwnersPage actual owner-model mobile workflow interactions > exposes the empty-state create action
The current testing environment is not configured to support act(...)
The current testing environment is not configured to support act(...)
The current testing environment is not configured to support act(...)
The current testing environment is not configured to support act(...)
The current testing environment is not configured to support act(...)

stderr | src/features/owners/owners-page-interaction.test.tsx > OwnersPage actual owner-model mobile workflow interactions > exposes the empty-state create action
The current testing environment is not configured to support act(...)

stderr | src/features/tenants/tenants-page-interaction.test.tsx
Supabase environment is incomplete. Runtime diagnostics will be shown in UI.

stderr | src/features/tenants/tenants-page-interaction.test.tsx > TenantsPage shared person mobile workflow interactions > opens the tenant create form from the header using the shared person workflow
The current testing environment is not configured to support act(...)

stderr | src/features/tenants/tenants-page-interaction.test.tsx > TenantsPage shared person mobile workflow interactions > opens the tenant create form from the header using the shared person workflow
The current testing environment is not configured to support act(...)
The current testing environment is not configured to support act(...)
The current testing environment is not configured to support act(...)

stderr | src/features/tenants/tenants-page-interaction.test.tsx > TenantsPage shared person mobile workflow interactions > opens the tenant create form from the header using the shared person workflow
The current testing environment is not configured to support act(...)

stderr | src/features/tenants/tenants-page-interaction.test.tsx > TenantsPage shared person mobile workflow interactions > opens the tenant create form from the header using the shared person workflow
The current testing environment is not configured to support act(...)

stderr | src/features/tenants/tenants-page-interaction.test.tsx > TenantsPage shared person mobile workflow interactions > opens edit from the register and keeps all domain links accessible
The current testing environment is not configured to support act(...)

stderr | src/features/tenants/tenants-page-interaction.test.tsx > TenantsPage shared person mobile workflow interactions > opens edit from the register and keeps all domain links accessible
The current testing environment is not configured to support act(...)
The current testing environment is not configured to support act(...)
The current testing environment is not configured to support act(...)

stderr | src/features/tenants/tenants-page-interaction.test.tsx > TenantsPage shared person mobile workflow interactions > opens edit from the register and keeps all domain links accessible
The current testing environment is not configured to support act(...)

stderr | src/features/tenants/tenants-page-interaction.test.tsx > TenantsPage shared person mobile workflow interactions > opens edit from the register and keeps all domain links accessible
The current testing environment is not configured to support act(...)

stderr | src/features/tenants/tenants-page-interaction.test.tsx > TenantsPage shared person mobile workflow interactions > opens edit from the register and keeps all domain links accessible
The current testing environment is not configured to support act(...)
The current testing environment is not configured to support act(...)
The current testing environment is not configured to support act(...)

stderr | src/features/tenants/tenants-page-interaction.test.tsx > TenantsPage shared person mobile workflow interactions > opens edit from the register and keeps all domain links accessible
The current testing environment is not configured to support act(...)

stderr | src/features/tenants/tenants-page-interaction.test.tsx > TenantsPage shared person mobile workflow interactions > exposes an empty-state create action
The current testing environment is not configured to support act(...)

stderr | src/features/tenants/tenants-page-interaction.test.tsx > TenantsPage shared person mobile workflow interactions > exposes an empty-state create action
The current testing environment is not configured to support act(...)
The current testing environment is not configured to support act(...)
The current testing environment is not configured to support act(...)

stderr | src/features/tenants/tenants-page-interaction.test.tsx > TenantsPage shared person mobile workflow interactions > exposes an empty-state create action
The current testing environment is not configured to support act(...)

stderr | src/components/ui/bottom-sheet.test.tsx > BottomSheet mobile interaction contract > portals to the document, tracks the visual viewport, locks scroll, and focuses the first form control
The current testing environment is not configured to support act(...)

stderr | src/components/ui/bottom-sheet.test.tsx > BottomSheet mobile interaction contract > portals to the document, tracks the visual viewport, locks scroll, and focuses the first form control
The current testing environment is not configured to support act(...)

stderr | src/components/ui/bottom-sheet.test.tsx > BottomSheet mobile interaction contract > exposes a tappable grab handle without decorative entrance animation classes
The current testing environment is not configured to support act(...)

stderr | src/components/ui/bottom-sheet.test.tsx > BottomSheet mobile interaction contract > exposes a tappable grab handle without decorative entrance animation classes
The current testing environment is not configured to support act(...)

stderr | src/components/ui/bottom-sheet.test.tsx > BottomSheet mobile interaction contract > restores document scroll ownership after the sheet leaves the tree
The current testing environment is not configured to support act(...)
The current testing environment is not configured to support act(...)

stderr | src/components/ui/bottom-sheet.test.tsx > BottomSheet mobile interaction contract > restores document scroll ownership after the sheet leaves the tree
The current testing environment is not configured to support act(...)


===== SHARD 7/14 — 39 files =====

 RUN  v3.2.7 /home/user/malek/rentrix-app

 ✓ src/features/financials/rc1-business-rules-closeout.test.ts (10 tests) 4663ms
 ✓ src/features/owners/r2-owner-financial-position-execution.test.ts (9 tests) 3393ms
 ✓ src/features/contracts/services/contractService.test.ts (27 tests) 48ms
 ✓ src/features/financials/billing/billing-readiness-service.test.ts (13 tests) 2ms
 ✓ src/features/financials/tax-authority/tax-authority-service.test.ts (10 tests) 2ms
 ✓ src/features/ai-assistant/ai-assistant-navigation.test.ts (10 tests) 4ms
 ✓ src/features/financials/reconciliation/bank-statement-line-granular-permission.pglite.test.ts (5 tests) 3261ms
 ✓ src/features/p6b-owner-property-dossier-completion.test.ts (10 tests) 4ms
 ✓ src/services/documents/documentBoundaryRules.test.ts (28 tests) 7ms
 ✓ src/features/lands/land-schema.test.ts (12 tests) 10ms
 ✓ src/features/settings/document-readiness-gate.test.ts (13 tests) 13ms
 ✓ src/features/owners/authoritative-property-ownership-runtime.test.ts (3 tests) 3332ms
 ✓ src/lib/whatsapp-share.test.ts (13 tests) 9ms
 ✓ src/features/commissions/ux049-commission-source-selector.test.ts (8 tests) 2ms
 ✓ src/styles/mobile-unification-contract.test.ts (5 tests) 3ms
 ✓ src/components/ui/button-action-contract.test.ts (1 test) 841ms
   ✓ application button action contract > does not leave inert Button components in production pages  840ms
 ✓ src/features/supabase-data-visibility/critical-page-states.test.ts (7 tests) 2ms
 ✓ src/features/reports/expenses-section.test.ts (6 tests) 1ms
 ✓ src/features/financials/reports/financial-report-rpc-boundary.test.ts (4 tests) 1ms
 ✓ src/components/cross-workspace-stale-safety.test.ts (5 tests) 1ms
 ✓ src/features/ui-mobile-architecture-reset.test.ts (4 tests) 1ms
 ✓ src/features/financials/invoices/invoiceService.property.test.ts (1 test) 22ms
 ✓ src/features/dashboard/maintenance-follow-up-signal.test.ts (4 tests) 1ms
 ✓ src/features/properties/ownership/property-onboarding-workflow.test.ts (3 tests) 1ms
 ✓ src/components/ui/kpi-card.test.tsx (6 tests) 20ms
 ✓ src/app/navigation/route-nav-map.test.ts (7 tests) 1ms
 ✓ src/features/contracts/contract-schedule-preview.test.ts (3 tests) 1ms
 ✓ src/features/reports/reports-collection-efficiency.test.ts (3 tests) 1ms
 ✓ src/features/auth/portal-link-permissions.test.ts (3 tests) 1ms
 ✓ src/features/maintenance/maintenance-provider-selection.test.ts (3 tests) 1ms
 ✓ src/lib/csvExport.test.ts (5 tests) 1ms
 ✓ src/lib/numberToArabicWords.test.ts (3 tests) 1ms
 ✓ src/features/auth/granular-employee-permission-projection.test.ts (2 tests) 1ms
 ✓ src/features/ai-assistant/services/ai-assistant-service.test.ts (3 tests) 1ms
 ✓ src/features/utilities/utilities-bill-archive-confirm.test.tsx (6 tests) 565ms
 ✓ src/features/reports/components/property-analytics-presentation.test.tsx (7 tests) 98ms
 ✓ src/features/financials/finance-status-mapping.test.tsx (6 tests) 16ms
 ✓ src/app/layout/layout-navigation-interactions.visual-wave-1.test.tsx (2 tests) 64ms
 ✓ src/features/financials/deposits/deposit-controller-retry.test.tsx (1 test) 13ms

 Test Files  39 passed (39)
      Tests  271 passed (271)
   Start at  14:20:44
   Duration  20.62s (transform 1.53s, setup 0ms, collect 3.30s, tests 16.41s, environment 306ms, prepare 125ms)

stderr | src/features/maintenance/maintenance-provider-selection.test.ts
Supabase environment is incomplete. Runtime diagnostics will be shown in UI.

stderr | src/features/utilities/utilities-bill-archive-confirm.test.tsx
Supabase environment is incomplete. Runtime diagnostics will be shown in UI.

stderr | src/features/reports/components/property-analytics-presentation.test.tsx
Supabase environment is incomplete. Runtime diagnostics will be shown in UI.
GoTrueClient@rentrix-auth-session:1 (2.105.1) 2026-09-09T14:21:04.632Z Multiple GoTrueClient instances detected in the same browser context. It is not an error, but this should be avoided as it may produce undefined behavior when used concurrently under the same storage key.

stderr | src/app/layout/layout-navigation-interactions.visual-wave-1.test.tsx
Supabase environment is incomplete. Runtime diagnostics will be shown in UI.
GoTrueClient@rentrix-auth-session:2 (2.105.1) 2026-09-09T14:21:05.053Z Multiple GoTrueClient instances detected in the same browser context. It is not an error, but this should be avoided as it may produce undefined behavior when used concurrently under the same storage key.

stderr | src/features/financials/deposits/deposit-controller-retry.test.tsx
Supabase environment is incomplete. Runtime diagnostics will be shown in UI.
GoTrueClient@rentrix-auth-session:3 (2.105.1) 2026-09-09T14:21:05.252Z Multiple GoTrueClient instances detected in the same browser context. It is not an error, but this should be avoided as it may produce undefined behavior when used concurrently under the same storage key.


===== SHARD 8/14 — 39 files =====

 RUN  v3.2.7 /home/user/malek/rentrix-app

 ✓ src/features/ai-assistant/services/ai-context-reader.test.ts (10 tests) 110ms
 ✓ src/features/financials/tax-authority/tax-readiness-boundary.pglite.test.ts (13 tests) 4353ms
 ✓ src/features/financials/deposits/deposit-persistence.test.ts (13 tests) 3198ms
 ✓ src/services/documents/documentEngine.canonical.test.ts (13 tests) 20ms
 ✓ src/features/owners/r7-party-identity-execution.test.ts (6 tests) 3240ms
 ✓ src/features/dashboard/needs-attention-signal.test.ts (7 tests) 2ms
 ✓ src/features/financials/billing/billing-schedule-behavior.test.ts (19 tests) 2ms
 ✓ src/features/reports/maintenance-report-section.test.tsx (13 tests) 101ms
 ✓ src/features/financials/invoices/invoiceService.test.ts (6 tests) 23ms
 ✓ src/features/auth/r5-authorization-matrix.test.ts (120 tests) 11ms
 ✓ src/features/owners/components/OwnerSettlementWorkspace.test.tsx (6 tests) 22ms
 ✓ src/features/units/unit-service.test.ts (12 tests) 7ms
 ✓ src/features/communication/communication-schema.test.ts (7 tests) 10ms
 ✓ src/features/financials/reconciliation/bankCsvImportService.test.ts (6 tests) 7ms
 ✓ src/features/lands/services/lands-service.test.ts (13 tests) 5ms
 ✓ src/features/contracts/contract-unit-options.test.ts (7 tests) 5ms
 ✓ src/features/auth/granular-employee-permissions.test.ts (4 tests) 1ms
 ✓ src/components/data-refresh-reliability.test.tsx (5 tests) 3ms
 ✓ src/features/maintenance/maintenance-runtime-wiring.contract.test.ts (5 tests) 1ms
 ✓ src/features/financials/rc1-commission-deal-identity.test.ts (4 tests) 3063ms
 ✓ src/test/db-contract/contract-writes-bypass.test.ts (4 tests) 112ms
 ✓ src/features/system/platform-security-contract.test.ts (4 tests) 4ms
 ✓ src/features/p6c-person-tenant-dossier-consistency.test.ts (5 tests) 2ms
 ✓ src/features/financials/financial-readiness-gates.test.ts (2 tests) 1ms
 ✓ src/features/contracts/services/unitAvailabilityService.test.ts (3 tests) 2ms
 ✓ src/features/reports/reports-filter-summary.test.ts (2 tests) 1ms
 ✓ src/app/navigation/route-tree-paths.test.ts (5 tests) 7ms
 ✓ src/lib/data/crud-write-error.test.ts (3 tests) 1ms
 ✓ src/components/ui/button.test.tsx (4 tests) 8ms
 ✓ src/lib/xlsx-export.test.ts (2 tests) 1ms
 ✓ src/lib/operational-form-routes.test.ts (26 tests) 1ms
 ✓ src/features/financials/reports/financial-statements-service.test.ts (9 tests) 3ms
 ✓ src/features/properties/properties-controller-regression.test.tsx (11 tests) 721ms
 ✓ src/features/ai-assistant/ai-assistant-page-copilot.test.tsx (5 tests) 1340ms
   ✓ AiAssistantPage contextual copilot UI > surfaces a contextual quick action on a property page and sends the validated surface context  547ms
   ✓ AiAssistantPage contextual copilot UI > degrades to a null entity when the routed id cannot be verified  542ms
 ✓ src/features/settings/form/sectionDrafts.test.ts (7 tests) 6ms
 ✓ src/features/utilities/utilities-operational-obligations.test.tsx (5 tests) 308ms
 ✓ src/features/reports/components/property-analytics-professional-report.test.tsx (5 tests) 183ms
 ✓ src/components/ui/mobile-visual-hierarchy.test.tsx (2 tests) 9ms
 ✓ src/app/layout/layout-navigation-view.visual-wave-1.test.tsx (3 tests) 110ms

 Test Files  39 passed (39)
      Tests  396 passed (396)
   Start at  14:21:05
   Duration  21.69s (transform 2.03s, setup 0ms, collect 3.79s, tests 17.00s, environment 253ms, prepare 110ms)

stderr | src/features/reports/maintenance-report-section.test.tsx
Supabase environment is incomplete. Runtime diagnostics will be shown in UI.

stderr | src/features/reports/maintenance-report-section.test.tsx > MaintenanceReportSection — operational attention contracts > renders the canonical report pattern and the attention panel that answers "what needs attention now"
Warning: useRouter must be used inside a <RouterProvider> component!

stderr | src/features/reports/maintenance-report-section.test.tsx > MaintenanceReportSection — operational attention contracts > never counts cancelled work as completed or in the completion denominator
Warning: useRouter must be used inside a <RouterProvider> component!

stderr | src/features/reports/maintenance-report-section.test.tsx > MaintenanceReportSection — operational attention contracts > derives the urgent backlog from the active workload only
Warning: useRouter must be used inside a <RouterProvider> component!

stderr | src/features/reports/maintenance-report-section.test.tsx > MaintenanceReportSection — operational attention contracts > shows maintenance-recorded cost as its own source, never merged with posted expenses
Warning: useRouter must be used inside a <RouterProvider> component!

stderr | src/features/reports/maintenance-report-section.test.tsx > MaintenanceReportSection — operational attention contracts > hands every active request to the maintenance screen for execution
Warning: useRouter must be used inside a <RouterProvider> component!

stderr | src/features/reports/maintenance-report-section.test.tsx > MaintenanceReportSection — operational attention contracts > does not invent a completion ratio when every request is cancelled
Warning: useRouter must be used inside a <RouterProvider> component!

stderr | src/features/reports/maintenance-report-section.test.tsx > MaintenanceReportSection — operational attention contracts > keeps share, print and export behind the export permission
Warning: useRouter must be used inside a <RouterProvider> component!

stderr | src/features/owners/components/OwnerSettlementWorkspace.test.tsx
Supabase environment is incomplete. Runtime diagnostics will be shown in UI.

stderr | src/features/financials/financial-readiness-gates.test.ts
Supabase environment is incomplete. Runtime diagnostics will be shown in UI.

stderr | src/features/properties/properties-controller-regression.test.tsx > PropertiesListPage controller regression > renders the count badge with total count
The current testing environment is not configured to support act(...)

stderr | src/features/properties/properties-controller-regression.test.tsx > PropertiesListPage controller regression > renders the count badge with total count
The current testing environment is not configured to support act(...)
The current testing environment is not configured to support act(...)
The current testing environment is not configured to support act(...)
The current testing environment is not configured to support act(...)
The current testing environment is not configured to support act(...)
The current testing environment is not configured to support act(...)
The current testing environment is not configured to support act(...)
The current testing environment is not configured to support act(...)
The current testing environment is not configured to support act(...)
The current testing environment is not configured to support act(...)
The current testing environment is not configured to support act(...)
The current testing environment is not configured to support act(...)
The current testing environment is not configured to support act(...)

stderr | src/features/properties/properties-controller-regression.test.tsx > PropertiesListPage controller regression > renders the count badge with total count
The current testing environment is not configured to support act(...)

stderr | src/features/properties/properties-controller-regression.test.tsx > PropertiesListPage controller regression > renders zero count badge when no properties
The current testing environment is not configured to support act(...)

stderr | src/features/properties/properties-controller-regression.test.tsx > PropertiesListPage controller regression > renders zero count badge when no properties
The current testing environment is not configured to support act(...)
The current testing environment is not configured to support act(...)
The current testing environment is not configured to support act(...)
The current testing environment is not configured to support act(...)
The current testing environment is not configured to support act(...)
The current testing environment is not configured to support act(...)
The current testing environment is not configured to support act(...)
The current testing environment is not configured to support act(...)
The current testing environment is not configured to support act(...)
The current testing environment is not configured to support act(...)
The current testing environment is not configured to support act(...)
The current testing environment is not configured to support act(...)
The current testing environment is not configured to support act(...)

stderr | src/features/properties/properties-controller-regression.test.tsx > PropertiesListPage controller regression > renders zero count badge when no properties
The current testing environment is not configured to support act(...)

stderr | src/features/properties/properties-controller-regression.test.tsx > PropertiesListPage controller regression > renders desktop rows plus the shared mobile card register
The current testing environment is not configured to support act(...)

stderr | src/features/properties/properties-controller-regression.test.tsx > PropertiesListPage controller regression > renders desktop rows plus the shared mobile card register
The current testing environment is not configured to support act(...)
The current testing environment is not configured to support act(...)
The current testing environment is not configured to support act(...)
The current testing environment is not configured to support act(...)
The current testing environment is not configured to support act(...)
The current testing environment is not configured to support act(...)
The current testing environment is not configured to support act(...)
The current testing environment is not configured to support act(...)
The current testing environment is not configured to support act(...)
The current testing environment is not configured to support act(...)
The current testing environment is not configured to support act(...)
The current testing environment is not configured to support act(...)
The current testing environment is not configured to support act(...)

stderr | src/features/properties/properties-controller-regression.test.tsx > PropertiesListPage controller regression > renders desktop rows plus the shared mobile card register
The current testing environment is not configured to support act(...)

stderr | src/features/properties/properties-controller-regression.test.tsx > PropertiesListPage controller regression > opens create modal and shows agreement fields
The current testing environment is not configured to support act(...)

stderr | src/features/properties/properties-controller-regression.test.tsx > PropertiesListPage controller regression > opens create modal and shows agreement fields
The current testing environment is not configured to support act(...)
The current testing environment is not configured to support act(...)
The current testing environment is not configured to support act(...)
The current testing environment is not configured to support act(...)
The current testing environment is not configured to support act(...)
The current testing environment is not configured to support act(...)
The current testing environment is not configured to support act(...)
The current testing environment is not configured to support act(...)
The current testing environment is not configured to support act(...)
The current testing environment is not configured to support act(...)
The current testing environment is not configured to support act(...)
The current testing environment is not configured to support act(...)
The current testing environment is not configured to support act(...)

stderr | src/features/properties/properties-controller-regression.test.tsx > PropertiesListPage controller regression > opens create modal and shows agreement fields
The current testing environment is not configured to support act(...)

stderr | src/features/properties/properties-controller-regression.test.tsx > PropertiesListPage controller regression > opens create modal and shows agreement fields
The current testing environment is not configured to support act(...)
The current testing environment is not configured to support act(...)
The current testing environment is not configured to support act(...)
The current testing environment is not configured to support act(...)
The current testing environment is not configured to support act(...)
The current testing environment is not configured to support act(...)
The current testing environment is not configured to support act(...)
The current testing environment is not configured to support act(...)
The current testing environment is not configured to support act(...)
The current testing environment is not configured to support act(...)
The current testing environment is not configured to support act(...)
The current testing environment is not configured to support act(...)
The current testing environment is not configured to support act(...)
The current testing environment is not configured to support act(...)
The current testing environment is not configured to support act(...)
The current testing environment is not configured to support act(...)
The current testing environment is not configured to support act(...)
The current testing environment is not configured to support act(...)
The current testing environment is not configured to support act(...)
The current testing environment is not configured to support act(...)
The current testing environment is not configured to support act(...)
The current testing environment is not configured to support act(...)
The current testing environment is not configured to support act(...)
The current testing environment is not configured to support act(...)
The current testing environment is not configured to support act(...)
The current testing environment is not configured to support act(...)
The current testing environment is not configured to support act(...)
The current testing environment is not configured to support act(...)
The current testing environment is not configured to support act(...)
The current testing environment is not configured to support act(...)
The current testing environment is not configured to support act(...)
The current testing environment is not configured to support act(...)
The current testing environment is not configured to support act(...)
The current testing environment is not configured to support act(...)
The current testing environment is not configured to support act(...)
The current testing environment is not configured to support act(...)
The current testing environment is not configured to support act(...)
The current testing environment is not configured to support act(...)
The current testing environment is not configured to support act(...)
The current testing environment is not configured to support act(...)
The current testing environment is not configured to support act(...)
The current testing environment is not configured to support act(...)
The current testing environment is not configured to support act(...)
The current testing environment is not configured to support act(...)

stderr | src/features/properties/properties-controller-regression.test.tsx > PropertiesListPage controller regression > opens create modal and shows agreement fields
The current testing environment is not configured to support act(...)
The current testing environment is not configured to support act(...)
The current testing environment is not configured to support act(...)
The current testing environment is not configured to support act(...)
The current testing environment is not configured to support act(...)
The current testing environment is not configured to support act(...)
The current testing environment is not configured to support act(...)
The current testing environment is not configured to support act(...)

stderr | src/features/properties/properties-controller-regression.test.tsx > PropertiesListPage controller regression > closes create modal when onOpenChange fires with false
The current testing environment is not configured to support act(...)

stderr | src/features/properties/properties-controller-regression.test.tsx > PropertiesListPage controller regression > closes create modal when onOpenChange fires with false
The current testing environment is not configured to support act(...)
The current testing environment is not configured to support act(...)
The current testing environment is not configured to support act(...)
The current testing environment is not configured to support act(...)
The current testing environment is not configured to support act(...)
The current testing environment is not configured to support act(...)
The current testing environment is not configured to support act(...)
The current testing environment is not configured to support act(...)
The current testing environment is not configured to support act(...)
The current testing environment is not configured to support act(...)
The current testing environment is not configured to support act(...)
The current testing environment is not configured to support act(...)
The current testing environment is not configured to support act(...)

stderr | src/features/properties/properties-controller-regression.test.tsx > PropertiesListPage controller regression > closes create modal when onOpenChange fires with false
The current testing environment is not configured to support act(...)

stderr | src/features/properties/properties-controller-regression.test.tsx > PropertiesListPage controller regression > closes create modal when onOpenChange fires with false
The current testing environment is not configured to support act(...)
The current testing environment is not configured to support act(...)
The current testing environment is not configured to support act(...)
The current testing environment is not configured to support act(...)
The current testing environment is not configured to support act(...)
The current testing environment is not configured to support act(...)
The current testing environment is not configured to support act(...)
The current testing environment is not configured to support act(...)
The current testing environment is not configured to support act(...)
The current testing environment is not configured to support act(...)
The current testing environment is not configured to support act(...)
The current testing environment is not configured to support act(...)
The current testing environment is not configured to support act(...)
The current testing environment is not configured to support act(...)
The current testing environment is not configured to support act(...)
The current testing environment is not configured to support act(...)
The current testing environment is not configured to support act(...)
The current testing environment is not configured to support act(...)
The current testing environment is not configured to support act(...)
The current testing environment is not configured to support act(...)
The current testing environment is not configured to support act(...)
The current testing environment is not configured to support act(...)
The current testing environment is not configured to support act(...)
The current testing environment is not configured to support act(...)
The current testing environment is not configured to support act(...)
The current testing environment is not configured to support act(...)
The current testing environment is not configured to support act(...)
The current testing environment is not configured to support act(...)
The current testing environment is not configured to support act(...)
The current testing environment is not configured to support act(...)
The current testing environment is not configured to support act(...)
The current testing environment is not configured to support act(...)
The current testing environment is not configured to support act(...)
The current testing environment is not configured to support act(...)
The current testing environment is not configured to support act(...)
The current testing environment is not configured to support act(...)
The current testing environment is not configured to support act(...)
The current testing environment is not configured to support act(...)
The current testing environment is not configured to support act(...)
The current testing environment is not configured to support act(...)
The current testing environment is not configured to support act(...)
The current testing environment is not configured to support act(...)
The current testing environment is not configured to support act(...)
The current testing environment is not configured to support act(...)

stderr | src/features/properties/properties-controller-regression.test.tsx > PropertiesListPage controller regression > closes create modal when onOpenChange fires with false
The current testing environment is not configured to support act(...)
The current testing environment is not configured to support act(...)
The current testing environment is not configured to support act(...)
The current testing environment is not configured to support act(...)
The current testing environment is not configured to support act(...)
The current testing environment is not configured to support act(...)
The current testing environment is not configured to support act(...)
The current testing environment is not configured to support act(...)

stderr | src/features/properties/properties-controller-regression.test.tsx > PropertiesListPage controller regression > opens the quick preview from table row click (never row navigation)
The current testing environment is not configured to support act(...)

stderr | src/features/properties/properties-controller-regression.test.tsx > PropertiesListPage controller regression > opens the quick preview from table row click (never row navigation)
The current testing environment is not configured to support act(...)
The current testing environment is not configured to support act(...)
The current testing environment is not configured to support act(...)
The current testing environment is not configured to support act(...)
The current testing environment is not configured to support act(...)
The current testing environment is not configured to support act(...)
The current testing environment is not configured to support act(...)
The current testing environment is not configured to support act(...)
The current testing environment is not configured to support act(...)
The current testing environment is not configured to support act(...)
The current testing environment is not configured to support act(...)
The current testing environment is not configured to support act(...)
The current testing environment is not configured to support act(...)

stderr | src/features/properties/properties-controller-regression.test.tsx > PropertiesListPage controller regression > opens the quick preview from table row click (never row navigation)
The current testing environment is not configured to support act(...)

stderr | src/features/properties/properties-controller-regression.test.tsx > PropertiesListPage controller regression > opens the quick preview from table row click (never row navigation)
The current testing environment is not configured to support act(...)
The current testing environment is not configured to support act(...)
The current testing environment is not configured to support act(...)
The current testing environment is not configured to support act(...)
The current testing environment is not configured to support act(...)
The current testing environment is not configured to support act(...)
The current testing environment is not configured to support act(...)
The current testing environment is not configured to support act(...)
The current testing environment is not configured to support act(...)
The current testing environment is not configured to support act(...)
The current testing environment is not configured to support act(...)
The current testing environment is not configured to support act(...)
The current testing environment is not configured to support act(...)
The current testing environment is not configured to support act(...)
The current testing environment is not configured to support act(...)
The current testing environment is not configured to support act(...)
The current testing environment is not configured to support act(...)
The current testing environment is not configured to support act(...)
The current testing environment is not configured to support act(...)
The current testing environment is not configured to support act(...)
The current testing environment is not configured to support act(...)
The current testing environment is not configured to support act(...)
The current testing environment is not configured to support act(...)
The current testing environment is not configured to support act(...)
The current testing environment is not configured to support act(...)
The current testing environment is not configured to support act(...)
The current testing environment is not configured to support act(...)
The current testing environment is not configured to support act(...)
The current testing environment is not configured to support act(...)
The current testing environment is not configured to support act(...)
The current testing environment is not configured to support act(...)
The current testing environment is not configured to support act(...)
The current testing environment is not configured to support act(...)
The current testing environment is not configured to support act(...)
The current testing environment is not configured to support act(...)
The current testing environment is not configured to support act(...)
The current testing environment is not configured to support act(...)
The current testing environment is not configured to support act(...)
The current testing environment is not configured to support act(...)
The current testing environment is not configured to support act(...)
The current testing environment is not configured to support act(...)
The current testing environment is not configured to support act(...)
The current testing environment is not configured to support act(...)
The current testing environment is not configured to support act(...)
The current testing environment is not configured to support act(...)

stderr | src/features/properties/properties-controller-regression.test.tsx > PropertiesListPage controller regression > opens the quick preview from table row click (never row navigation)
The current testing environment is not configured to support act(...)
The current testing environment is not configured to support act(...)
The current testing environment is not configured to support act(...)
The current testing environment is not configured to support act(...)
The current testing environment is not configured to support act(...)
The current testing environment is not configured to support act(...)
The current testing environment is not configured to support act(...)
The current testing environment is not configured to support act(...)
The current testing environment is not configured to support act(...)

stderr | src/features/properties/properties-controller-regression.test.tsx > PropertiesListPage controller regression > renders mobile property cards with scan-level summary fields and one clear dossier action
The current testing environment is not configured to support act(...)

stderr | src/features/properties/properties-controller-regression.test.tsx > PropertiesListPage controller regression > renders mobile property cards with scan-level summary fields and one clear dossier action
The current testing environment is not configured to support act(...)
The current testing environment is not configured to support act(...)
The current testing environment is not configured to support act(...)
The current testing environment is not configured to support act(...)
The current testing environment is not configured to support act(...)
The current testing environment is not configured to support act(...)
The current testing environment is not configured to support act(...)
The current testing environment is not configured to support act(...)
The current testing environment is not configured to support act(...)
The current testing environment is not configured to support act(...)
The current testing environment is not configured to support act(...)
The current testing environment is not configured to support act(...)
The current testing environment is not configured to support act(...)

stderr | src/features/properties/properties-controller-regression.test.tsx > PropertiesListPage controller regression > renders mobile property cards with scan-level summary fields and one clear dossier action
The current testing environment is not configured to support act(...)

stderr | src/features/properties/properties-controller-regression.test.tsx > PropertiesListPage controller regression > renders mobile property cards with scan-level summary fields and one clear dossier action
The current testing environment is not configured to support act(...)

stderr | src/features/properties/properties-controller-regression.test.tsx > PropertiesListPage controller regression > renders mobile property cards with scan-level summary fields and one clear dossier action
The current testing environment is not configured to support act(...)

stderr | src/features/properties/properties-controller-regression.test.tsx > PropertiesListPage controller regression > opens edit modal from the contextual property action menu
The current testing environment is not configured to support act(...)

stderr | src/features/properties/properties-controller-regression.test.tsx > PropertiesListPage controller regression > opens edit modal from the contextual property action menu
The current testing environment is not configured to support act(...)
The current testing environment is not configured to support act(...)
The current testing environment is not configured to support act(...)
The current testing environment is not configured to support act(...)
The current testing environment is not configured to support act(...)
The current testing environment is not configured to support act(...)
The current testing environment is not configured to support act(...)
The current testing environment is not configured to support act(...)
The current testing environment is not configured to support act(...)
The current testing environment is not configured to support act(...)
The current testing environment is not configured to support act(...)
The current testing environment is not configured to support act(...)
The current testing environment is not configured to support act(...)

stderr | src/features/properties/properties-controller-regression.test.tsx > PropertiesListPage controller regression > opens edit modal from the contextual property action menu
The current testing environment is not configured to support act(...)

stderr | src/features/properties/properties-controller-regression.test.tsx > PropertiesListPage controller regression > opens edit modal from the contextual property action menu
The current testing environment is not configured to support act(...)

stderr | src/features/properties/properties-controller-regression.test.tsx > PropertiesListPage controller regression > opens edit modal from the contextual property action menu
The current testing environment is not configured to support act(...)
The current testing environment is not configured to support act(...)
The current testing environment is not configured to support act(...)
The current testing environment is not configured to support act(...)
The current testing environment is not configured to support act(...)
The current testing environment is not configured to support act(...)
The current testing environment is not configured to support act(...)
The current testing environment is not configured to support act(...)
The current testing environment is not configured to support act(...)
The current testing environment is not configured to support act(...)
The current testing environment is not configured to support act(...)
The current testing environment is not configured to support act(...)
The current testing environment is not configured to support act(...)
The current testing environment is not configured to support act(...)
The current testing environment is not configured to support act(...)
The current testing environment is not configured to support act(...)
The current testing environment is not configured to support act(...)
The current testing environment is not configured to support act(...)
The current testing environment is not configured to support act(...)
The current testing environment is not configured to support act(...)
The current testing environment is not configured to support act(...)
The current testing environment is not configured to support act(...)
The current testing environment is not configured to support act(...)
The current testing environment is not configured to support act(...)
The current testing environment is not configured to support act(...)
The current testing environment is not configured to support act(...)
The current testing environment is not configured to support act(...)
The current testing environment is not configured to support act(...)
The current testing environment is not configured to support act(...)
The current testing environment is not configured to support act(...)
The current testing environment is not configured to support act(...)
The current testing environment is not configured to support act(...)
The current testing environment is not configured to support act(...)
The current testing environment is not configured to support act(...)
The current testing environment is not configured to support act(...)
The current testing environment is not configured to support act(...)
The current testing environment is not configured to support act(...)
The current testing environment is not configured to support act(...)
The current testing environment is not configured to support act(...)
The current testing environment is not configured to support act(...)
The current testing environment is not configured to support act(...)
The current testing environment is not configured to support act(...)
The current testing environment is not configured to support act(...)
The current testing environment is not configured to support act(...)
The current testing environment is not configured to support act(...)
The current testing environment is not configured to support act(...)
The current testing environment is not configured to support act(...)
The current testing environment is not configured to support act(...)
The current testing environment is not configured to support act(...)

stderr | src/features/properties/properties-controller-regression.test.tsx > PropertiesListPage controller regression > opens edit modal from the contextual property action menu
The current testing environment is not configured to support act(...)
The current testing environment is not configured to support act(...)
The current testing environment is not configured to support act(...)
The current testing environment is not configured to support act(...)
The current testing environment is not configured to support act(...)
The current testing environment is not configured to support act(...)
The current testing environment is not configured to support act(...)
The current testing environment is not configured to support act(...)

stderr | src/features/properties/properties-controller-regression.test.tsx > PropertiesListPage controller regression > shows archive confirmation from the contextual menu (never a one-tap archive)
The current testing environment is not configured to support act(...)

stderr | src/features/properties/properties-controller-regression.test.tsx > PropertiesListPage controller regression > shows archive confirmation from the contextual menu (never a one-tap archive)
The current testing environment is not configured to support act(...)
The current testing environment is not configured to support act(...)
The current testing environment is not configured to support act(...)
The current testing environment is not configured to support act(...)
The current testing environment is not configured to support act(...)
The current testing environment is not configured to support act(...)
The current testing environment is not configured to support act(...)
The current testing environment is not configured to support act(...)
The current testing environment is not configured to support act(...)
The current testing environment is not configured to support act(...)
The current testing environment is not configured to support act(...)
The current testing environment is not configured to support act(...)
The current testing environment is not configured to support act(...)

stderr | src/features/properties/properties-controller-regression.test.tsx > PropertiesListPage controller regression > shows archive confirmation from the contextual menu (never a one-tap archive)
The current testing environment is not configured to support act(...)

stderr | src/features/properties/properties-controller-regression.test.tsx > PropertiesListPage controller regression > shows archive confirmation from the contextual menu (never a one-tap archive)
The current testing environment is not configured to support act(...)

stderr | src/features/properties/properties-controller-regression.test.tsx > PropertiesListPage controller regression > shows archive confirmation from the contextual menu (never a one-tap archive)
The current testing environment is not configured to support act(...)
The current testing environment is not configured to support act(...)
The current testing environment is not configured to support act(...)
The current testing environment is not configured to support act(...)
The current testing environment is not configured to support act(...)
The current testing environment is not configured to support act(...)
The current testing environment is not configured to support act(...)
The current testing environment is not configured to support act(...)
The current testing environment is not configured to support act(...)
The current testing environment is not configured to support act(...)
The current testing environment is not configured to support act(...)
The current testing environment is not configured to support act(...)
The current testing environment is not configured to support act(...)
The current testing environment is not configured to support act(...)
The current testing environment is not configured to support act(...)
The current testing environment is not configured to support act(...)
The current testing environment is not configured to support act(...)
The current testing environment is not configured to support act(...)
The current testing environment is not configured to support act(...)
The current testing environment is not configured to support act(...)
The current testing environment is not configured to support act(...)
The current testing environment is not configured to support act(...)
The current testing environment is not configured to support act(...)
The current testing environment is not configured to support act(...)
The current testing environment is not configured to support act(...)
The current testing environment is not configured to support act(...)
The current testing environment is not configured to support act(...)
The current testing environment is not configured to support act(...)
The current testing environment is not configured to support act(...)
The current testing environment is not configured to support act(...)
The current testing environment is not configured to support act(...)
The current testing environment is not configured to support act(...)
The current testing environment is not configured to support act(...)
The current testing environment is not configured to support act(...)
The current testing environment is not configured to support act(...)
The current testing environment is not configured to support act(...)
The current testing environment is not configured to support act(...)
The current testing environment is not configured to support act(...)
The current testing environment is not configured to support act(...)
The current testing environment is not configured to support act(...)
The current testing environment is not configured to support act(...)
The current testing environment is not configured to support act(...)

stderr | src/features/properties/properties-controller-regression.test.tsx > PropertiesListPage controller regression > shows archive confirmation from the contextual menu (never a one-tap archive)
The current testing environment is not configured to support act(...)
The current testing environment is not configured to support act(...)
The current testing environment is not configured to support act(...)
The current testing environment is not configured to support act(...)
The current testing environment is not configured to support act(...)
The current testing environment is not configured to support act(...)
The current testing environment is not configured to support act(...)
The current testing environment is not configured to support act(...)

stderr | src/features/properties/properties-controller-regression.test.tsx > PropertiesListPage controller regression > renders status filter select with all options
The current testing environment is not configured to support act(...)

stderr | src/features/properties/properties-controller-regression.test.tsx > PropertiesListPage controller regression > renders status filter select with all options
The current testing environment is not configured to support act(...)
The current testing environment is not configured to support act(...)
The current testing environment is not configured to support act(...)
The current testing environment is not configured to support act(...)
The current testing environment is not configured to support act(...)
The current testing environment is not configured to support act(...)
The current testing environment is not configured to support act(...)
The current testing environment is not configured to support act(...)
The current testing environment is not configured to support act(...)
The current testing environment is not configured to support act(...)
The current testing environment is not configured to support act(...)
The current testing environment is not configured to support act(...)
The current testing environment is not configured to support act(...)

stderr | src/features/properties/properties-controller-regression.test.tsx > PropertiesListPage controller regression > renders status filter select with all options
The current testing environment is not configured to support act(...)

stderr | src/features/properties/properties-controller-regression.test.tsx > PropertiesListPage controller regression > renders search input with correct placeholder
The current testing environment is not configured to support act(...)

stderr | src/features/properties/properties-controller-regression.test.tsx > PropertiesListPage controller regression > renders search input with correct placeholder
The current testing environment is not configured to support act(...)
The current testing environment is not configured to support act(...)
The current testing environment is not configured to support act(...)
The current testing environment is not configured to support act(...)
The current testing environment is not configured to support act(...)
The current testing environment is not configured to support act(...)
The current testing environment is not configured to support act(...)
The current testing environment is not configured to support act(...)
The current testing environment is not configured to support act(...)
The current testing environment is not configured to support act(...)
The current testing environment is not configured to support act(...)
The current testing environment is not configured to support act(...)
The current testing environment is not configured to support act(...)

stderr | src/features/properties/properties-controller-regression.test.tsx > PropertiesListPage controller regression > renders search input with correct placeholder
The current testing environment is not configured to support act(...)

stderr | src/features/utilities/utilities-operational-obligations.test.tsx
Supabase environment is incomplete. Runtime diagnostics will be shown in UI.

stderr | src/features/reports/components/property-analytics-professional-report.test.tsx
Supabase environment is incomplete. Runtime diagnostics will be shown in UI.
GoTrueClient@rentrix-auth-session:1 (2.105.1) 2026-09-09T14:21:27.177Z Multiple GoTrueClient instances detected in the same browser context. It is not an error, but this should be avoided as it may produce undefined behavior when used concurrently under the same storage key.


===== SHARD 9/14 — 39 files =====

 RUN  v3.2.7 /home/user/malek/rentrix-app

 ✓ src/features/financials/reports/financialReportsService.test.ts (23 tests) 200ms
 ✓ src/features/dashboard/r1-dashboard-truth-execution.test.ts (12 tests) 8143ms
 ✓ src/services/documents/documentOutputInventory.test.ts (17 tests) 314ms
 ✓ src/components/design-system-inventory.test.ts (13 tests) 240ms
 ✓ src/features/communication/communication-system.test.ts (7 tests) 4576ms
 ✓ src/features/reports/office-overview-section.test.tsx (15 tests) 359ms
 ✓ src/features/maintenance/maintenance-service.test.ts (10 tests) 24ms
 ✓ src/features/owners/services/owner-financial-service.test.ts (18 tests) 5ms
 ✓ src/components/ui/report-section-primitives.test.tsx (8 tests) 10ms
 ✓ src/lib/paginatedRead.test.ts (16 tests) 22ms
 ✓ src/features/auth/granular-write-boundary-alignment.test.ts (5 tests) 1ms
 ✓ src/features/financials/reconciliation/bankReconciliationAtomicRpc.test.ts (5 tests) 66ms
 ✓ src/features/leads/lead-schema.test.ts (9 tests) 8ms
 ✓ src/features/financials/invoices/quick-collect.test.ts (16 tests) 3ms
 ✓ src/features/financials/billing/billing-schedule-pglite.test.ts (8 tests) 13849ms
 ✓ src/features/p6d-long-form-steppers.test.ts (5 tests) 7ms
 ✓ src/features/owners/components/owner-agreements-section.test.tsx (3 tests) 63ms
 ✓ src/features/contracts/contractListExport.test.ts (4 tests) 2ms
 ✓ src/features/reports/reports-filters.shared.test.ts (4 tests) 1ms
 ✓ src/features/utilities/utilities-service.test.ts (4 tests) 3ms
 ✓ src/features/contracts/short-stay-expiry-contract.test.ts (4 tests) 1ms
 ✓ src/features/system/r11-legacy-disposition.test.ts (3 tests) 10ms
 ✓ src/test/db-contract/financial-writes-bypass.test.ts (1 test) 296ms
 ✓ src/features/financials/financialMath.test.ts (4 tests) 1ms
 ✓ src/features/financials/deposits/deposit-schema.test.ts (4 tests) 8ms
 ✓ src/lib/date-input-regression.test.ts (1 test) 79ms
 ✓ src/components/ui/canonical-table-usage.test.ts (1 test) 25ms
 ✓ src/app/navigation/target-blueprint-contract.test.ts (2 tests) 1ms
 ✓ src/features/units/unit-status-semantics.test.ts (2 tests) 1ms
 ✓ src/features/auth/register-export-permissions.test.ts (2 tests) 0ms
 ✓ src/features/financials/unit-status-normalization.test.ts (3 tests) 0ms
 ✓ src/pwa-dependency-contract.test.ts (1 test) 0ms
 ✓ src/features/ai-assistant/ai-assistant-page-speech.test.tsx (6 tests) 2999ms
   ✓ AiAssistantPage + TTS integration > shows the reply exactly as received and offers a subtle speaker control  447ms
   ✓ AiAssistantPage + TTS integration > does not speak automatically by default (preference OFF)  370ms
   ✓ AiAssistantPage + TTS integration > manual playback speaks the normalized Arabic text while the display stays exact  455ms
   ✓ AiAssistantPage + TTS integration > with the preference ON, newly completed responses speak automatically  492ms
   ✓ AiAssistantPage + TTS integration > playing a new response stops the previous one (B stops A) at the page level  865ms
   ✓ AiAssistantPage + TTS integration > unmounting the assistant surface stops speech  370ms
stdout | src/features/ai-assistant/speech/assistant-speech-control.test.tsx > AssistantSpeechControl > does not leave a false playing state when the engine fails mid-speech
[malek-assistant-speech] speech failed synthesis-failed

 ✓ src/features/ai-assistant/speech/assistant-speech-control.test.tsx (9 tests) 376ms
 ✓ src/features/financials/receipts/receipt-detail-print-readiness.test.tsx (5 tests) 135ms
 ✓ src/app/layout/mobile-drawer-focus-restoration.test.tsx (4 tests) 658ms
 ✓ src/features/properties/properties-list-page-interaction.test.tsx (5 tests) 366ms
 ✓ src/features/reports/components/report-view-panel.test.tsx (18 tests) 4873ms
   ✓ canonical accounting body routing > routes accounting view accounting_reports to its own report body  305ms
   ✓ canonical accounting body routing > routes accounting view general_ledger to its own report body  303ms
   ✓ canonical accounting body routing > routes accounting view deferred_revenue to its own report body  305ms
   ✓ canonical analytics body routing > routes analytics view collections to its own report body  303ms
   ✓ canonical analytics body routing > routes analytics view overdue to its own report body  305ms
   ✓ canonical analytics body routing > routes analytics view follow_up to its own report body  306ms
   ✓ canonical analytics body routing > routes analytics view collection_movement to its own report body  303ms
   ✓ canonical analytics body routing > routes analytics view property_analytics to its own report body  303ms
   ✓ canonical analytics body routing > routes analytics view overview to its own report body  304ms
   ✓ canonical analytics body routing > routes analytics view occupancy to its own report body  303ms
   ✓ canonical analytics body routing > routes analytics view expiring to its own report body  304ms
   ✓ canonical analytics body routing > routes analytics view operations_overview to its own report body  305ms
   ✓ canonical analytics body routing > routes analytics view maintenance_analytics to its own report body  304ms
   ✓ canonical analytics body routing > routes analytics view expenses to its own report body  304ms
   ✓ canonical analytics body routing > routes analytics view services to its own report body  303ms
   ✓ canonical statements body routing > routes the statements section to the statements body  303ms
 ✓ src/features/settings/office-launch/OfficeLaunchPanel.test.tsx (2 tests) 58ms

 Test Files  39 passed (39)
      Tests  279 passed (279)
   Start at  14:21:28
   Duration  43.84s (transform 2.48s, setup 0ms, collect 4.66s, tests 37.78s, environment 570ms, prepare 150ms)

stderr | src/features/reports/office-overview-section.test.tsx
Supabase environment is incomplete. Runtime diagnostics will be shown in UI.

stderr | src/features/owners/components/owner-agreements-section.test.tsx
Supabase environment is incomplete. Runtime diagnostics will be shown in UI.

stderr | src/features/owners/components/owner-agreements-section.test.tsx > owner dossier agreements section > shows a business-language empty state when the owner has no agreements
Warning: useRouter must be used inside a <RouterProvider> component!

stderr | src/features/owners/components/owner-agreements-section.test.tsx > owner dossier agreements section > lists agreements across properties with temporal status and business terms
Warning: useRouter must be used inside a <RouterProvider> component!

stderr | src/features/owners/components/owner-agreements-section.test.tsx > owner dossier agreements section > stays read-only — no create or edit affordances in the dossier
Warning: useRouter must be used inside a <RouterProvider> component!

stderr | src/app/layout/mobile-drawer-focus-restoration.test.tsx
Supabase environment is incomplete. Runtime diagnostics will be shown in UI.

stderr | src/app/layout/mobile-drawer-focus-restoration.test.tsx > AppShell mobile navigation bottom sheet — scroll lock and focus restoration > opens the shared bottom-sheet navigation from the explicit dock Menu, locks scroll, and exposes modal semantics
React does not recognize the `activeOptions` prop on a DOM element. If you intentionally want it to appear in the DOM as a custom attribute, spell it as lowercase `activeoptions` instead. If you accidentally passed it from a parent component, remove it from the DOM element.


===== SHARD 10/14 — 39 files =====

 RUN  v3.2.7 /home/user/malek/rentrix-app

 ✓ src/features/financials/collections-payments-period-close.pglite.test.ts (8 tests) 57845ms
 ✓ src/features/reports/reports-final-closure.test.ts (27 tests) 23ms
 ✓ src/features/dashboard/r13-collection-rate-cohort.test.ts (5 tests) 6859ms
 ✓ src/features/financials/reports/historical-reconciliation.test.ts (8 tests) 3892ms
 ✓ src/features/maintenance/r13-maintenance-idempotency-concurrency.test.ts (6 tests) 3225ms
 ✓ src/features/ai-assistant/ai-assistant-response-model.test.ts (7 tests) 3ms
 ✓ src/components/design-system-primitives.test.tsx (8 tests) 24ms
 ✓ src/features/contracts/short-stay-extension-contract.test.ts (5 tests) 1ms
 ✓ src/features/reports/operations-overview-section.test.ts (7 tests) 2ms
 ✓ src/features/contracts/contractSchema.test.ts (9 tests) 4ms
 ✓ src/features/communication/services/outbound-communication-service.test.ts (4 tests) 53ms
 ✓ src/features/governance-hub/governance-hub-navigation.test.ts (7 tests) 1ms
 ✓ src/features/financials/deposits/deposit-service.test.ts (4 tests) 2ms
 ✓ src/features/reports/components/reports-product-structure.test.ts (4 tests) 2ms
 ✓ src/test/db-contract/invoice-payment-safety-contract.test.ts (6 tests) 16ms
 ✓ src/features/financials/reconciliation/bankReconciliationService-listAll.test.ts (2 tests) 2ms
 ✓ src/features/system/release-evidence-gates.test.ts (2 tests) 2ms
 ✓ src/features/owners/services/owner-payout-acknowledgement.test.ts (8 tests) 3ms
 ✓ src/features/owners/components/owner-workspace-table-display.contract.test.ts (3 tests) 2ms
 ✓ src/features/leads/leads-mobile-card.contract.test.ts (2 tests) 4ms
 ✓ src/app/navigation/workspace-permission.test.ts (16 tests) 5ms
 ✓ src/features/financials/receipts/receipt-uuid-ui-regression.test.ts (3 tests) 2ms
 ✓ src/components/ui/responsive-card-grid.test.tsx (3 tests) 1ms
 ✓ src/lib/env-validation.test.ts (4 tests) 1ms
 ✓ src/components/ui/data-table-columns-menu.test.tsx (1 test) 2ms
 ✓ src/features/financials/financials-date-utils.test.ts (2 tests) 1ms
 ✓ src/features/auth/login-error-message.test.ts (2 tests) 0ms
 ✓ src/services/documents/documentOutputReadiness.test.ts (27 tests) 181ms
 ✓ src/features/units/units-controller-regression.test.tsx (15 tests) 783ms
 ✓ src/features/p6e-contract-form-behavior.test.tsx (5 tests) 500ms
 ✓ src/app/layout/mobile-quick-add-list.test.tsx (6 tests) 151ms
stdout | src/features/ai-assistant/speech/assistant-speech-ios-webkit.test.ts > iOS WebKit speech hardening > recovers to idle when WebKit interrupts speech unexpectedly
[malek-assistant-speech] speech failed interrupted

 ✓ src/features/ai-assistant/speech/assistant-speech-ios-webkit.test.ts (4 tests) 9ms
 ✓ src/features/utilities/utility-bill-detail.test.tsx (4 tests) 305ms
 ✓ src/lib/product-fonts-contract.test.ts (6 tests) 9ms
 ✓ src/features/financials/invoices/useDossierInvoicesForContracts.test.ts (5 tests) 114ms
 ✓ src/features/properties/properties-list-page-states.test.tsx (2 tests) 45ms
 ✓ src/services/action-service.test.ts (6 tests) 4ms
 ✓ src/features/settings/office-launch/import/office-import-contract.test.ts (9 tests) 23ms
 ✓ src/features/auth/session-storage.test.ts (2 tests) 2ms

 Test Files  39 passed (39)
      Tests  254 passed (254)
   Start at  14:22:13
   Duration  79.86s (transform 2.57s, setup 0ms, collect 4.62s, tests 74.11s, environment 391ms, prepare 145ms)

stderr | src/features/reports/reports-final-closure.test.ts
Supabase environment is incomplete. Runtime diagnostics will be shown in UI.

stderr | src/features/units/units-controller-regression.test.tsx
Supabase environment is incomplete. Runtime diagnostics will be shown in UI.

stderr | src/features/units/units-controller-regression.test.tsx > UnitsWorkspace controller regression > renders one dense desktop table row per unit plus the shared Cards⇄Table register
The current testing environment is not configured to support act(...)

stderr | src/features/units/units-controller-regression.test.tsx > UnitsWorkspace controller regression > renders one dense desktop table row per unit plus the shared Cards⇄Table register
The current testing environment is not configured to support act(...)
The current testing environment is not configured to support act(...)
The current testing environment is not configured to support act(...)
The current testing environment is not configured to support act(...)
The current testing environment is not configured to support act(...)
The current testing environment is not configured to support act(...)
The current testing environment is not configured to support act(...)
The current testing environment is not configured to support act(...)
The current testing environment is not configured to support act(...)

stderr | src/features/units/units-controller-regression.test.tsx > UnitsWorkspace controller regression > renders one dense desktop table row per unit plus the shared Cards⇄Table register
The current testing environment is not configured to support act(...)

stderr | src/features/units/units-controller-regression.test.tsx > UnitsWorkspace controller regression > renders KPI cards with computed values
The current testing environment is not configured to support act(...)

stderr | src/features/units/units-controller-regression.test.tsx > UnitsWorkspace controller regression > renders KPI cards with computed values
The current testing environment is not configured to support act(...)
The current testing environment is not configured to support act(...)
The current testing environment is not configured to support act(...)
The current testing environment is not configured to support act(...)
The current testing environment is not configured to support act(...)
The current testing environment is not configured to support act(...)
The current testing environment is not configured to support act(...)
The current testing environment is not configured to support act(...)
The current testing environment is not configured to support act(...)

stderr | src/features/units/units-controller-regression.test.tsx > UnitsWorkspace controller regression > renders KPI cards with computed values
Error: getaddrinfo ENOTFOUND invalid.supabase.local
[90m    at GetAddrInfoReqWrap.onlookupall [as oncomplete] (node:dns:122:26)[39m {
  errno: [33m-3008[39m,
  code: [32m'ENOTFOUND'[39m,
  syscall: [32m'getaddrinfo'[39m,
  hostname: [32m'invalid.supabase.local'[39m
}

stderr | src/features/units/units-controller-regression.test.tsx > UnitsWorkspace controller regression > renders KPI cards with computed values
The current testing environment is not configured to support act(...)

stderr | src/features/units/units-controller-regression.test.tsx > UnitsWorkspace controller regression > renders filter selects: property, status, occupancy
The current testing environment is not configured to support act(...)

stderr | src/features/units/units-controller-regression.test.tsx > UnitsWorkspace controller regression > renders filter selects: property, status, occupancy
The current testing environment is not configured to support act(...)
The current testing environment is not configured to support act(...)
The current testing environment is not configured to support act(...)
The current testing environment is not configured to support act(...)
The current testing environment is not configured to support act(...)
The current testing environment is not configured to support act(...)
The current testing environment is not configured to support act(...)
The current testing environment is not configured to support act(...)
The current testing environment is not configured to support act(...)

stderr | src/features/units/units-controller-regression.test.tsx > UnitsWorkspace controller regression > renders filter selects: property, status, occupancy
Error: getaddrinfo ENOTFOUND invalid.supabase.local
[90m    at GetAddrInfoReqWrap.onlookupall [as oncomplete] (node:dns:122:26)[39m {
  errno: [33m-3008[39m,
  code: [32m'ENOTFOUND'[39m,
  syscall: [32m'getaddrinfo'[39m,
  hostname: [32m'invalid.supabase.local'[39m
}

stderr | src/features/units/units-controller-regression.test.tsx > UnitsWorkspace controller regression > renders filter selects: property, status, occupancy
The current testing environment is not configured to support act(...)

stderr | src/features/units/units-controller-regression.test.tsx > UnitsWorkspace controller regression > opens create modal on add button click
The current testing environment is not configured to support act(...)

stderr | src/features/units/units-controller-regression.test.tsx > UnitsWorkspace controller regression > opens create modal on add button click
The current testing environment is not configured to support act(...)
The current testing environment is not configured to support act(...)
The current testing environment is not configured to support act(...)
The current testing environment is not configured to support act(...)
The current testing environment is not configured to support act(...)
The current testing environment is not configured to support act(...)
The current testing environment is not configured to support act(...)
The current testing environment is not configured to support act(...)
The current testing environment is not configured to support act(...)

stderr | src/features/units/units-controller-regression.test.tsx > UnitsWorkspace controller regression > opens create modal on add button click
Error: getaddrinfo ENOTFOUND invalid.supabase.local
[90m    at GetAddrInfoReqWrap.onlookupall [as oncomplete] (node:dns:122:26)[39m {
  errno: [33m-3008[39m,
  code: [32m'ENOTFOUND'[39m,
  syscall: [32m'getaddrinfo'[39m,
  hostname: [32m'invalid.supabase.local'[39m
}

stderr | src/features/units/units-controller-regression.test.tsx > UnitsWorkspace controller regression > opens create modal on add button click
The current testing environment is not configured to support act(...)

stderr | src/features/units/units-controller-regression.test.tsx > UnitsWorkspace controller regression > opens create modal on add button click
The current testing environment is not configured to support act(...)
The current testing environment is not configured to support act(...)
The current testing environment is not configured to support act(...)
The current testing environment is not configured to support act(...)
The current testing environment is not configured to support act(...)
The current testing environment is not configured to support act(...)
The current testing environment is not configured to support act(...)
The current testing environment is not configured to support act(...)
The current testing environment is not configured to support act(...)
The current testing environment is not configured to support act(...)
The current testing environment is not configured to support act(...)
The current testing environment is not configured to support act(...)
The current testing environment is not configured to support act(...)
The current testing environment is not configured to support act(...)
The current testing environment is not configured to support act(...)
The current testing environment is not configured to support act(...)
The current testing environment is not configured to support act(...)
The current testing environment is not configured to support act(...)
The current testing environment is not configured to support act(...)
The current testing environment is not configured to support act(...)
The current testing environment is not configured to support act(...)
The current testing environment is not configured to support act(...)
The current testing environment is not configured to support act(...)
The current testing environment is not configured to support act(...)
The current testing environment is not configured to support act(...)
The current testing environment is not configured to support act(...)
The current testing environment is not configured to support act(...)
The current testing environment is not configured to support act(...)
The current testing environment is not configured to support act(...)
The current testing environment is not configured to support act(...)
The current testing environment is not configured to support act(...)
The current testing environment is not configured to support act(...)
The current testing environment is not configured to support act(...)
The current testing environment is not configured to support act(...)
The current testing environment is not configured to support act(...)
The current testing environment is not configured to support act(...)
The current testing environment is not configured to support act(...)
The current testing environment is not configured to support act(...)
The current testing environment is not configured to support act(...)
The current testing environment is not configured to support act(...)
The current testing environment is not configured to support act(...)
The current testing environment is not configured to support act(...)
The current testing environment is not configured to support act(...)
The current testing environment is not configured to support act(...)
The current testing environment is not configured to support act(...)

stderr | src/features/units/units-controller-regression.test.tsx > UnitsWorkspace controller regression > opens create modal on add button click
Error: getaddrinfo ENOTFOUND invalid.supabase.local
[90m    at GetAddrInfoReqWrap.onlookupall [as oncomplete] (node:dns:122:26)[39m {
  errno: [33m-3008[39m,
  code: [32m'ENOTFOUND'[39m,
  syscall: [32m'getaddrinfo'[39m,
  hostname: [32m'invalid.supabase.local'[39m
}

stderr | src/features/units/units-controller-regression.test.tsx > UnitsWorkspace controller regression > opens create modal on add button click
The current testing environment is not configured to support act(...)
The current testing environment is not configured to support act(...)
The current testing environment is not configured to support act(...)
The current testing environment is not configured to support act(...)
The current testing environment is not configured to support act(...)
The current testing environment is not configured to support act(...)
The current testing environment is not configured to support act(...)
The current testing environment is not configured to support act(...)

stderr | src/features/units/units-controller-regression.test.tsx > UnitsWorkspace controller regression > opens edit modal from the row action without property selection
The current testing environment is not configured to support act(...)

stderr | src/features/units/units-controller-regression.test.tsx > UnitsWorkspace controller regression > opens edit modal from the row action without property selection
The current testing environment is not configured to support act(...)
The current testing environment is not configured to support act(...)
The current testing environment is not configured to support act(...)
The current testing environment is not configured to support act(...)
The current testing environment is not configured to support act(...)
The current testing environment is not configured to support act(...)
The current testing environment is not configured to support act(...)
The current testing environment is not configured to support act(...)
The current testing environment is not configured to support act(...)

stderr | src/features/units/units-controller-regression.test.tsx > UnitsWorkspace controller regression > opens edit modal from the row action without property selection
The current testing environment is not configured to support act(...)

stderr | src/features/units/units-controller-regression.test.tsx > UnitsWorkspace controller regression > opens edit modal from the row action without property selection
The current testing environment is not configured to support act(...)

stderr | src/features/units/units-controller-regression.test.tsx > UnitsWorkspace controller regression > opens edit modal from the row action without property selection
Error: getaddrinfo ENOTFOUND invalid.supabase.local
[90m    at GetAddrInfoReqWrap.onlookupall [as oncomplete] (node:dns:122:26)[39m {
  errno: [33m-3008[39m,
  code: [32m'ENOTFOUND'[39m,
  syscall: [32m'getaddrinfo'[39m,
  hostname: [32m'invalid.supabase.local'[39m
}

stderr | src/features/units/units-controller-regression.test.tsx > UnitsWorkspace controller regression > opens edit modal from the row action without property selection
The current testing environment is not configured to support act(...)
The current testing environment is not configured to support act(...)
The current testing environment is not configured to support act(...)
The current testing environment is not configured to support act(...)
The current testing environment is not configured to support act(...)
The current testing environment is not configured to support act(...)
The current testing environment is not configured to support act(...)
The current testing environment is not configured to support act(...)
The current testing environment is not configured to support act(...)
The current testing environment is not configured to support act(...)
The current testing environment is not configured to support act(...)
The current testing environment is not configured to support act(...)
The current testing environment is not configured to support act(...)
The current testing environment is not configured to support act(...)
The current testing environment is not configured to support act(...)
The current testing environment is not configured to support act(...)
The current testing environment is not configured to support act(...)
The current testing environment is not configured to support act(...)
The current testing environment is not configured to support act(...)
The current testing environment is not configured to support act(...)
The current testing environment is not configured to support act(...)
The current testing environment is not configured to support act(...)
The current testing environment is not configured to support act(...)
The current testing environment is not configured to support act(...)
The current testing environment is not configured to support act(...)
The current testing environment is not configured to support act(...)
The current testing environment is not configured to support act(...)
The current testing environment is not configured to support act(...)
The current testing environment is not configured to support act(...)
The current testing environment is not configured to support act(...)
The current testing environment is not configured to support act(...)
The current testing environment is not configured to support act(...)
The current testing environment is not configured to support act(...)
The current testing environment is not configured to support act(...)
The current testing environment is not configured to support act(...)
The current testing environment is not configured to support act(...)
The current testing environment is not configured to support act(...)
The current testing environment is not configured to support act(...)
The current testing environment is not configured to support act(...)
The current testing environment is not configured to support act(...)
The current testing environment is not configured to support act(...)
The current testing environment is not configured to support act(...)
The current testing environment is not configured to support act(...)
The current testing environment is not configured to support act(...)
The current testing environment is not configured to support act(...)
The current testing environment is not configured to support act(...)
The current testing environment is not configured to support act(...)
The current testing environment is not configured to support act(...)

stderr | src/features/units/units-controller-regression.test.tsx > UnitsWorkspace controller regression > opens edit modal from the row action without property selection
The current testing environment is not configured to support act(...)
The current testing environment is not configured to support act(...)
The current testing environment is not configured to support act(...)
The current testing environment is not configured to support act(...)
The current testing environment is not configured to support act(...)
The current testing environment is not configured to support act(...)
The current testing environment is not configured to support act(...)
The current testing environment is not configured to support act(...)

stderr | src/features/units/units-controller-regression.test.tsx > UnitsWorkspace controller regression > opens the unit preview dialog from desktop row click
The current testing environment is not configured to support act(...)

stderr | src/features/units/units-controller-regression.test.tsx > UnitsWorkspace controller regression > opens the unit preview dialog from desktop row click
The current testing environment is not configured to support act(...)
The current testing environment is not configured to support act(...)
The current testing environment is not configured to support act(...)
The current testing environment is not configured to support act(...)
The current testing environment is not configured to support act(...)
The current testing environment is not configured to support act(...)
The current testing environment is not configured to support act(...)
The current testing environment is not configured to support act(...)
The current testing environment is not configured to support act(...)

stderr | src/features/units/units-controller-regression.test.tsx > UnitsWorkspace controller regression > opens the unit preview dialog from desktop row click
The current testing environment is not configured to support act(...)

stderr | src/features/units/units-controller-regression.test.tsx > UnitsWorkspace controller regression > opens the unit preview dialog from desktop row click
The current testing environment is not configured to support act(...)
The current testing environment is not configured to support act(...)
The current testing environment is not configured to support act(...)
The current testing environment is not configured to support act(...)
The current testing environment is not configured to support act(...)
The current testing environment is not configured to support act(...)
The current testing environment is not configured to support act(...)
The current testing environment is not configured to support act(...)
The current testing environment is not configured to support act(...)
The current testing environment is not configured to support act(...)
The current testing environment is not configured to support act(...)
The current testing environment is not configured to support act(...)
The current testing environment is not configured to support act(...)
The current testing environment is not configured to support act(...)
The current testing environment is not configured to support act(...)
The current testing environment is not configured to support act(...)
The current testing environment is not configured to support act(...)
The current testing environment is not configured to support act(...)
The current testing environment is not configured to support act(...)
The current testing environment is not configured to support act(...)
The current testing environment is not configured to support act(...)
The current testing environment is not configured to support act(...)
The current testing environment is not configured to support act(...)
The current testing environment is not configured to support act(...)
The current testing environment is not configured to support act(...)
The current testing environment is not configured to support act(...)
The current testing environment is not configured to support act(...)
The current testing environment is not configured to support act(...)
The current testing environment is not configured to support act(...)
The current testing environment is not configured to support act(...)
The current testing environment is not configured to support act(...)
The current testing environment is not configured to support act(...)
The current testing environment is not configured to support act(...)
The current testing environment is not configured to support act(...)
The current testing environment is not configured to support act(...)
The current testing environment is not configured to support act(...)
The current testing environment is not configured to support act(...)
The current testing environment is not configured to support act(...)
The current testing environment is not configured to support act(...)
The current testing environment is not configured to support act(...)
The current testing environment is not configured to support act(...)
The current testing environment is not configured to support act(...)
The current testing environment is not configured to support act(...)
The current testing environment is not configured to support act(...)
The current testing environment is not configured to support act(...)

stderr | src/features/units/units-controller-regression.test.tsx > UnitsWorkspace controller regression > opens the unit preview dialog from desktop row click
Error: getaddrinfo ENOTFOUND invalid.supabase.local
[90m    at GetAddrInfoReqWrap.onlookupall [as oncomplete] (node:dns:122:26)[39m {
  errno: [33m-3008[39m,
  code: [32m'ENOTFOUND'[39m,
  syscall: [32m'getaddrinfo'[39m,
  hostname: [32m'invalid.supabase.local'[39m
}

stderr | src/features/units/units-controller-regression.test.tsx > UnitsWorkspace controller regression > opens the unit preview dialog from desktop row click
The current testing environment is not configured to support act(...)
The current testing environment is not configured to support act(...)
The current testing environment is not configured to support act(...)
The current testing environment is not configured to support act(...)
The current testing environment is not configured to support act(...)
The current testing environment is not configured to support act(...)
The current testing environment is not configured to support act(...)
The current testing environment is not configured to support act(...)
The current testing environment is not configured to support act(...)

stderr | src/features/units/units-controller-regression.test.tsx > UnitsWorkspace controller regression > opens the unit preview dialog from keyboard row activation
The current testing environment is not configured to support act(...)

stderr | src/features/units/units-controller-regression.test.tsx > UnitsWorkspace controller regression > opens the unit preview dialog from keyboard row activation
The current testing environment is not configured to support act(...)
The current testing environment is not configured to support act(...)
The current testing environment is not configured to support act(...)
The current testing environment is not configured to support act(...)
The current testing environment is not configured to support act(...)
The current testing environment is not configured to support act(...)
The current testing environment is not configured to support act(...)
The current testing environment is not configured to support act(...)
The current testing environment is not configured to support act(...)

stderr | src/features/units/units-controller-regression.test.tsx > UnitsWorkspace controller regression > opens the unit preview dialog from keyboard row activation
The current testing environment is not configured to support act(...)

stderr | src/features/units/units-controller-regression.test.tsx > UnitsWorkspace controller regression > opens the unit preview dialog from keyboard row activation
The current testing environment is not configured to support act(...)
The current testing environment is not configured to support act(...)
The current testing environment is not configured to support act(...)
The current testing environment is not configured to support act(...)
The current testing environment is not configured to support act(...)
The current testing environment is not configured to support act(...)
The current testing environment is not configured to support act(...)
The current testing environment is not configured to support act(...)
The current testing environment is not configured to support act(...)
The current testing environment is not configured to support act(...)
The current testing environment is not configured to support act(...)
The current testing environment is not configured to support act(...)
The current testing environment is not configured to support act(...)
The current testing environment is not configured to support act(...)
The current testing environment is not configured to support act(...)
The current testing environment is not configured to support act(...)
The current testing environment is not configured to support act(...)
The current testing environment is not configured to support act(...)
The current testing environment is not configured to support act(...)
The current testing environment is not configured to support act(...)
The current testing environment is not configured to support act(...)
The current testing environment is not configured to support act(...)
The current testing environment is not configured to support act(...)
The current testing environment is not configured to support act(...)
The current testing environment is not configured to support act(...)
The current testing environment is not configured to support act(...)
The current testing environment is not configured to support act(...)
The current testing environment is not configured to support act(...)
The current testing environment is not configured to support act(...)
The current testing environment is not configured to support act(...)
The current testing environment is not configured to support act(...)
The current testing environment is not configured to support act(...)
The current testing environment is not configured to support act(...)
The current testing environment is not configured to support act(...)
The current testing environment is not configured to support act(...)
The current testing environment is not configured to support act(...)
The current testing environment is not configured to support act(...)
The current testing environment is not configured to support act(...)
The current testing environment is not configured to support act(...)
The current testing environment is not configured to support act(...)
The current testing environment is not configured to support act(...)
The current testing environment is not configured to support act(...)
The current testing environment is not configured to support act(...)
The current testing environment is not configured to support act(...)
The current testing environment is not configured to support act(...)

stderr | src/features/units/units-controller-regression.test.tsx > UnitsWorkspace controller regression > opens the unit preview dialog from keyboard row activation
Error: getaddrinfo ENOTFOUND invalid.supabase.local
[90m    at GetAddrInfoReqWrap.onlookupall [as oncomplete] (node:dns:122:26)[39m {
  errno: [33m-3008[39m,
  code: [32m'ENOTFOUND'[39m,
  syscall: [32m'getaddrinfo'[39m,
  hostname: [32m'invalid.supabase.local'[39m
}

stderr | src/features/units/units-controller-regression.test.tsx > UnitsWorkspace controller regression > opens the unit preview dialog from keyboard row activation
The current testing environment is not configured to support act(...)
The current testing environment is not configured to support act(...)
The current testing environment is not configured to support act(...)
The current testing environment is not configured to support act(...)
The current testing environment is not configured to support act(...)
The current testing environment is not configured to support act(...)
The current testing environment is not configured to support act(...)
The current testing environment is not configured to support act(...)
The current testing environment is not configured to support act(...)

stderr | src/features/units/units-controller-regression.test.tsx > UnitsWorkspace controller regression > routes the explicit full-page action to the unit dossier
The current testing environment is not configured to support act(...)

stderr | src/features/units/units-controller-regression.test.tsx > UnitsWorkspace controller regression > routes the explicit full-page action to the unit dossier
The current testing environment is not configured to support act(...)
The current testing environment is not configured to support act(...)
The current testing environment is not configured to support act(...)
The current testing environment is not configured to support act(...)
The current testing environment is not configured to support act(...)
The current testing environment is not configured to support act(...)
The current testing environment is not configured to support act(...)
The current testing environment is not configured to support act(...)
The current testing environment is not configured to support act(...)

stderr | src/features/units/units-controller-regression.test.tsx > UnitsWorkspace controller regression > routes the explicit full-page action to the unit dossier
The current testing environment is not configured to support act(...)

stderr | src/features/units/units-controller-regression.test.tsx > UnitsWorkspace controller regression > routes the explicit full-page action to the unit dossier
The current testing environment is not configured to support act(...)

stderr | src/features/units/units-controller-regression.test.tsx > UnitsWorkspace controller regression > routes the explicit full-page action to the unit dossier
Error: getaddrinfo ENOTFOUND invalid.supabase.local
[90m    at GetAddrInfoReqWrap.onlookupall [as oncomplete] (node:dns:122:26)[39m {
  errno: [33m-3008[39m,
  code: [32m'ENOTFOUND'[39m,
  syscall: [32m'getaddrinfo'[39m,
  hostname: [32m'invalid.supabase.local'[39m
}

stderr | src/features/units/units-controller-regression.test.tsx > UnitsWorkspace controller regression > routes the explicit full-page action to the unit dossier
The current testing environment is not configured to support act(...)

stderr | src/features/units/units-controller-regression.test.tsx > UnitsWorkspace controller regression > routes the explicit full-page action to the unit dossier
The current testing environment is not configured to support act(...)

stderr | src/features/units/units-controller-regression.test.tsx > UnitsWorkspace controller regression > renders search input with correct placeholder
The current testing environment is not configured to support act(...)

stderr | src/features/units/units-controller-regression.test.tsx > UnitsWorkspace controller regression > renders search input with correct placeholder
The current testing environment is not configured to support act(...)
The current testing environment is not configured to support act(...)
The current testing environment is not configured to support act(...)
The current testing environment is not configured to support act(...)
The current testing environment is not configured to support act(...)
The current testing environment is not configured to support act(...)
The current testing environment is not configured to support act(...)
The current testing environment is not configured to support act(...)
The current testing environment is not configured to support act(...)

stderr | src/features/units/units-controller-regression.test.tsx > UnitsWorkspace controller regression > renders search input with correct placeholder
The current testing environment is not configured to support act(...)

stderr | src/features/units/units-controller-regression.test.tsx > UnitsWorkspace controller regression > keeps the shared summary strip focused on operational KPIs without duplicating total unit count
The current testing environment is not configured to support act(...)

stderr | src/features/units/units-controller-regression.test.tsx > UnitsWorkspace controller regression > keeps the shared summary strip focused on operational KPIs without duplicating total unit count
The current testing environment is not configured to support act(...)
The current testing environment is not configured to support act(...)
The current testing environment is not configured to support act(...)
The current testing environment is not configured to support act(...)
The current testing environment is not configured to support act(...)
The current testing environment is not configured to support act(...)
The current testing environment is not configured to support act(...)
The current testing environment is not configured to support act(...)
The current testing environment is not configured to support act(...)

stderr | src/features/units/units-controller-regression.test.tsx > UnitsWorkspace controller regression > keeps the shared summary strip focused on operational KPIs without duplicating total unit count
Error: getaddrinfo ENOTFOUND invalid.supabase.local
[90m    at GetAddrInfoReqWrap.onlookupall [as oncomplete] (node:dns:122:26)[39m {
  errno: [33m-3008[39m,
  code: [32m'ENOTFOUND'[39m,
  syscall: [32m'getaddrinfo'[39m,
  hostname: [32m'invalid.supabase.local'[39m
}

stderr | src/features/units/units-controller-regression.test.tsx > UnitsWorkspace controller regression > keeps the shared summary strip focused on operational KPIs without duplicating total unit count
The current testing environment is not configured to support act(...)

stderr | src/features/units/units-controller-regression.test.tsx
Error: getaddrinfo ENOTFOUND invalid.supabase.local
[90m    at GetAddrInfoReqWrap.onlookupall [as oncomplete] (node:dns:122:26)[39m {
  errno: [33m-3008[39m,
  code: [32m'ENOTFOUND'[39m,
  syscall: [32m'getaddrinfo'[39m,
  hostname: [32m'invalid.supabase.local'[39m
}

stderr | src/features/p6e-contract-form-behavior.test.tsx
Supabase environment is incomplete. Runtime diagnostics will be shown in UI.
GoTrueClient@rentrix-auth-session:1 (2.105.1) 2026-09-09T14:23:31.095Z Multiple GoTrueClient instances detected in the same browser context. It is not an error, but this should be avoided as it may produce undefined behavior when used concurrently under the same storage key.

stderr | src/features/p6e-contract-form-behavior.test.tsx
Error: getaddrinfo ENOTFOUND invalid.supabase.local
[90m    at GetAddrInfoReqWrap.onlookupall [as oncomplete] (node:dns:122:26)[39m {
  errno: [33m-3008[39m,
  code: [32m'ENOTFOUND'[39m,
  syscall: [32m'getaddrinfo'[39m,
  hostname: [32m'invalid.supabase.local'[39m
}

stderr | src/features/p6e-contract-form-behavior.test.tsx
Error: getaddrinfo ENOTFOUND invalid.supabase.local
[90m    at GetAddrInfoReqWrap.onlookupall [as oncomplete] (node:dns:122:26)[39m {
  errno: [33m-3008[39m,
  code: [32m'ENOTFOUND'[39m,
  syscall: [32m'getaddrinfo'[39m,
  hostname: [32m'invalid.supabase.local'[39m
}

stderr | src/features/p6e-contract-form-behavior.test.tsx > contract form mobile stepper — behavioral > valid steps advance and Back preserves optional entered state
Error: getaddrinfo ENOTFOUND invalid.supabase.local
[90m    at GetAddrInfoReqWrap.onlookupall [as oncomplete] (node:dns:122:26)[39m {
  errno: [33m-3008[39m,
  code: [32m'ENOTFOUND'[39m,
  syscall: [32m'getaddrinfo'[39m,
  hostname: [32m'invalid.supabase.local'[39m
}

stderr | src/features/p6e-contract-form-behavior.test.tsx > contract form mobile stepper — behavioral > valid steps advance and Back preserves optional entered state
Error: getaddrinfo ENOTFOUND invalid.supabase.local
[90m    at GetAddrInfoReqWrap.onlookupall [as oncomplete] (node:dns:122:26)[39m {
  errno: [33m-3008[39m,
  code: [32m'ENOTFOUND'[39m,
  syscall: [32m'getaddrinfo'[39m,
  hostname: [32m'invalid.supabase.local'[39m
}

stderr | src/features/p6e-contract-form-behavior.test.tsx > contract form mobile stepper — behavioral > shows a compact review and submits the current billing semantics
Error: getaddrinfo ENOTFOUND invalid.supabase.local
[90m    at GetAddrInfoReqWrap.onlookupall [as oncomplete] (node:dns:122:26)[39m {
  errno: [33m-3008[39m,
  code: [32m'ENOTFOUND'[39m,
  syscall: [32m'getaddrinfo'[39m,
  hostname: [32m'invalid.supabase.local'[39m
}

stderr | src/features/p6e-contract-form-behavior.test.tsx > contract form mobile stepper — behavioral > a failed payment amount returns the user to the financial step
Error: getaddrinfo ENOTFOUND invalid.supabase.local
[90m    at GetAddrInfoReqWrap.onlookupall [as oncomplete] (node:dns:122:26)[39m {
  errno: [33m-3008[39m,
  code: [32m'ENOTFOUND'[39m,
  syscall: [32m'getaddrinfo'[39m,
  hostname: [32m'invalid.supabase.local'[39m
}

stderr | src/features/p6e-contract-form-behavior.test.tsx > contract form mobile stepper — behavioral > a failed payment amount returns the user to the financial step
Error: getaddrinfo ENOTFOUND invalid.supabase.local
[90m    at GetAddrInfoReqWrap.onlookupall [as oncomplete] (node:dns:122:26)[39m {
  errno: [33m-3008[39m,
  code: [32m'ENOTFOUND'[39m,
  syscall: [32m'getaddrinfo'[39m,
  hostname: [32m'invalid.supabase.local'[39m
}

stderr | src/features/p6e-contract-form-behavior.test.tsx > contract form mobile stepper — behavioral > a failed billing policy field returns the user to the financial step
Error: getaddrinfo ENOTFOUND invalid.supabase.local
[90m    at GetAddrInfoReqWrap.onlookupall [as oncomplete] (node:dns:122:26)[39m {
  errno: [33m-3008[39m,
  code: [32m'ENOTFOUND'[39m,
  syscall: [32m'getaddrinfo'[39m,
  hostname: [32m'invalid.supabase.local'[39m
}

stderr | src/app/layout/mobile-quick-add-list.test.tsx
Error: getaddrinfo ENOTFOUND invalid.supabase.local
[90m    at GetAddrInfoReqWrap.onlookupall [as oncomplete] (node:dns:122:26)[39m {
  errno: [33m-3008[39m,
  code: [32m'ENOTFOUND'[39m,
  syscall: [32m'getaddrinfo'[39m,
  hostname: [32m'invalid.supabase.local'[39m
}

stderr | src/app/layout/mobile-quick-add-list.test.tsx
Error: getaddrinfo ENOTFOUND invalid.supabase.local
[90m    at GetAddrInfoReqWrap.onlookupall [as oncomplete] (node:dns:122:26)[39m {
  errno: [33m-3008[39m,
  code: [32m'ENOTFOUND'[39m,
  syscall: [32m'getaddrinfo'[39m,
  hostname: [32m'invalid.supabase.local'[39m
}

stderr | src/features/utilities/utility-bill-detail.test.tsx
Supabase environment is incomplete. Runtime diagnostics will be shown in UI.
GoTrueClient@rentrix-auth-session:2 (2.105.1) 2026-09-09T14:23:32.548Z Multiple GoTrueClient instances detected in the same browser context. It is not an error, but this should be avoided as it may produce undefined behavior when used concurrently under the same storage key.

stderr | src/features/financials/invoices/useDossierInvoicesForContracts.test.ts
AggregateError: 
[90m    at internalConnectMultiple (node:net:1122:18)[39m
[90m    at afterConnectMultiple (node:net:1689:7)[39m {
  code: [32m'ECONNREFUSED'[39m,
  [errors]: [
    Error: connect ECONNREFUSED ::1:3000
    [90m    at createConnectionError (node:net:1652:14)[39m
    [90m    at afterConnectMultiple (node:net:1682:16)[39m {
      errno: [33m-111[39m,
      code: [32m'ECONNREFUSED'[39m,
      syscall: [32m'connect'[39m,
      address: [32m'::1'[39m,
      port: [33m3000[39m
    },
    Error: connect ECONNREFUSED 127.0.0.1:3000
    [90m    at createConnectionError (node:net:1652:14)[39m
    [90m    at afterConnectMultiple (node:net:1682:16)[39m {
      errno: [33m-111[39m,
      code: [32m'ECONNREFUSED'[39m,
      syscall: [32m'connect'[39m,
      address: [32m'127.0.0.1'[39m,
      port: [33m3000[39m
    }
  ]
}

stderr | src/features/financials/invoices/useDossierInvoicesForContracts.test.ts
DOMException [NetworkError]: Failed to execute "fetch()" on "Window" with URL "http://localhost:3000/fonts/fonts.css": 
    at Fetch.onError (file:///home/user/malek/node_modules/[4m.pnpm[24m/happy-dom@20.10.6/node_modules/[4mhappy-dom[24m/src/fetch/Fetch.ts:700:4)
[90m    at ClientRequest.emit (node:events:524:28)[39m
[90m    at emitErrorEvent (node:_http_client:101:11)[39m
[90m    at Socket.socketErrorListener (node:_http_client:504:5)[39m
[90m    at Socket.emit (node:events:524:28)[39m
[90m    at emitErrorNT (node:internal/streams/destroy:169:8)[39m
[90m    at emitErrorCloseNT (node:internal/streams/destroy:128:3)[39m
[90m    at processTicksAndRejections (node:internal/process/task_queues:82:21)[39m

stderr | src/features/financials/invoices/useDossierInvoicesForContracts.test.ts > useDossierInvoicesForContracts — bounded batched register read > builds one deterministic, deduplicated query key per visible page
Supabase environment is incomplete. Runtime diagnostics will be shown in UI.
GoTrueClient@rentrix-auth-session:3 (2.105.1) 2026-09-09T14:23:33.019Z Multiple GoTrueClient instances detected in the same browser context. It is not an error, but this should be avoided as it may produce undefined behavior when used concurrently under the same storage key.

stderr | src/services/action-service.test.ts
Error: getaddrinfo ENOTFOUND invalid.supabase.local
[90m    at GetAddrInfoReqWrap.onlookupall [as oncomplete] (node:dns:122:26)[39m {
  errno: [33m-3008[39m,
  code: [32m'ENOTFOUND'[39m,
  syscall: [32m'getaddrinfo'[39m,
  hostname: [32m'invalid.supabase.local'[39m
}

stderr | Fetch.onError (file:/home/user/malek/node_modules/.pnpm/happy-dom@20.10.6/node_modules/happy-dom/src/fetch/Fetch.ts:698:35)
Error: getaddrinfo ENOTFOUND invalid.supabase.local
[90m    at GetAddrInfoReqWrap.onlookupall [as oncomplete] (node:dns:122:26)[39m {
  errno: [33m-3008[39m,
  code: [32m'ENOTFOUND'[39m,
  syscall: [32m'getaddrinfo'[39m,
  hostname: [32m'invalid.supabase.local'[39m
}


===== SHARD 11/14 — 39 files =====

 RUN  v3.2.7 /home/user/malek/rentrix-app

 ✓ src/features/financials/reports/owner-offset-lifecycle.test.ts (18 tests) 15287ms
   ✓ retains a pre-migration offset and its retry identity while allowing another operation  3439ms
   ✓ preserves a historical one-baisa over-offset on upgrade without permitting another effect  3577ms
   ✓ retains old reversal and payment retries after upgrade and freezes paid evidence  3372ms
 ✓ src/features/financials/receipts/receiptService.test.ts (15 tests) 124ms
 ✓ src/features/contracts/short-stay-lease-mode.pglite.test.ts (9 tests) 3131ms
 ✓ src/features/maintenance/r8-maintenance-lifecycle-execution.test.ts (5 tests) 3209ms
 ✓ src/features/system/services/data-integrity-service.test.ts (18 tests) 5ms
 ✓ src/features/owners/services/owner-service-null-embed.test.ts (12 tests) 2ms
 ✓ src/features/contracts/ContractDetailPage.test.tsx (4 tests) 150ms
 ✓ src/features/financials/financials-ia.test.tsx (10 tests) 3ms
 ✓ src/features/governance-hub/governance-hub.test.tsx (15 tests) 5ms
 ✓ src/features/utilities/utility-obligations.test.ts (10 tests) 2ms
 ✓ src/features/ai-assistant/ai-assistant-surface-context.test.ts (8 tests) 2ms
 ✓ src/features/owners/owner-agreement-paged-read.test.ts (6 tests) 17ms
 ✓ src/services/documents/documentPlatform.boundaries.test.ts (5 tests) 117ms
 ✓ src/features/financials/reconciliation/bankReconciliationService.test.ts (7 tests) 5ms
 ✓ src/features/reports/reports-insights.test.ts (3 tests) 1ms
 ✓ src/lib/pwa-safety-contract.test.ts (5 tests) 3ms
 ✓ src/features/financials/components/arrears-workflow-helpers.test.ts (4 tests) 1ms
 ✓ src/features/leads/services/leads-service.test.ts (8 tests) 5ms
 ✓ src/app/not-found-legacy-recovery.contract.test.ts (4 tests) 1ms
 ✓ src/features/financials/deposits/deposit-voucher-document.test.ts (2 tests) 2ms
 ✓ src/features/dashboard/utility-obligations-signal.test.ts (4 tests) 1ms
 ✓ src/features/financials/invoices/useInvoices.test.ts (1 test) 2ms
 ✓ src/test/fake-supabase-backend.test.ts (2 tests) 2ms
 ✓ src/components/ui/design-system-exports.test.ts (2 tests) 1ms
 ✓ src/lib/financial-cache.test.ts (2 tests) 6ms
 ✓ src/features/reports/p5-reports-depth.test.ts (2 tests) 1ms
 ✓ src/features/properties/property-card-utils.test.ts (2 tests) 0ms
 ✓ src/app/layout/mobile-shell-navigation-polish.test.tsx (20 tests) 1032ms
 ✓ src/features/contracts/contracts-lifecycle-interaction.test.tsx (2 tests) 485ms
   ✓ Contracts lifecycle mobile interactions > opens renew and terminate lifecycle dialogs from mobile-safe detail actions and invokes services  320ms
 ✓ src/features/auth/login-page.test.tsx (12 tests) 209ms
 ✓ src/features/p6f-owner-agreement-behavior.test.tsx (4 tests) 322ms
 ✓ src/features/units/units-list-interaction.test.tsx (4 tests) 143ms
 ✓ src/components/layout/embeddable-workspace.test.tsx (8 tests) 18ms
 ✓ src/features/reports/components/statements-owner-excel-contract.test.ts (6 tests) 2ms
 ✓ src/features/settings/office-launch/import/office-import.test.ts (10 tests) 14ms
 ✓ src/components/ui/section-tabs.visual-wave-1.test.tsx (4 tests) 9ms
 ✓ src/features/ai-assistant/speech/assistant-speech-replay-regression.test.ts (2 tests) 9ms
 ✓ src/services/auth-service.test.ts (9 tests) 8ms
 ✓ src/features/automation/automation-center.test.tsx (2 tests) 11ms

 Test Files  39 passed (39)
      Tests  266 passed (266)
   Start at  14:23:34
   Duration  29.43s (transform 2.38s, setup 0ms, collect 4.20s, tests 24.35s, environment 274ms, prepare 114ms)

stderr | src/features/system/services/data-integrity-service.test.ts
Supabase environment is incomplete. Runtime diagnostics will be shown in UI.

stderr | src/features/contracts/ContractDetailPage.test.tsx
Supabase environment is incomplete. Runtime diagnostics will be shown in UI.

stderr | src/features/financials/reconciliation/bankReconciliationService.test.ts
Supabase environment is incomplete. Runtime diagnostics will be shown in UI.

stderr | src/features/financials/components/arrears-workflow-helpers.test.ts
Supabase environment is incomplete. Runtime diagnostics will be shown in UI.

stderr | src/features/financials/invoices/useInvoices.test.ts
Supabase environment is incomplete. Runtime diagnostics will be shown in UI.

stderr | src/app/layout/mobile-shell-navigation-polish.test.tsx
Supabase environment is incomplete. Runtime diagnostics will be shown in UI.

stderr | Fetch.onError (file:/home/user/malek/node_modules/.pnpm/happy-dom@20.10.6/node_modules/happy-dom/src/fetch/Fetch.ts:698:35)
Error: getaddrinfo ENOTFOUND invalid.supabase.local
[90m    at GetAddrInfoReqWrap.onlookupall [as oncomplete] (node:dns:122:26)[39m {
  errno: [33m-3008[39m,
  code: [32m'ENOTFOUND'[39m,
  syscall: [32m'getaddrinfo'[39m,
  hostname: [32m'invalid.supabase.local'[39m
}

stderr | Fetch.onError (file:/home/user/malek/node_modules/.pnpm/happy-dom@20.10.6/node_modules/happy-dom/src/fetch/Fetch.ts:698:35)
Error: getaddrinfo ENOTFOUND invalid.supabase.local
[90m    at GetAddrInfoReqWrap.onlookupall [as oncomplete] (node:dns:122:26)[39m {
  errno: [33m-3008[39m,
  code: [32m'ENOTFOUND'[39m,
  syscall: [32m'getaddrinfo'[39m,
  hostname: [32m'invalid.supabase.local'[39m
}

stderr | Fetch.onError (file:/home/user/malek/node_modules/.pnpm/happy-dom@20.10.6/node_modules/happy-dom/src/fetch/Fetch.ts:698:35)
Error: getaddrinfo ENOTFOUND invalid.supabase.local
[90m    at GetAddrInfoReqWrap.onlookupall [as oncomplete] (node:dns:122:26)[39m {
  errno: [33m-3008[39m,
  code: [32m'ENOTFOUND'[39m,
  syscall: [32m'getaddrinfo'[39m,
  hostname: [32m'invalid.supabase.local'[39m
}

stderr | Fetch.onError (file:/home/user/malek/node_modules/.pnpm/happy-dom@20.10.6/node_modules/happy-dom/src/fetch/Fetch.ts:698:35)
Error: getaddrinfo ENOTFOUND invalid.supabase.local
[90m    at GetAddrInfoReqWrap.onlookupall [as oncomplete] (node:dns:122:26)[39m {
  errno: [33m-3008[39m,
  code: [32m'ENOTFOUND'[39m,
  syscall: [32m'getaddrinfo'[39m,
  hostname: [32m'invalid.supabase.local'[39m
}

stderr | Fetch.onError (file:/home/user/malek/node_modules/.pnpm/happy-dom@20.10.6/node_modules/happy-dom/src/fetch/Fetch.ts:698:35)
Error: getaddrinfo ENOTFOUND invalid.supabase.local
[90m    at GetAddrInfoReqWrap.onlookupall [as oncomplete] (node:dns:122:26)[39m {
  errno: [33m-3008[39m,
  code: [32m'ENOTFOUND'[39m,
  syscall: [32m'getaddrinfo'[39m,
  hostname: [32m'invalid.supabase.local'[39m
}

stderr | Fetch.onError (file:/home/user/malek/node_modules/.pnpm/happy-dom@20.10.6/node_modules/happy-dom/src/fetch/Fetch.ts:698:35)
Error: getaddrinfo ENOTFOUND invalid.supabase.local
[90m    at GetAddrInfoReqWrap.onlookupall [as oncomplete] (node:dns:122:26)[39m {
  errno: [33m-3008[39m,
  code: [32m'ENOTFOUND'[39m,
  syscall: [32m'getaddrinfo'[39m,
  hostname: [32m'invalid.supabase.local'[39m
}

stderr | Fetch.onError (file:/home/user/malek/node_modules/.pnpm/happy-dom@20.10.6/node_modules/happy-dom/src/fetch/Fetch.ts:698:35)
Error: getaddrinfo ENOTFOUND invalid.supabase.local
[90m    at GetAddrInfoReqWrap.onlookupall [as oncomplete] (node:dns:122:26)[39m {
  errno: [33m-3008[39m,
  code: [32m'ENOTFOUND'[39m,
  syscall: [32m'getaddrinfo'[39m,
  hostname: [32m'invalid.supabase.local'[39m
}

stderr | Fetch.onError (file:/home/user/malek/node_modules/.pnpm/happy-dom@20.10.6/node_modules/happy-dom/src/fetch/Fetch.ts:698:35)
Error: getaddrinfo ENOTFOUND invalid.supabase.local
[90m    at GetAddrInfoReqWrap.onlookupall [as oncomplete] (node:dns:122:26)[39m {
  errno: [33m-3008[39m,
  code: [32m'ENOTFOUND'[39m,
  syscall: [32m'getaddrinfo'[39m,
  hostname: [32m'invalid.supabase.local'[39m
}

stderr | Fetch.onError (file:/home/user/malek/node_modules/.pnpm/happy-dom@20.10.6/node_modules/happy-dom/src/fetch/Fetch.ts:698:35)
Error: getaddrinfo ENOTFOUND invalid.supabase.local
[90m    at GetAddrInfoReqWrap.onlookupall [as oncomplete] (node:dns:122:26)[39m {
  errno: [33m-3008[39m,
  code: [32m'ENOTFOUND'[39m,
  syscall: [32m'getaddrinfo'[39m,
  hostname: [32m'invalid.supabase.local'[39m
}

stderr | Fetch.onError (file:/home/user/malek/node_modules/.pnpm/happy-dom@20.10.6/node_modules/happy-dom/src/fetch/Fetch.ts:698:35)
Error: getaddrinfo ENOTFOUND invalid.supabase.local
[90m    at GetAddrInfoReqWrap.onlookupall [as oncomplete] (node:dns:122:26)[39m {
  errno: [33m-3008[39m,
  code: [32m'ENOTFOUND'[39m,
  syscall: [32m'getaddrinfo'[39m,
  hostname: [32m'invalid.supabase.local'[39m
}

stderr | Fetch.onError (file:/home/user/malek/node_modules/.pnpm/happy-dom@20.10.6/node_modules/happy-dom/src/fetch/Fetch.ts:698:35)
Error: getaddrinfo ENOTFOUND invalid.supabase.local
[90m    at GetAddrInfoReqWrap.onlookupall [as oncomplete] (node:dns:122:26)[39m {
  errno: [33m-3008[39m,
  code: [32m'ENOTFOUND'[39m,
  syscall: [32m'getaddrinfo'[39m,
  hostname: [32m'invalid.supabase.local'[39m
}

stderr | Fetch.onError (file:/home/user/malek/node_modules/.pnpm/happy-dom@20.10.6/node_modules/happy-dom/src/fetch/Fetch.ts:698:35)
Error: getaddrinfo ENOTFOUND invalid.supabase.local
[90m    at GetAddrInfoReqWrap.onlookupall [as oncomplete] (node:dns:122:26)[39m {
  errno: [33m-3008[39m,
  code: [32m'ENOTFOUND'[39m,
  syscall: [32m'getaddrinfo'[39m,
  hostname: [32m'invalid.supabase.local'[39m
}

stderr | Fetch.onError (file:/home/user/malek/node_modules/.pnpm/happy-dom@20.10.6/node_modules/happy-dom/src/fetch/Fetch.ts:698:35)
Error: getaddrinfo ENOTFOUND invalid.supabase.local
[90m    at GetAddrInfoReqWrap.onlookupall [as oncomplete] (node:dns:122:26)[39m {
  errno: [33m-3008[39m,
  code: [32m'ENOTFOUND'[39m,
  syscall: [32m'getaddrinfo'[39m,
  hostname: [32m'invalid.supabase.local'[39m
}

stderr | Fetch.onError (file:/home/user/malek/node_modules/.pnpm/happy-dom@20.10.6/node_modules/happy-dom/src/fetch/Fetch.ts:698:35)
Error: getaddrinfo ENOTFOUND invalid.supabase.local
[90m    at GetAddrInfoReqWrap.onlookupall [as oncomplete] (node:dns:122:26)[39m {
  errno: [33m-3008[39m,
  code: [32m'ENOTFOUND'[39m,
  syscall: [32m'getaddrinfo'[39m,
  hostname: [32m'invalid.supabase.local'[39m
}

stderr | Fetch.onError (file:/home/user/malek/node_modules/.pnpm/happy-dom@20.10.6/node_modules/happy-dom/src/fetch/Fetch.ts:698:35)
Error: getaddrinfo ENOTFOUND invalid.supabase.local
[90m    at GetAddrInfoReqWrap.onlookupall [as oncomplete] (node:dns:122:26)[39m {
  errno: [33m-3008[39m,
  code: [32m'ENOTFOUND'[39m,
  syscall: [32m'getaddrinfo'[39m,
  hostname: [32m'invalid.supabase.local'[39m
}

stderr | src/features/contracts/contracts-lifecycle-interaction.test.tsx
Error: getaddrinfo ENOTFOUND invalid.supabase.local
[90m    at GetAddrInfoReqWrap.onlookupall [as oncomplete] (node:dns:122:26)[39m {
  errno: [33m-3008[39m,
  code: [32m'ENOTFOUND'[39m,
  syscall: [32m'getaddrinfo'[39m,
  hostname: [32m'invalid.supabase.local'[39m
}

stderr | src/features/contracts/contracts-lifecycle-interaction.test.tsx
Supabase environment is incomplete. Runtime diagnostics will be shown in UI.
GoTrueClient@rentrix-auth-session:1 (2.105.1) 2026-09-09T14:24:01.163Z Multiple GoTrueClient instances detected in the same browser context. It is not an error, but this should be avoided as it may produce undefined behavior when used concurrently under the same storage key.

stderr | src/features/contracts/contracts-lifecycle-interaction.test.tsx > Contracts lifecycle mobile interactions > opens renew and terminate lifecycle dialogs from mobile-safe detail actions and invokes services
Error: getaddrinfo ENOTFOUND invalid.supabase.local
[90m    at GetAddrInfoReqWrap.onlookupall [as oncomplete] (node:dns:122:26)[39m {
  errno: [33m-3008[39m,
  code: [32m'ENOTFOUND'[39m,
  syscall: [32m'getaddrinfo'[39m,
  hostname: [32m'invalid.supabase.local'[39m
}

stderr | src/features/contracts/contracts-lifecycle-interaction.test.tsx > Contracts lifecycle mobile interactions > opens renew and terminate lifecycle dialogs from mobile-safe detail actions and invokes services
Error: getaddrinfo ENOTFOUND invalid.supabase.local
[90m    at GetAddrInfoReqWrap.onlookupall [as oncomplete] (node:dns:122:26)[39m {
  errno: [33m-3008[39m,
  code: [32m'ENOTFOUND'[39m,
  syscall: [32m'getaddrinfo'[39m,
  hostname: [32m'invalid.supabase.local'[39m
}

stderr | src/features/contracts/contracts-lifecycle-interaction.test.tsx > Contracts lifecycle mobile interactions > opens renew and terminate lifecycle dialogs from mobile-safe detail actions and invokes services
Error: getaddrinfo ENOTFOUND invalid.supabase.local
[90m    at GetAddrInfoReqWrap.onlookupall [as oncomplete] (node:dns:122:26)[39m {
  errno: [33m-3008[39m,
  code: [32m'ENOTFOUND'[39m,
  syscall: [32m'getaddrinfo'[39m,
  hostname: [32m'invalid.supabase.local'[39m
}

stderr | src/features/contracts/contracts-lifecycle-interaction.test.tsx > Contracts lifecycle mobile interactions > opens renew and terminate lifecycle dialogs from mobile-safe detail actions and invokes services
Error: getaddrinfo ENOTFOUND invalid.supabase.local
[90m    at GetAddrInfoReqWrap.onlookupall [as oncomplete] (node:dns:122:26)[39m {
  errno: [33m-3008[39m,
  code: [32m'ENOTFOUND'[39m,
  syscall: [32m'getaddrinfo'[39m,
  hostname: [32m'invalid.supabase.local'[39m
}

stderr | src/features/contracts/contracts-lifecycle-interaction.test.tsx > Contracts lifecycle mobile interactions > opens renew and terminate lifecycle dialogs from mobile-safe detail actions and invokes services
Error: getaddrinfo ENOTFOUND invalid.supabase.local
[90m    at GetAddrInfoReqWrap.onlookupall [as oncomplete] (node:dns:122:26)[39m {
  errno: [33m-3008[39m,
  code: [32m'ENOTFOUND'[39m,
  syscall: [32m'getaddrinfo'[39m,
  hostname: [32m'invalid.supabase.local'[39m
}

stderr | src/features/contracts/contracts-lifecycle-interaction.test.tsx > Contracts lifecycle mobile interactions > opens renew and terminate lifecycle dialogs from mobile-safe detail actions and invokes services
Error: getaddrinfo ENOTFOUND invalid.supabase.local
[90m    at GetAddrInfoReqWrap.onlookupall [as oncomplete] (node:dns:122:26)[39m {
  errno: [33m-3008[39m,
  code: [32m'ENOTFOUND'[39m,
  syscall: [32m'getaddrinfo'[39m,
  hostname: [32m'invalid.supabase.local'[39m
}

stderr | src/features/contracts/contracts-lifecycle-interaction.test.tsx > Contracts lifecycle mobile interactions > opens renew and terminate lifecycle dialogs from mobile-safe detail actions and invokes services
Error: getaddrinfo ENOTFOUND invalid.supabase.local
[90m    at GetAddrInfoReqWrap.onlookupall [as oncomplete] (node:dns:122:26)[39m {
  errno: [33m-3008[39m,
  code: [32m'ENOTFOUND'[39m,
  syscall: [32m'getaddrinfo'[39m,
  hostname: [32m'invalid.supabase.local'[39m
}

stderr | src/features/contracts/contracts-lifecycle-interaction.test.tsx > Contracts lifecycle mobile interactions > opens renew and terminate lifecycle dialogs from mobile-safe detail actions and invokes services
Error: getaddrinfo ENOTFOUND invalid.supabase.local
[90m    at GetAddrInfoReqWrap.onlookupall [as oncomplete] (node:dns:122:26)[39m {
  errno: [33m-3008[39m,
  code: [32m'ENOTFOUND'[39m,
  syscall: [32m'getaddrinfo'[39m,
  hostname: [32m'invalid.supabase.local'[39m
}

stderr | src/features/contracts/contracts-lifecycle-interaction.test.tsx > Contracts lifecycle mobile interactions > opens renew and terminate lifecycle dialogs from mobile-safe detail actions and invokes services
Error: getaddrinfo ENOTFOUND invalid.supabase.local
[90m    at GetAddrInfoReqWrap.onlookupall [as oncomplete] (node:dns:122:26)[39m {
  errno: [33m-3008[39m,
  code: [32m'ENOTFOUND'[39m,
  syscall: [32m'getaddrinfo'[39m,
  hostname: [32m'invalid.supabase.local'[39m
}

stderr | src/features/contracts/contracts-lifecycle-interaction.test.tsx > Contracts lifecycle mobile interactions > opens renew and terminate lifecycle dialogs from mobile-safe detail actions and invokes services
Error: getaddrinfo ENOTFOUND invalid.supabase.local
[90m    at GetAddrInfoReqWrap.onlookupall [as oncomplete] (node:dns:122:26)[39m {
  errno: [33m-3008[39m,
  code: [32m'ENOTFOUND'[39m,
  syscall: [32m'getaddrinfo'[39m,
  hostname: [32m'invalid.supabase.local'[39m
}

stderr | src/features/contracts/contracts-lifecycle-interaction.test.tsx > Contracts lifecycle mobile interactions > opens renew and terminate lifecycle dialogs from mobile-safe detail actions and invokes services
Error: getaddrinfo ENOTFOUND invalid.supabase.local
[90m    at GetAddrInfoReqWrap.onlookupall [as oncomplete] (node:dns:122:26)[39m {
  errno: [33m-3008[39m,
  code: [32m'ENOTFOUND'[39m,
  syscall: [32m'getaddrinfo'[39m,
  hostname: [32m'invalid.supabase.local'[39m
}

stderr | src/features/contracts/contracts-lifecycle-interaction.test.tsx > Contracts lifecycle mobile interactions > opens renew and terminate lifecycle dialogs from mobile-safe detail actions and invokes services
Error: getaddrinfo ENOTFOUND invalid.supabase.local
[90m    at GetAddrInfoReqWrap.onlookupall [as oncomplete] (node:dns:122:26)[39m {
  errno: [33m-3008[39m,
  code: [32m'ENOTFOUND'[39m,
  syscall: [32m'getaddrinfo'[39m,
  hostname: [32m'invalid.supabase.local'[39m
}

stderr | src/features/contracts/contracts-lifecycle-interaction.test.tsx > Contracts lifecycle mobile interactions > opens renew and terminate lifecycle dialogs from mobile-safe detail actions and invokes services
Error: getaddrinfo ENOTFOUND invalid.supabase.local
[90m    at GetAddrInfoReqWrap.onlookupall [as oncomplete] (node:dns:122:26)[39m {
  errno: [33m-3008[39m,
  code: [32m'ENOTFOUND'[39m,
  syscall: [32m'getaddrinfo'[39m,
  hostname: [32m'invalid.supabase.local'[39m
}

stderr | src/features/contracts/contracts-lifecycle-interaction.test.tsx > Contracts lifecycle mobile interactions > opens renew and terminate lifecycle dialogs from mobile-safe detail actions and invokes services
Error: getaddrinfo ENOTFOUND invalid.supabase.local
[90m    at GetAddrInfoReqWrap.onlookupall [as oncomplete] (node:dns:122:26)[39m {
  errno: [33m-3008[39m,
  code: [32m'ENOTFOUND'[39m,
  syscall: [32m'getaddrinfo'[39m,
  hostname: [32m'invalid.supabase.local'[39m
}

stderr | src/features/contracts/contracts-lifecycle-interaction.test.tsx > Contracts lifecycle mobile interactions > opens renew and terminate lifecycle dialogs from mobile-safe detail actions and invokes services
Error: getaddrinfo ENOTFOUND invalid.supabase.local
[90m    at GetAddrInfoReqWrap.onlookupall [as oncomplete] (node:dns:122:26)[39m {
  errno: [33m-3008[39m,
  code: [32m'ENOTFOUND'[39m,
  syscall: [32m'getaddrinfo'[39m,
  hostname: [32m'invalid.supabase.local'[39m
}

stderr | src/features/contracts/contracts-lifecycle-interaction.test.tsx > Contracts lifecycle mobile interactions > opens renew and terminate lifecycle dialogs from mobile-safe detail actions and invokes services
Error: getaddrinfo ENOTFOUND invalid.supabase.local
[90m    at GetAddrInfoReqWrap.onlookupall [as oncomplete] (node:dns:122:26)[39m {
  errno: [33m-3008[39m,
  code: [32m'ENOTFOUND'[39m,
  syscall: [32m'getaddrinfo'[39m,
  hostname: [32m'invalid.supabase.local'[39m
}

stderr | src/features/contracts/contracts-lifecycle-interaction.test.tsx > Contracts lifecycle mobile interactions > opens renew and terminate lifecycle dialogs from mobile-safe detail actions and invokes services
Error: getaddrinfo ENOTFOUND invalid.supabase.local
[90m    at GetAddrInfoReqWrap.onlookupall [as oncomplete] (node:dns:122:26)[39m {
  errno: [33m-3008[39m,
  code: [32m'ENOTFOUND'[39m,
  syscall: [32m'getaddrinfo'[39m,
  hostname: [32m'invalid.supabase.local'[39m
}

stderr | src/features/p6f-owner-agreement-behavior.test.tsx
Supabase environment is incomplete. Runtime diagnostics will be shown in UI.
GoTrueClient@rentrix-auth-session:2 (2.105.1) 2026-09-09T14:24:02.642Z Multiple GoTrueClient instances detected in the same browser context. It is not an error, but this should be avoided as it may produce undefined behavior when used concurrently under the same storage key.

stderr | src/features/units/units-list-interaction.test.tsx
Supabase environment is incomplete. Runtime diagnostics will be shown in UI.
GoTrueClient@rentrix-auth-session:3 (2.105.1) 2026-09-09T14:24:03.040Z Multiple GoTrueClient instances detected in the same browser context. It is not an error, but this should be avoided as it may produce undefined behavior when used concurrently under the same storage key.

stderr | src/features/units/units-list-interaction.test.tsx > UnitsList Real Rendered User-Interaction Tests > proves clicking a compact responsive table row triggers correct unit detail navigation
Error: getaddrinfo ENOTFOUND invalid.supabase.local
[90m    at GetAddrInfoReqWrap.onlookupall [as oncomplete] (node:dns:122:26)[39m {
  errno: [33m-3008[39m,
  code: [32m'ENOTFOUND'[39m,
  syscall: [32m'getaddrinfo'[39m,
  hostname: [32m'invalid.supabase.local'[39m
}

stderr | src/features/units/units-list-interaction.test.tsx > UnitsList Real Rendered User-Interaction Tests > proves clicking Edit secondary action does not trigger row click navigation but preserves behavior
Error: getaddrinfo ENOTFOUND invalid.supabase.local
[90m    at GetAddrInfoReqWrap.onlookupall [as oncomplete] (node:dns:122:26)[39m {
  errno: [33m-3008[39m,
  code: [32m'ENOTFOUND'[39m,
  syscall: [32m'getaddrinfo'[39m,
  hostname: [32m'invalid.supabase.local'[39m
}

stderr | src/features/units/units-list-interaction.test.tsx > UnitsList Real Rendered User-Interaction Tests > proves clicking Edit secondary action does not trigger row click navigation but preserves behavior
Error: getaddrinfo ENOTFOUND invalid.supabase.local
[90m    at GetAddrInfoReqWrap.onlookupall [as oncomplete] (node:dns:122:26)[39m {
  errno: [33m-3008[39m,
  code: [32m'ENOTFOUND'[39m,
  syscall: [32m'getaddrinfo'[39m,
  hostname: [32m'invalid.supabase.local'[39m
}

stderr | src/features/units/units-list-interaction.test.tsx > UnitsList Real Rendered User-Interaction Tests > proves clicking Archive secondary action does not trigger row click navigation but triggers confirmation flow
Error: getaddrinfo ENOTFOUND invalid.supabase.local
[90m    at GetAddrInfoReqWrap.onlookupall [as oncomplete] (node:dns:122:26)[39m {
  errno: [33m-3008[39m,
  code: [32m'ENOTFOUND'[39m,
  syscall: [32m'getaddrinfo'[39m,
  hostname: [32m'invalid.supabase.local'[39m
}

stderr | src/features/reports/components/statements-owner-excel-contract.test.ts
Supabase environment is incomplete. Runtime diagnostics will be shown in UI.
GoTrueClient@rentrix-auth-session:4 (2.105.1) 2026-09-09T14:24:03.330Z Multiple GoTrueClient instances detected in the same browser context. It is not an error, but this should be avoided as it may produce undefined behavior when used concurrently under the same storage key.

stderr | src/features/automation/automation-center.test.tsx
Supabase environment is incomplete. Runtime diagnostics will be shown in UI.
GoTrueClient@rentrix-auth-session:5 (2.105.1) 2026-09-09T14:24:03.609Z Multiple GoTrueClient instances detected in the same browser context. It is not an error, but this should be avoided as it may produce undefined behavior when used concurrently under the same storage key.


===== SHARD 12/14 — 39 files =====

 RUN  v3.2.7 /home/user/malek/rentrix-app

 ✓ src/features/financials/owner-agency-invoice-accounting.test.ts (17 tests) 5021ms
 ✓ src/test/portal-projection-bounds.pglite.test.ts (10 tests) 3379ms
 ✓ src/features/lifecycle/core-operational-journey.test.ts (10 tests) 3356ms
 ✓ src/features/reports/premium/reports-premium-catalog.test.tsx (20 tests) 15ms
 ✓ src/features/financials/deposits/deposit-workspace-orchestration.test.ts (20 tests) 4ms
 ✓ src/features/reports/reports-overdue-followup-movement.presentation.test.tsx (13 tests) 227ms
 ✓ src/lib/formatters.test.ts (44 tests) 10ms
 ✓ src/features/utilities/utility-schema.test.ts (19 tests) 13ms
 ✓ src/features/financials/reconciliation/owner-payout-cash-authority.test.ts (8 tests) 10730ms
   ✓ proves a fully-offset closure from its original acknowledgement, without a cash journal  3661ms
   ✓ reads original cash after an old post-payout offset reversal without rewriting the old source discrepancy  3607ms
 ✓ src/components/ui/detail-preview-contract.test.ts (9 tests) 2ms
 ✓ src/features/owners/services/owner-service.test.ts (14 tests) 4ms
 ✓ src/features/ai-assistant/speech/assistant-speech-text.test.ts (29 tests) 8ms
 ✓ src/features/detail-presentation-proofs.test.ts (7 tests) 5ms
 ✓ src/features/contracts/soft-delete-contract-rpc.test.ts (7 tests) 3234ms
 ✓ src/features/contracts/documents/contract-documents.test.ts (7 tests) 5ms
 ✓ src/services/documents/documentPlatform.parity.test.ts (4 tests) 7ms
 ✓ src/features/pagination-coverage.test.ts (7 tests) 100ms
 ✓ src/features/financials/receipts/receipts-page.test.ts (8 tests) 1ms
 ✓ src/features/auth/maintenance-action-permissions.test.ts (3 tests) 1ms
 ✓ src/services/documents/DocumentRenderer.test.ts (4 tests) 3ms
 ✓ src/features/financials/components/arrears-workflow-section.test.tsx (4 tests) 24ms
 ✓ src/features/properties/property-creation-workflow-contract.test.ts (5 tests) 1ms
 ✓ src/features/financials/reports/owner-paid-cash-position.test.ts (3 tests) 3363ms
 ✓ src/features/owners/owner-agreement-version-ui-authority.test.ts (5 tests) 1ms
 ✓ src/features/system/services/form-single-pass-validation.test.ts (5 tests) 1ms
 ✓ src/features/financials/financials-mounted-hidden.test.ts (4 tests) 1ms
 ✓ src/components/layout/list-controls.test.tsx (3 tests) 6ms
 ✓ src/features/automation/automation-intent.test.ts (3 tests) 1ms
 ✓ src/features/mobile-accessibility-ux.test.ts (2 tests) 0ms
 ✓ src/lib/query-keys.test.ts (3 tests) 1ms
 ✓ src/app/page-level-async-state.contract.test.ts (2 tests) 1ms
 ✓ src/features/settings/office-launch/office-readiness.test.ts (2 tests) 1ms
 ✓ src/components/ui/table-visual-contract.test.ts (3 tests) 1ms
 ✓ src/app/layout/notifications-menu.test.ts (3 tests) 1ms
 ✓ src/features/contracts/ContractsListPage.test.tsx (15 tests) 231ms
 ✓ src/features/ai-assistant/assistant-streaming-text.test.tsx (4 tests) 40ms
 ✓ src/features/units/units-list.test.tsx (2 tests) 26ms
 ✓ src/features/governance-hub/permission-review-deeplink.test.tsx (3 tests) 1235ms
   ✓ permission review deep-link — notification CTA lands on the review context > selects the users-permissions tab and scrolls the permission-request review section into view  421ms
   ✓ permission review deep-link — notification CTA lands on the review context > does not scroll when no sub=permission-requests deep link is present  408ms
   ✓ permission review deep-link — notification CTA lands on the review context > keeps the tab change URL contract (section param) when switching tabs  406ms
 ✓ src/features/reports/components/statements-professional-owner-report.test.tsx (3 tests) 84ms

 Test Files  39 passed (39)
      Tests  334 passed (334)
   Start at  14:24:04
   Duration  36.09s (transform 2.15s, setup 0ms, collect 4.00s, tests 31.14s, environment 265ms, prepare 116ms)

stderr | src/features/reports/reports-overdue-followup-movement.presentation.test.tsx
Supabase environment is incomplete. Runtime diagnostics will be shown in UI.

stderr | src/features/reports/reports-overdue-followup-movement.presentation.test.tsx > Overdue report — authoritative arrears semantics > renders executive figures from the arrears summary, not from rendered rows
Warning: useRouter must be used inside a <RouterProvider> component!

stderr | src/features/reports/reports-overdue-followup-movement.presentation.test.tsx > Overdue report — authoritative arrears semantics > shows unavailable instead of a row-derived or zero substitute when the summary is missing
Warning: useRouter must be used inside a <RouterProvider> component!

stderr | src/features/reports/reports-overdue-followup-movement.presentation.test.tsx > Overdue report — authoritative arrears semantics > never presents authoritative-summary exhaustion as an error while genuinely loading
Warning: useRouter must be used inside a <RouterProvider> component!

stderr | src/features/reports/reports-overdue-followup-movement.presentation.test.tsx > Overdue report — authoritative arrears semantics > never presents the current (not-yet-due) bucket as overdue
Warning: useRouter must be used inside a <RouterProvider> component!

stderr | src/features/reports/reports-overdue-followup-movement.presentation.test.tsx > Follow-up report — action-first queue semantics > ranks by risk (value then age) and flags >90-day items for escalation
Warning: useRouter must be used inside a <RouterProvider> component!

stderr | src/features/reports/reports-overdue-followup-movement.presentation.test.tsx > Follow-up report — action-first queue semantics > scopes queue figures to the displayed work list instead of restating total overdue
Warning: useRouter must be used inside a <RouterProvider> component!

stderr | src/features/reports/reports-overdue-followup-movement.presentation.test.tsx > Follow-up report — action-first queue semantics > caps the queue at the top 20 by risk and keeps export permission-gated
Warning: useRouter must be used inside a <RouterProvider> component!
Warning: useRouter must be used inside a <RouterProvider> component!

stderr | src/features/owners/services/owner-service.test.ts
Supabase environment is incomplete. Runtime diagnostics will be shown in UI.

stderr | src/features/contracts/documents/contract-documents.test.ts
Supabase environment is incomplete. Runtime diagnostics will be shown in UI.

stderr | src/features/financials/receipts/receipts-page.test.ts
Supabase environment is incomplete. Runtime diagnostics will be shown in UI.

stderr | src/features/financials/components/arrears-workflow-section.test.tsx
Supabase environment is incomplete. Runtime diagnostics will be shown in UI.

stderr | src/app/layout/notifications-menu.test.ts
Supabase environment is incomplete. Runtime diagnostics will be shown in UI.

stderr | src/features/contracts/ContractsListPage.test.tsx
Supabase environment is incomplete. Runtime diagnostics will be shown in UI.

stderr | src/features/ai-assistant/assistant-streaming-text.test.tsx > AssistantStreamingText > reveals the reply word by word and finishes within the 800ms cap
The current testing environment is not configured to support act(...)
The current testing environment is not configured to support act(...)
The current testing environment is not configured to support act(...)
The current testing environment is not configured to support act(...)
The current testing environment is not configured to support act(...)
The current testing environment is not configured to support act(...)
The current testing environment is not configured to support act(...)
The current testing environment is not configured to support act(...)
The current testing environment is not configured to support act(...)
The current testing environment is not configured to support act(...)
The current testing environment is not configured to support act(...)
The current testing environment is not configured to support act(...)
The current testing environment is not configured to support act(...)
The current testing environment is not configured to support act(...)
The current testing environment is not configured to support act(...)
The current testing environment is not configured to support act(...)
The current testing environment is not configured to support act(...)
The current testing environment is not configured to support act(...)

stderr | src/features/ai-assistant/assistant-streaming-text.test.tsx > AssistantStreamingText > keeps the full canonical text available from the first moment
The current testing environment is not configured to support act(...)
The current testing environment is not configured to support act(...)
The current testing environment is not configured to support act(...)

stderr | src/features/ai-assistant/assistant-streaming-text.test.tsx > AssistantStreamingText > shows the progressive waiting indicator while pending, then reveals the reply
The current testing environment is not configured to support act(...)
The current testing environment is not configured to support act(...)
The current testing environment is not configured to support act(...)
The current testing environment is not configured to support act(...)
The current testing environment is not configured to support act(...)

stderr | src/features/units/units-list.test.tsx
Supabase environment is incomplete. Runtime diagnostics will be shown in UI.
GoTrueClient@rentrix-auth-session:1 (2.105.1) 2026-09-09T14:24:38.657Z Multiple GoTrueClient instances detected in the same browser context. It is not an error, but this should be avoided as it may produce undefined behavior when used concurrently under the same storage key.

stderr | src/features/units/units-list.test.tsx > UnitsList load states > surfaces property unit loading failures instead of rendering an empty workflow
Warning: useRouter must be used inside a <RouterProvider> component!

stderr | src/features/units/units-list.test.tsx > UnitsList mobile card density > shows unit identity, status, rent and compact overflow actions on the mobile card
Warning: useRouter must be used inside a <RouterProvider> component!

stderr | src/features/governance-hub/permission-review-deeplink.test.tsx
Supabase environment is incomplete. Runtime diagnostics will be shown in UI.
GoTrueClient@rentrix-auth-session:2 (2.105.1) 2026-09-09T14:24:38.849Z Multiple GoTrueClient instances detected in the same browser context. It is not an error, but this should be avoided as it may produce undefined behavior when used concurrently under the same storage key.


===== SHARD 13/14 — 38 files =====

 RUN  v3.2.7 /home/user/malek/rentrix-app

 ✓ src/features/lifecycle/p2-owner-reconciliation-journey.pglite.test.ts (6 tests) 4667ms
 ✓ src/features/reports/reports-page.test.ts (18 tests) 9ms
 ✓ src/features/system/system-governance.test.tsx (31 tests) 111ms
 ✓ src/services/documents/documentRegistry.test.ts (34 tests) 27ms
 ✓ src/app/product-simplification-contract.test.ts (14 tests) 4ms
 ✓ src/features/contracts/evidence/contract-evidence-authority.test.ts (6 tests) 3533ms
 ✓ src/features/financials/fixed-monthly-accruals/fixed-monthly-accrual-service.test.ts (26 tests) 3520ms
   ✓ fixed monthly daily accrual service boundary > accepts real zero-amount accrual and reversal evidence with legitimately null journal metadata  3504ms
 ✓ src/features/reports/property-analytics-model.test.ts (16 tests) 3ms
 ✓ src/components/ui/touch-target-floor.test.ts (6 tests) 35ms
 ✓ src/features/auth/notification-read-state-rpc.test.ts (9 tests) 3194ms
 ✓ src/lib/i18n.test.ts (18 tests) 2ms
 ✓ src/features/financials/reports/owner-position-response-contract.test.ts (4 tests) 3566ms
 ✓ src/features/onboarding/onboarding-checklist.test.tsx (8 tests) 33ms
 ✓ src/hooks/use-company-regression.test.ts (10 tests) 1ms
 ✓ src/components/layout/page-header.test.tsx (11 tests) 11ms
 ✓ src/features/financials/deposits/deposits-readable-contracts.test.ts (8 tests) 1ms
 ✓ src/features/owners/services/owner-settlements-service.p1.test.ts (4 tests) 3ms
 ✓ src/features/ai-assistant/services/ai-assistant-context.test.ts (1 test) 48ms
 ✓ src/lib/r10-financial-as-any-guard.test.ts (2 tests) 9ms
 ✓ src/features/financials/reconciliation/owner-payout-cash-suggestions.test.ts (10 tests) 35ms
 ✓ src/features/financials/receipts/useReceipts.test.ts (5 tests) 2ms
 ✓ src/features/pagination-stability.test.ts (4 tests) 2ms
 ✓ src/features/contracts/actions/contractDetailActions.test.ts (2 tests) 2ms
 ✓ src/features/detail-workspace-consistency.test.ts (2 tests) 1ms
 ✓ src/features/automation/automation-service-real.test.ts (5 tests) 1ms
 ✓ src/features/reports/components/statements/owner-statement-inapp.contract.test.ts (3 tests) 1ms
 ✓ src/features/settings/phase0-settings-auth-audit.test.ts (2 tests) 1ms
 ✓ src/services/documents/DocumentService.test.ts (1 test) 1ms
 ✓ src/features/governance-hub/user-roles-model.test.ts (4 tests) 1ms
 ✓ src/features/financials/packageScript.test.ts (1 test) 1ms
 ✓ src/features/financials/components/expenses-section-display.contract.test.ts (1 test) 0ms
 ✓ src/features/ai-assistant/speech/assistant-speech.test.ts (21 tests) 181ms
 ✓ src/app/layout/notifications-menu.visual-wave-1.test.tsx (7 tests) 79ms
 ✓ src/features/properties/property-form-modal.test.tsx (7 tests) 388ms
 ✓ src/features/units/units-page-hook-order.regression.test.tsx (1 test) 98ms
 ✓ src/features/owners/owner-edit-route-context.test.tsx (4 tests) 6ms
 ✓ src/features/contracts/useContractAttention.test.ts (5 tests) 5ms
 ✓ src/components/ui/dialog-modal-semantics.test.tsx (3 tests) 46ms

 Test Files  38 passed (38)
      Tests  320 passed (320)
   Start at  14:24:41
   Duration  23.42s (transform 1.50s, setup 0ms, collect 2.90s, tests 19.63s, environment 270ms, prepare 113ms)

stderr | src/features/reports/reports-page.test.ts
Supabase environment is incomplete. Runtime diagnostics will be shown in UI.

stderr | src/features/system/system-governance.test.tsx
Supabase environment is incomplete. Runtime diagnostics will be shown in UI.

stderr | src/features/units/units-page-hook-order.regression.test.tsx
Supabase environment is incomplete. Runtime diagnostics will be shown in UI.

stderr | src/features/units/units-page-hook-order.regression.test.tsx > UnitsWorkspace hook-order regression (React #310) > survives the loading→data transition without changing hook counts
Error: getaddrinfo ENOTFOUND invalid.supabase.local
[90m    at GetAddrInfoReqWrap.onlookupall [as oncomplete] (node:dns:122:26)[39m {
  errno: [33m-3008[39m,
  code: [32m'ENOTFOUND'[39m,
  syscall: [32m'getaddrinfo'[39m,
  hostname: [32m'invalid.supabase.local'[39m
}

stderr | src/features/units/units-page-hook-order.regression.test.tsx > UnitsWorkspace hook-order regression (React #310) > survives the loading→data transition without changing hook counts
Error: getaddrinfo ENOTFOUND invalid.supabase.local
[90m    at GetAddrInfoReqWrap.onlookupall [as oncomplete] (node:dns:122:26)[39m {
  errno: [33m-3008[39m,
  code: [32m'ENOTFOUND'[39m,
  syscall: [32m'getaddrinfo'[39m,
  hostname: [32m'invalid.supabase.local'[39m
}

stderr | src/features/contracts/useContractAttention.test.ts
Supabase environment is incomplete. Runtime diagnostics will be shown in UI.
GoTrueClient@rentrix-auth-session:1 (2.105.1) 2026-09-09T14:25:04.315Z Multiple GoTrueClient instances detected in the same browser context. It is not an error, but this should be avoided as it may produce undefined behavior when used concurrently under the same storage key.


===== SHARD 14/14 — 38 files =====

 RUN  v3.2.7 /home/user/malek/rentrix-app

 ✓ src/features/lifecycle/product-workflow-scenarios.test.ts (8 tests) 4485ms
 ✓ src/features/ai-assistant/services/ai-assistant-copilot-actions.test.ts (27 tests) 10ms
 ✓ src/services/documents/renderer/documentIdentity.test.ts (19 tests) 7ms
 ✓ src/features/onboarding/onboarding-rpc-authority.test.ts (7 tests) 3299ms
 ✓ src/app/navigation/app-nav-items.test.ts (10 tests) 14ms
 ✓ src/features/financials/reports/owner-receivable-reconciliation.test.ts (8 tests) 7173ms
   ✓ upgrades existing recoveries without changing booked history or old retry identity  3695ms
 ✓ src/features/owners/owner-schema.test.ts (13 tests) 10ms
 ✓ src/features/accounting/accountingServices.test.ts (12 tests) 4ms
 ✓ src/features/help-support/help-support-system.test.ts (5 tests) 3397ms
 ✓ src/features/financials/reconciliation/bank-csv-import-pglite.test.ts (2 tests) 3376ms
 ✓ src/features/reports/reports-touch-targets.test.ts (4 tests) 2ms
 ✓ src/features/owners/services/owner-settlements-service.test.ts (7 tests) 1ms
 ✓ src/features/contracts/ux041-agreement-recovery.test.tsx (12 tests) 1ms
 ✓ src/features/properties/property-overview.test.tsx (2 tests) 69ms
 ✓ src/features/people/party-dossier-read.test.ts (6 tests) 8ms
 ✓ src/features/financials/reports/arrears-status-visibility.test.ts (2 tests) 27ms
 ✓ src/services/documents/attachment-storage-service.test.ts (7 tests) 10ms
 ✓ src/features/financials/payments/paymentService.test.ts (11 tests) 8ms
 ✓ src/features/documents-vault/documents-vault-service.test.ts (4 tests) 2ms
 ✓ src/app/providers/query-client.test.ts (6 tests) 1ms
 ✓ src/features/financials/expenses/expense-actions.test.ts (2 tests) 2ms
 ✓ src/features/tenant-portal/tenant-portal-authority.test.ts (4 tests) 1ms
 ✓ src/lib/latin-numerals-ui-contract.test.ts (1 test) 49ms
 ✓ src/lib/retryable-command.test.ts (2 tests) 1ms
 ✓ src/features/contracts/evidence/contract-evidence-service.test.ts (2 tests) 0ms
 ✓ src/features/contracts/components/ContractDetailWorkspace.test.tsx (2 tests) 0ms
 ✓ src/features/automation/automation-service.test.ts (1 test) 1ms
 ✓ src/features/settings/product-simplification-copy.test.ts (1 test) 0ms
 ✓ src/hooks/use-company.test.tsx (10 tests) 144ms
 ✓ src/features/reports/property-benchmark-wiring.test.tsx (8 tests) 29ms
 ✓ src/components/layout/pwa-install-prompt.test.tsx (12 tests) 47ms
 ✓ src/features/financials/fixed-monthly-accruals/fixed-monthly-accrual-workspace.test.tsx (10 tests) 518ms
 ✓ src/features/ai-assistant/speech/assistant-voice-input.test.ts (9 tests) 4ms
 ✓ src/features/units/units-page-interaction.test.tsx (5 tests) 392ms
 ✓ src/features/financials/components/finance-table-visual.test.tsx (5 tests) 114ms
 ✓ src/features/auth/password-recovery-page.test.tsx (4 tests) 191ms
 ✓ src/features/reports/components/statements/tax-summary-evidence.test.tsx (3 tests) 18ms
 ✓ src/components/ui/dialog-placement.test.tsx (2 tests) 28ms

 Test Files  38 passed (38)
      Tests  255 passed (255)
   Start at  14:25:05
   Duration  28.07s (transform 1.92s, setup 0ms, collect 3.69s, tests 23.44s, environment 281ms, prepare 125ms)

stderr | src/features/help-support/help-support-system.test.ts
Supabase environment is incomplete. Runtime diagnostics will be shown in UI.

stderr | src/features/owners/services/owner-settlements-service.test.ts
Supabase environment is incomplete. Runtime diagnostics will be shown in UI.

stderr | src/features/properties/property-overview.test.tsx
Supabase environment is incomplete. Runtime diagnostics will be shown in UI.

stderr | src/features/properties/property-overview.test.tsx > PropertyOverview Component Rendering and Copy Integrity > renders a useful financial snapshot without duplicating the ownership tab
Warning: useRouter must be used inside a <RouterProvider> component!
Warning: useRouter must be used inside a <RouterProvider> component!

stderr | src/features/properties/property-overview.test.tsx > PropertyOverview Component Rendering and Copy Integrity > renders property identity and basic details when available
Warning: useRouter must be used inside a <RouterProvider> component!
Warning: useRouter must be used inside a <RouterProvider> component!

stderr | src/features/documents-vault/documents-vault-service.test.ts
Supabase environment is incomplete. Runtime diagnostics will be shown in UI.

stderr | src/features/contracts/evidence/contract-evidence-service.test.ts
Supabase environment is incomplete. Runtime diagnostics will be shown in UI.

stderr | src/features/automation/automation-service.test.ts
Supabase environment is incomplete. Runtime diagnostics will be shown in UI.

stderr | src/features/reports/property-benchmark-wiring.test.tsx
Supabase environment is incomplete. Runtime diagnostics will be shown in UI.

stderr | src/components/layout/pwa-install-prompt.test.tsx > PwaInstallPrompt — رسالة تثبيت التطبيق عند أول فتح > renders nothing when no install path is available
The current testing environment is not configured to support act(...)

stderr | src/components/layout/pwa-install-prompt.test.tsx > PwaInstallPrompt — رسالة تثبيت التطبيق عند أول فتح > renders nothing when no install path is available
The current testing environment is not configured to support act(...)

stderr | src/components/layout/pwa-install-prompt.test.tsx > PwaInstallPrompt — رسالة تثبيت التطبيق عند أول فتح > shows the install banner on first open when the native prompt is available
The current testing environment is not configured to support act(...)

stderr | src/components/layout/pwa-install-prompt.test.tsx > PwaInstallPrompt — رسالة تثبيت التطبيق عند أول فتح > shows the install banner on first open when the native prompt is available
The current testing environment is not configured to support act(...)

stderr | src/components/layout/pwa-install-prompt.test.tsx > PwaInstallPrompt — رسالة تثبيت التطبيق عند أول فتح > triggers the native prompt on install click and hides the banner
The current testing environment is not configured to support act(...)
The current testing environment is not configured to support act(...)

stderr | src/components/layout/pwa-install-prompt.test.tsx > PwaInstallPrompt — رسالة تثبيت التطبيق عند أول فتح > triggers the native prompt on install click and hides the banner
The current testing environment is not configured to support act(...)
The current testing environment is not configured to support act(...)

stderr | src/components/layout/pwa-install-prompt.test.tsx > PwaInstallPrompt — رسالة تثبيت التطبيق عند أول فتح > triggers the native prompt on install click and hides the banner
The current testing environment is not configured to support act(...)

stderr | src/components/layout/pwa-install-prompt.test.tsx > PwaInstallPrompt — رسالة تثبيت التطبيق عند أول فتح > persists dismissal when the user taps لاحقًا or the close button
The current testing environment is not configured to support act(...)
The current testing environment is not configured to support act(...)

stderr | src/components/layout/pwa-install-prompt.test.tsx > PwaInstallPrompt — رسالة تثبيت التطبيق عند أول فتح > persists dismissal when the user taps لاحقًا or the close button
The current testing environment is not configured to support act(...)

stderr | src/components/layout/pwa-install-prompt.test.tsx > PwaInstallPrompt — رسالة تثبيت التطبيق عند أول فتح > stays hidden inside an installed standalone window
The current testing environment is not configured to support act(...)

stderr | src/components/layout/pwa-install-prompt.test.tsx > PwaInstallPrompt — رسالة تثبيت التطبيق عند أول فتح > stays hidden inside an installed standalone window
The current testing environment is not configured to support act(...)

stderr | src/components/layout/pwa-install-prompt.test.tsx > PwaInstallPrompt — رسالة تثبيت التطبيق عند أول فتح > stays hidden after the user already dismissed it
The current testing environment is not configured to support act(...)

stderr | src/components/layout/pwa-install-prompt.test.tsx > PwaInstallPrompt — رسالة تثبيت التطبيق عند أول فتح > stays hidden after the user already dismissed it
The current testing environment is not configured to support act(...)

stderr | src/components/layout/pwa-install-prompt.test.tsx > PwaInstallPrompt — رسالة تثبيت التطبيق عند أول فتح > stays hidden once the appinstalled event fired
The current testing environment is not configured to support act(...)

stderr | src/components/layout/pwa-install-prompt.test.tsx > PwaInstallPrompt — رسالة تثبيت التطبيق عند أول فتح > stays hidden once the appinstalled event fired
The current testing environment is not configured to support act(...)

stderr | src/components/layout/pwa-install-prompt.test.tsx > PwaInstallPrompt — رسالة تثبيت التطبيق عند أول فتح > shows manual Add-to-Home-Screen guidance on iOS Safari
The current testing environment is not configured to support act(...)

stderr | src/components/layout/pwa-install-prompt.test.tsx > PwaInstallPrompt — رسالة تثبيت التطبيق عند أول فتح > shows manual Add-to-Home-Screen guidance on iOS Safari
The current testing environment is not configured to support act(...)

stderr | src/components/layout/pwa-install-prompt.test.tsx > PwaInstallPrompt — رسالة تثبيت التطبيق عند أول فتح > never intercepts touches aimed at the page beneath the banner
The current testing environment is not configured to support act(...)

stderr | src/components/layout/pwa-install-prompt.test.tsx > PwaInstallPrompt — رسالة تثبيت التطبيق عند أول فتح > never intercepts touches aimed at the page beneath the banner
The current testing environment is not configured to support act(...)

stderr | src/components/layout/pwa-install-prompt.test.tsx > PwaInstallPrompt — رسالة تثبيت التطبيق عند أول فتح > reserves its own height in the dock-clearance token while visible
The current testing environment is not configured to support act(...)
The current testing environment is not configured to support act(...)

stderr | src/components/layout/pwa-install-prompt.test.tsx > PwaInstallPrompt — رسالة تثبيت التطبيق عند أول فتح > reserves its own height in the dock-clearance token while visible
The current testing environment is not configured to support act(...)

stderr | src/components/layout/pwa-install-prompt.test.tsx > PwaInstallPrompt — رسالة تثبيت التطبيق عند أول فتح > composes the clearance from the banner height in the canonical stylesheet (JIT-purge-proof)
The current testing environment is not configured to support act(...)

stderr | src/components/layout/pwa-install-prompt.test.tsx > PwaInstallPrompt — رسالة تثبيت التطبيق عند أول فتح > stays hidden on auth surfaces — the banner must never block signing in
The current testing environment is not configured to support act(...)
The current testing environment is not configured to support act(...)
The current testing environment is not configured to support act(...)
The current testing environment is not configured to support act(...)
The current testing environment is not configured to support act(...)

stderr | src/components/layout/pwa-install-prompt.test.tsx > PwaInstallPrompt — رسالة تثبيت التطبيق عند أول فتح > stays hidden on auth surfaces — the banner must never block signing in
The current testing environment is not configured to support act(...)

stderr | src/features/units/units-page-interaction.test.tsx
Supabase environment is incomplete. Runtime diagnostics will be shown in UI.
GoTrueClient@rentrix-auth-session:1 (2.105.1) 2026-09-09T14:25:32.180Z Multiple GoTrueClient instances detected in the same browser context. It is not an error, but this should be avoided as it may produce undefined behavior when used concurrently under the same storage key.

stderr | src/features/units/units-page-interaction.test.tsx > Global UnitsWorkspace Real Rendered User-Interaction Tests > exposes a mobile-safe create entry point and opens the unit form from the global units route
The current testing environment is not configured to support act(...)

stderr | src/features/units/units-page-interaction.test.tsx > Global UnitsWorkspace Real Rendered User-Interaction Tests > exposes a mobile-safe create entry point and opens the unit form from the global units route
The current testing environment is not configured to support act(...)
The current testing environment is not configured to support act(...)
The current testing environment is not configured to support act(...)
The current testing environment is not configured to support act(...)
The current testing environment is not configured to support act(...)
The current testing environment is not configured to support act(...)
The current testing environment is not configured to support act(...)
The current testing environment is not configured to support act(...)
The current testing environment is not configured to support act(...)

stderr | src/features/units/units-page-interaction.test.tsx > Global UnitsWorkspace Real Rendered User-Interaction Tests > exposes a mobile-safe create entry point and opens the unit form from the global units route
The current testing environment is not configured to support act(...)

stderr | src/features/units/units-page-interaction.test.tsx > Global UnitsWorkspace Real Rendered User-Interaction Tests > exposes a mobile-safe create entry point and opens the unit form from the global units route
The current testing environment is not configured to support act(...)
The current testing environment is not configured to support act(...)
The current testing environment is not configured to support act(...)
The current testing environment is not configured to support act(...)
The current testing environment is not configured to support act(...)
The current testing environment is not configured to support act(...)
The current testing environment is not configured to support act(...)
The current testing environment is not configured to support act(...)
The current testing environment is not configured to support act(...)
The current testing environment is not configured to support act(...)
The current testing environment is not configured to support act(...)
The current testing environment is not configured to support act(...)
The current testing environment is not configured to support act(...)
The current testing environment is not configured to support act(...)
The current testing environment is not configured to support act(...)
The current testing environment is not configured to support act(...)
The current testing environment is not configured to support act(...)
The current testing environment is not configured to support act(...)
The current testing environment is not configured to support act(...)
The current testing environment is not configured to support act(...)
The current testing environment is not configured to support act(...)
The current testing environment is not configured to support act(...)
The current testing environment is not configured to support act(...)
The current testing environment is not configured to support act(...)
The current testing environment is not configured to support act(...)
The current testing environment is not configured to support act(...)
The current testing environment is not configured to support act(...)
The current testing environment is not configured to support act(...)
The current testing environment is not configured to support act(...)
The current testing environment is not configured to support act(...)
The current testing environment is not configured to support act(...)
The current testing environment is not configured to support act(...)
The current testing environment is not configured to support act(...)
The current testing environment is not configured to support act(...)
The current testing environment is not configured to support act(...)
The current testing environment is not configured to support act(...)
The current testing environment is not configured to support act(...)
The current testing environment is not configured to support act(...)
The current testing environment is not configured to support act(...)
The current testing environment is not configured to support act(...)
The current testing environment is not configured to support act(...)
The current testing environment is not configured to support act(...)
The current testing environment is not configured to support act(...)
The current testing environment is not configured to support act(...)
The current testing environment is not configured to support act(...)

stderr | src/features/units/units-page-interaction.test.tsx > Global UnitsWorkspace Real Rendered User-Interaction Tests > exposes a mobile-safe create entry point and opens the unit form from the global units route
Error: getaddrinfo ENOTFOUND invalid.supabase.local
[90m    at GetAddrInfoReqWrap.onlookupall [as oncomplete] (node:dns:122:26)[39m {
  errno: [33m-3008[39m,
  code: [32m'ENOTFOUND'[39m,
  syscall: [32m'getaddrinfo'[39m,
  hostname: [32m'invalid.supabase.local'[39m
}

stderr | src/features/units/units-page-interaction.test.tsx > Global UnitsWorkspace Real Rendered User-Interaction Tests > exposes a mobile-safe create entry point and opens the unit form from the global units route
The current testing environment is not configured to support act(...)
The current testing environment is not configured to support act(...)
The current testing environment is not configured to support act(...)
The current testing environment is not configured to support act(...)
The current testing environment is not configured to support act(...)
The current testing environment is not configured to support act(...)
The current testing environment is not configured to support act(...)
The current testing environment is not configured to support act(...)

stderr | src/features/units/units-page-interaction.test.tsx > Global UnitsWorkspace Real Rendered User-Interaction Tests > opens the edit form from the mobile card without requiring property selection again
The current testing environment is not configured to support act(...)

stderr | src/features/units/units-page-interaction.test.tsx > Global UnitsWorkspace Real Rendered User-Interaction Tests > opens the edit form from the mobile card without requiring property selection again
The current testing environment is not configured to support act(...)
The current testing environment is not configured to support act(...)
The current testing environment is not configured to support act(...)
The current testing environment is not configured to support act(...)
The current testing environment is not configured to support act(...)
The current testing environment is not configured to support act(...)
The current testing environment is not configured to support act(...)
The current testing environment is not configured to support act(...)
The current testing environment is not configured to support act(...)

stderr | src/features/units/units-page-interaction.test.tsx > Global UnitsWorkspace Real Rendered User-Interaction Tests > opens the edit form from the mobile card without requiring property selection again
The current testing environment is not configured to support act(...)

stderr | src/features/units/units-page-interaction.test.tsx > Global UnitsWorkspace Real Rendered User-Interaction Tests > opens the edit form from the mobile card without requiring property selection again
The current testing environment is not configured to support act(...)

stderr | src/features/units/units-page-interaction.test.tsx > Global UnitsWorkspace Real Rendered User-Interaction Tests > opens the edit form from the mobile card without requiring property selection again
Error: getaddrinfo ENOTFOUND invalid.supabase.local
[90m    at GetAddrInfoReqWrap.onlookupall [as oncomplete] (node:dns:122:26)[39m {
  errno: [33m-3008[39m,
  code: [32m'ENOTFOUND'[39m,
  syscall: [32m'getaddrinfo'[39m,
  hostname: [32m'invalid.supabase.local'[39m
}

stderr | src/features/units/units-page-interaction.test.tsx > Global UnitsWorkspace Real Rendered User-Interaction Tests > opens the edit form from the mobile card without requiring property selection again
The current testing environment is not configured to support act(...)
The current testing environment is not configured to support act(...)
The current testing environment is not configured to support act(...)
The current testing environment is not configured to support act(...)
The current testing environment is not configured to support act(...)
The current testing environment is not configured to support act(...)
The current testing environment is not configured to support act(...)
The current testing environment is not configured to support act(...)
The current testing environment is not configured to support act(...)
The current testing environment is not configured to support act(...)
The current testing environment is not configured to support act(...)
The current testing environment is not configured to support act(...)
The current testing environment is not configured to support act(...)
The current testing environment is not configured to support act(...)
The current testing environment is not configured to support act(...)
The current testing environment is not configured to support act(...)
The current testing environment is not configured to support act(...)
The current testing environment is not configured to support act(...)
The current testing environment is not configured to support act(...)
The current testing environment is not configured to support act(...)
The current testing environment is not configured to support act(...)
The current testing environment is not configured to support act(...)
The current testing environment is not configured to support act(...)
The current testing environment is not configured to support act(...)
The current testing environment is not configured to support act(...)
The current testing environment is not configured to support act(...)
The current testing environment is not configured to support act(...)
The current testing environment is not configured to support act(...)
The current testing environment is not configured to support act(...)
The current testing environment is not configured to support act(...)
The current testing environment is not configured to support act(...)
The current testing environment is not configured to support act(...)
The current testing environment is not configured to support act(...)
The current testing environment is not configured to support act(...)
The current testing environment is not configured to support act(...)
The current testing environment is not configured to support act(...)
The current testing environment is not configured to support act(...)
The current testing environment is not configured to support act(...)
The current testing environment is not configured to support act(...)
The current testing environment is not configured to support act(...)
The current testing environment is not configured to support act(...)
The current testing environment is not configured to support act(...)
The current testing environment is not configured to support act(...)
The current testing environment is not configured to support act(...)
The current testing environment is not configured to support act(...)
The current testing environment is not configured to support act(...)
The current testing environment is not configured to support act(...)
The current testing environment is not configured to support act(...)

stderr | src/features/units/units-page-interaction.test.tsx > Global UnitsWorkspace Real Rendered User-Interaction Tests > opens the edit form from the mobile card without requiring property selection again
The current testing environment is not configured to support act(...)
The current testing environment is not configured to support act(...)
The current testing environment is not configured to support act(...)
The current testing environment is not configured to support act(...)
The current testing environment is not configured to support act(...)
The current testing environment is not configured to support act(...)
The current testing environment is not configured to support act(...)
The current testing environment is not configured to support act(...)

stderr | src/features/units/units-page-interaction.test.tsx > Global UnitsWorkspace Real Rendered User-Interaction Tests > proves clicking a desktop row in UnitsWorkspace opens the shared unit preview
The current testing environment is not configured to support act(...)

stderr | src/features/units/units-page-interaction.test.tsx > Global UnitsWorkspace Real Rendered User-Interaction Tests > proves clicking a desktop row in UnitsWorkspace opens the shared unit preview
The current testing environment is not configured to support act(...)
The current testing environment is not configured to support act(...)
The current testing environment is not configured to support act(...)
The current testing environment is not configured to support act(...)
The current testing environment is not configured to support act(...)
The current testing environment is not configured to support act(...)
The current testing environment is not configured to support act(...)
The current testing environment is not configured to support act(...)
The current testing environment is not configured to support act(...)

stderr | src/features/units/units-page-interaction.test.tsx > Global UnitsWorkspace Real Rendered User-Interaction Tests > proves clicking a desktop row in UnitsWorkspace opens the shared unit preview
The current testing environment is not configured to support act(...)

stderr | src/features/units/units-page-interaction.test.tsx > Global UnitsWorkspace Real Rendered User-Interaction Tests > proves clicking a desktop row in UnitsWorkspace opens the shared unit preview
The current testing environment is not configured to support act(...)
The current testing environment is not configured to support act(...)
The current testing environment is not configured to support act(...)
The current testing environment is not configured to support act(...)
The current testing environment is not configured to support act(...)
The current testing environment is not configured to support act(...)
The current testing environment is not configured to support act(...)
The current testing environment is not configured to support act(...)
The current testing environment is not configured to support act(...)
The current testing environment is not configured to support act(...)
The current testing environment is not configured to support act(...)
The current testing environment is not configured to support act(...)
The current testing environment is not configured to support act(...)
The current testing environment is not configured to support act(...)
The current testing environment is not configured to support act(...)
The current testing environment is not configured to support act(...)
The current testing environment is not configured to support act(...)
The current testing environment is not configured to support act(...)
The current testing environment is not configured to support act(...)
The current testing environment is not configured to support act(...)
The current testing environment is not configured to support act(...)
The current testing environment is not configured to support act(...)
The current testing environment is not configured to support act(...)
The current testing environment is not configured to support act(...)
The current testing environment is not configured to support act(...)
The current testing environment is not configured to support act(...)
The current testing environment is not configured to support act(...)
The current testing environment is not configured to support act(...)
The current testing environment is not configured to support act(...)
The current testing environment is not configured to support act(...)
The current testing environment is not configured to support act(...)
The current testing environment is not configured to support act(...)
The current testing environment is not configured to support act(...)
The current testing environment is not configured to support act(...)
The current testing environment is not configured to support act(...)
The current testing environment is not configured to support act(...)
The current testing environment is not configured to support act(...)
The current testing environment is not configured to support act(...)
The current testing environment is not configured to support act(...)
The current testing environment is not configured to support act(...)
The current testing environment is not configured to support act(...)
The current testing environment is not configured to support act(...)
The current testing environment is not configured to support act(...)
The current testing environment is not configured to support act(...)
The current testing environment is not configured to support act(...)

stderr | src/features/units/units-page-interaction.test.tsx > Global UnitsWorkspace Real Rendered User-Interaction Tests > proves clicking a desktop row in UnitsWorkspace opens the shared unit preview
Error: getaddrinfo ENOTFOUND invalid.supabase.local
[90m    at GetAddrInfoReqWrap.onlookupall [as oncomplete] (node:dns:122:26)[39m {
  errno: [33m-3008[39m,
  code: [32m'ENOTFOUND'[39m,
  syscall: [32m'getaddrinfo'[39m,
  hostname: [32m'invalid.supabase.local'[39m
}

stderr | src/features/units/units-page-interaction.test.tsx > Global UnitsWorkspace Real Rendered User-Interaction Tests > proves clicking a desktop row in UnitsWorkspace opens the shared unit preview
The current testing environment is not configured to support act(...)
The current testing environment is not configured to support act(...)
The current testing environment is not configured to support act(...)
The current testing environment is not configured to support act(...)
The current testing environment is not configured to support act(...)
The current testing environment is not configured to support act(...)
The current testing environment is not configured to support act(...)
The current testing environment is not configured to support act(...)
The current testing environment is not configured to support act(...)

stderr | src/features/units/units-page-interaction.test.tsx > Global UnitsWorkspace Real Rendered User-Interaction Tests > proves the explicit full-page action routes to the unit dossier
The current testing environment is not configured to support act(...)

stderr | src/features/units/units-page-interaction.test.tsx > Global UnitsWorkspace Real Rendered User-Interaction Tests > proves the explicit full-page action routes to the unit dossier
The current testing environment is not configured to support act(...)
The current testing environment is not configured to support act(...)
The current testing environment is not configured to support act(...)
The current testing environment is not configured to support act(...)
The current testing environment is not configured to support act(...)
The current testing environment is not configured to support act(...)
The current testing environment is not configured to support act(...)
The current testing environment is not configured to support act(...)
The current testing environment is not configured to support act(...)

stderr | src/features/units/units-page-interaction.test.tsx > Global UnitsWorkspace Real Rendered User-Interaction Tests > proves the explicit full-page action routes to the unit dossier
The current testing environment is not configured to support act(...)

stderr | src/features/units/units-page-interaction.test.tsx > Global UnitsWorkspace Real Rendered User-Interaction Tests > proves the explicit full-page action routes to the unit dossier
The current testing environment is not configured to support act(...)

stderr | src/features/units/units-page-interaction.test.tsx > Global UnitsWorkspace Real Rendered User-Interaction Tests > proves the explicit full-page action routes to the unit dossier
Error: getaddrinfo ENOTFOUND invalid.supabase.local
[90m    at GetAddrInfoReqWrap.onlookupall [as oncomplete] (node:dns:122:26)[39m {
  errno: [33m-3008[39m,
  code: [32m'ENOTFOUND'[39m,
  syscall: [32m'getaddrinfo'[39m,
  hostname: [32m'invalid.supabase.local'[39m
}

stderr | src/features/units/units-page-interaction.test.tsx > Global UnitsWorkspace Real Rendered User-Interaction Tests > proves the explicit full-page action routes to the unit dossier
The current testing environment is not configured to support act(...)

stderr | src/features/units/units-page-interaction.test.tsx > Global UnitsWorkspace Real Rendered User-Interaction Tests > proves the explicit full-page action routes to the unit dossier
The current testing environment is not configured to support act(...)

stderr | src/features/units/units-page-interaction.test.tsx > Global UnitsWorkspace Real Rendered User-Interaction Tests > proves that clicking the embedded property link does not bubble and routes only to property detail
The current testing environment is not configured to support act(...)

stderr | src/features/units/units-page-interaction.test.tsx > Global UnitsWorkspace Real Rendered User-Interaction Tests > proves that clicking the embedded property link does not bubble and routes only to property detail
The current testing environment is not configured to support act(...)
The current testing environment is not configured to support act(...)
The current testing environment is not configured to support act(...)
The current testing environment is not configured to support act(...)
The current testing environment is not configured to support act(...)
The current testing environment is not configured to support act(...)
The current testing environment is not configured to support act(...)
The current testing environment is not configured to support act(...)
The current testing environment is not configured to support act(...)

stderr | src/features/units/units-page-interaction.test.tsx > Global UnitsWorkspace Real Rendered User-Interaction Tests > proves that clicking the embedded property link does not bubble and routes only to property detail
The current testing environment is not configured to support act(...)

stderr | Fetch.onError (file:/home/user/malek/node_modules/.pnpm/happy-dom@20.10.6/node_modules/happy-dom/src/fetch/Fetch.ts:698:35)
Error: getaddrinfo ENOTFOUND invalid.supabase.local
[90m    at GetAddrInfoReqWrap.onlookupall [as oncomplete] (node:dns:122:26)[39m {
  errno: [33m-3008[39m,
  code: [32m'ENOTFOUND'[39m,
  syscall: [32m'getaddrinfo'[39m,
  hostname: [32m'invalid.supabase.local'[39m
}

stderr | src/features/financials/components/finance-table-visual.test.tsx
Supabase environment is incomplete. Runtime diagnostics will be shown in UI.
GoTrueClient@rentrix-auth-session:2 (2.105.1) 2026-09-09T14:25:32.682Z Multiple GoTrueClient instances detected in the same browser context. It is not an error, but this should be avoided as it may produce undefined behavior when used concurrently under the same storage key.



================ SHARDED REGRESSION SUMMARY ================
Test files executed : 505
Tests executed      : 3604
Shards with failures: 0
Shards killed (INFRA): 1

Details:
  SHARD 4: INFRA — killed by SIGKILL (resource limit, not a test verdict)

RESULT: NOT CLEAN — see details above
