
 RUN  v3.2.7 /home/user/malek/rentrix-app

 ✓ src/features/financials/owner-agency-invoice-accounting.test.ts (17 tests) 5235ms
 ✓ src/features/financials/reports/financialReportsService.test.ts (23 tests) 258ms
 ✓ src/features/financials/collections-payments-period-close.pglite.test.ts (8 tests) 4787ms
 ✓ src/features/lifecycle/product-workflow-scenarios.test.ts (8 tests) 4598ms
stderr | src/features/reports/documents/professional-owner-report.test.ts
Supabase environment is incomplete. Runtime diagnostics will be shown in UI.

 ✓ src/features/reports/documents/professional-owner-report.test.ts (15 tests) 11ms
 ✓ src/features/financials/expenses/owner-expense-source.test.ts (17 tests) 22947ms
   ✓ joins creation, versioned lawful offset, cash recovery and residual settlement without a double deduction  3512ms
   ✓ preserves pre-adoption history and cached expense identity on upgrade  3801ms
   ✓ retains missing pre-upgrade source lineage as an explicit history failure  3502ms
   ✓ closes a fully offset settlement without inventing another cash payout or owner-funds event  3671ms
   ✓ applies an independently approved and validated pre12 S09 plan after upgrade without changing its source  3854ms
 ✓ src/lib/brand-contract.test.ts (22 tests) 211ms
 ✓ src/features/dashboard/r1-dashboard-truth-execution.test.ts (12 tests) 7622ms
 ✓ src/features/financials/rc1-business-rules-closeout.test.ts (10 tests) 4323ms
 ✓ src/features/auth/permission-catalog-authority.pglite.test.ts (11 tests) 11153ms
   ✓ P0-1 database replay reproduces the authoritative catalog from migrations alone > produces the same catalog whether or not the reference seed is applied  3334ms
   ✓ P0-1 database replay reproduces the authoritative catalog from migrations alone > upgrades a previously seeded settings.manage database without translating legacy authority  3223ms
 ✓ src/features/owners/r2-owner-financial-position-execution.test.ts (9 tests) 4394ms
 ✓ src/features/lifecycle/p2-owner-reconciliation-journey.pglite.test.ts (6 tests) 4747ms
 ✓ src/features/financials/reports/owner-offset-lifecycle.test.ts (18 tests) 15373ms
   ✓ retains a pre-migration offset and its retry identity while allowing another operation  3629ms
   ✓ preserves a historical one-baisa over-offset on upgrade without permitting another effect  3636ms
   ✓ retains old reversal and payment retries after upgrade and freezes paid evidence  3438ms
 ✓ src/features/properties/property-ownership-atomicity.pglite.test.ts (26 tests) 4438ms
stderr | src/features/reports/reports-page.test.ts
Supabase environment is incomplete. Runtime diagnostics will be shown in UI.

 ✓ src/features/reports/reports-page.test.ts (18 tests) 15ms
 ✓ src/test/portal-projection-bounds.pglite.test.ts (10 tests) 4266ms
stderr | src/features/reports/reports-final-closure.test.ts
Supabase environment is incomplete. Runtime diagnostics will be shown in UI.

 ✓ src/features/reports/reports-final-closure.test.ts (27 tests) 19ms
 ✓ src/features/lifecycle/r12-final-acceptance.test.ts (6 tests) 4734ms
 ✓ src/features/contracts/services/contractService.test.ts (27 tests) 35ms
stderr | src/features/system/system-governance.test.tsx
Supabase environment is incomplete. Runtime diagnostics will be shown in UI.

 ✓ src/features/system/system-governance.test.tsx (31 tests) 157ms
 ✓ src/features/auth/permission-catalog-authority.test.ts (17 tests) 31ms
 ✓ src/features/financials/receipts/receiptService.test.ts (15 tests) 116ms
stderr | src/features/reports/documents/professional-property-report.test.ts
Supabase environment is incomplete. Runtime diagnostics will be shown in UI.

 ✓ src/features/reports/documents/professional-property-report.test.ts (9 tests) 14ms
 ✓ src/features/ai-assistant/services/ai-assistant-foundation.test.ts (19 tests) 19ms
 ✓ src/features/ai-assistant/services/ai-context-reader.test.ts (10 tests) 119ms
 ✓ src/features/financials/reports/expense-correction-source-control.test.ts (16 tests) 8145ms
   ✓ preserves old posted corrections and refuses to trust pre-upgrade caller snapshot JSON  3340ms
 ✓ src/features/contracts/short-stay-lease-mode.pglite.test.ts (9 tests) 4377ms
 ✓ src/features/lifecycle/core-operational-journey.test.ts (10 tests) 4636ms
 ✓ src/features/reports/premium/reports-premium-catalog.test.tsx (20 tests) 21ms
 ✓ src/features/contracts/r4-contract-billing-authority-execution.test.ts (7 tests) 4980ms
 ✓ src/features/financials/phase2-invoice-truth.test.ts (9 tests) 4348ms
 ✓ src/services/documents/documentOutputInventory.test.ts (17 tests) 295ms
 ✓ src/features/financials/reports/expense-history-diagnostic.test.ts (12 tests) 4593ms
 ✓ src/components/design-system-inventory.test.ts (13 tests) 203ms
 ✓ src/services/documents/documentRegistry.test.ts (34 tests) 49ms
 ✓ src/features/financials/tax-authority/tax-readiness-boundary.pglite.test.ts (13 tests) 4670ms
 ✓ src/features/ai-assistant/services/ai-assistant-copilot-context.test.ts (5 tests) 102ms
 ✓ src/features/financials/deposits/deposit-workspace-orchestration.test.ts (20 tests) 6ms
 ✓ src/features/auth/permission-workflow.integration.test.ts (7 tests) 4389ms
 ✓ src/app/product-simplification-contract.test.ts (14 tests) 8ms
stderr | src/features/reports/reports-overdue-followup-movement.presentation.test.tsx
Supabase environment is incomplete. Runtime diagnostics will be shown in UI.

stderr | src/features/reports/reports-overdue-followup-movement.presentation.test.tsx > Overdue report — authoritative arrears semantics > renders executive figures from the arrears summary, not from rendered rows
Warning: useRouter must be used inside a <RouterProvider> component!

stderr | src/features/reports/reports-overdue-followup-movement.presentation.test.tsx > Overdue report — authoritative arrears semantics > shows unavailable instead of a row-derived or zero substitute when the summary is missing
Warning: useRouter must be used inside a <RouterProvider> component!

stderr | src/features/reports/reports-overdue-followup-movement.presentation.test.tsx > Overdue report — authoritative arrears semantics > never presents authoritative-summary exhaustion as an error while genuinely loading
Warning: useRouter must be used inside a <RouterProvider> component!

stderr | src/features/reports/reports-overdue-followup-movement.presentation.test.tsx > Overdue report — authoritative arrears semantics > never presents the current (not-yet-due) bucket as overdue
Warning: useRouter must be used inside a <RouterProvider> component!

stderr | src/features/reports/reports-overdue-followup-movement.presentation.test.tsx > Follow-up report — action-first queue semantics > ranks by risk (value then age) and flags >90-day items for escalation
Warning: useRouter must be used inside a <RouterProvider> component!

stderr | src/features/reports/reports-overdue-followup-movement.presentation.test.tsx > Follow-up report — action-first queue semantics > scopes queue figures to the displayed work list instead of restating total overdue
Warning: useRouter must be used inside a <RouterProvider> component!

stderr | src/features/reports/reports-overdue-followup-movement.presentation.test.tsx > Follow-up report — action-first queue semantics > caps the queue at the top 20 by risk and keeps export permission-gated
Warning: useRouter must be used inside a <RouterProvider> component!
Warning: useRouter must be used inside a <RouterProvider> component!

 ✓ src/features/reports/reports-overdue-followup-movement.presentation.test.tsx (13 tests) 226ms
 ✓ src/features/dashboard/r13-collection-rate-cohort.test.ts (5 tests) 4433ms
 ✓ src/features/financials/deposits/deposit-persistence.test.ts (13 tests) 4396ms
 ✓ src/features/automation/background-job-foundation.test.ts (5 tests) 4376ms
 ✓ src/features/contracts/evidence/contract-evidence-authority.test.ts (6 tests) 4457ms
 ✓ src/lib/formatters.test.ts (44 tests) 51ms
 ✓ src/app/ux-completion-contract.test.ts (10 tests) 13ms
 ✓ src/features/properties/property-service.test.ts (16 tests) 17ms
stderr | src/features/contracts/contract-attention.test.ts
Supabase environment is incomplete. Runtime diagnostics will be shown in UI.

 ✓ src/features/contracts/contract-attention.test.ts (12 tests) 8ms
 ✓ src/services/documents/document-platform.test.ts (9 tests) 45ms
 ✓ src/features/maintenance/r8-maintenance-lifecycle-execution.test.ts (5 tests) 4534ms
 ✓ src/features/financials/phase1-omr-precision-reconciliation.test.ts (4 tests) 4499ms
 ✓ src/features/ai-assistant/services/ai-assistant-edge-function.test.ts (15 tests) 13ms
stderr | src/features/reports/services-report-section.test.tsx > ServicesReportSection — payment/review obligations contracts > renders the canonical report pattern from the utilities register
Warning: useRouter must be used inside a <RouterProvider> component!

stderr | src/features/reports/services-report-section.test.tsx > ServicesReportSection — payment/review obligations contracts > surfaces overdue and due-soon urgency with days, from the canonical obligation derivation
Warning: useRouter must be used inside a <RouterProvider> component!

stderr | src/features/reports/services-report-section.test.tsx > ServicesReportSection — payment/review obligations contracts > shows property context and payment evidence
Warning: useRouter must be used inside a <RouterProvider> component!

stderr | src/features/reports/services-report-section.test.tsx > ServicesReportSection — payment/review obligations contracts > derives payment progress and overdue share only from bills in scope
Warning: useRouter must be used inside a <RouterProvider> component!

stderr | src/features/reports/services-report-section.test.tsx > ServicesReportSection — payment/review obligations contracts > keeps responsibility as recorded: outstanding remaining by responsible party
Warning: useRouter must be used inside a <RouterProvider> component!

stderr | src/features/reports/services-report-section.test.tsx > ServicesReportSection — payment/review obligations contracts > ranks the payment priority queue: overdue first, then due soon, then the outstanding total
Warning: useRouter must be used inside a <RouterProvider> component!

stderr | src/features/reports/services-report-section.test.tsx > ServicesReportSection — payment/review obligations contracts > hands off execution to the utilities workspace regardless of export permission
Warning: useRouter must be used inside a <RouterProvider> component!
Warning: useRouter must be used inside a <RouterProvider> component!

stderr | src/features/reports/services-report-section.test.tsx > ServicesReportSection — payment/review obligations contracts > invents nothing when the scope has no bills
Warning: useRouter must be used inside a <RouterProvider> component!

 ✓ src/features/reports/services-report-section.test.tsx (13 tests) 169ms
 ✓ src/features/communication/communication-system.test.ts (7 tests) 4254ms
 ✓ src/features/ai-assistant/services/ai-assistant-copilot-actions.test.ts (27 tests) 16ms
stderr | src/features/reports/office-overview-section.test.tsx
Supabase environment is incomplete. Runtime diagnostics will be shown in UI.

 ✓ src/features/reports/office-overview-section.test.tsx (15 tests) 173ms
 ✓ src/services/documents/documentEngine.canonical.test.ts (13 tests) 30ms
 ✓ src/features/owners/r7-party-identity-execution.test.ts (6 tests) 4127ms
stderr | src/features/reports/documents/property-report-scope.test.ts
Supabase environment is incomplete. Runtime diagnostics will be shown in UI.

 ✓ src/features/reports/documents/property-report-scope.test.ts (7 tests) 13ms
stderr | src/features/owners/ownerAgreementService.test.ts
Supabase environment is incomplete. Runtime diagnostics will be shown in UI.

 ✓ src/features/owners/ownerAgreementService.test.ts (15 tests) 9ms
 ✓ src/features/commissions/services/commissions-financial.test.ts (6 tests) 4410ms
 ✓ src/features/financials/reports/tax-posting-history.test.ts (9 tests) 11438ms
   ✓ preserves configured NON_TAXABLE treatment without inventing a positive rate  3374ms
   ✓ preserves configured VAT_ZERO treatment without inventing a positive rate  3365ms
 ✓ src/features/utilities/utility-schema.test.ts (19 tests) 30ms
 ✓ src/features/contracts/contract-activation-authority.test.ts (7 tests) 4466ms
 ✓ src/features/financials/billing/billing-readiness-service.test.ts (13 tests) 6ms
 ✓ src/features/dashboard/needs-attention-signal.test.ts (7 tests) 10ms
 ✓ src/features/financials/reconciliation/owner-payout-cash-authority.test.ts (8 tests) 11721ms
   ✓ proves a fully-offset closure from its original acknowledgement, without a cash journal  3428ms
   ✓ reads original cash after an old post-payout offset reversal without rewriting the old source discrepancy  3645ms
 ✓ src/features/financials/reconciliation/bank-statement-line-governed-writes.pglite.test.ts (10 tests) 4525ms
 ✓ src/services/documents/documentAcceptanceBackend.test.ts (11 tests) 14ms
 ✓ src/features/financials/billing/billing-schedule-behavior.test.ts (19 tests) 7ms
 ✓ src/features/financials/billing/billing-readiness-batching.test.ts (4 tests) 54ms
stderr | src/features/system/services/data-integrity-service.test.ts
Supabase environment is incomplete. Runtime diagnostics will be shown in UI.

 ✓ src/features/system/services/data-integrity-service.test.ts (18 tests) 7ms
stderr | src/features/owners/owners-crm-bundle.test.tsx
Supabase environment is incomplete. Runtime diagnostics will be shown in UI.

stderr | src/features/owners/owners-crm-bundle.test.tsx > Approved CRM module views > renders lands as a working module with create action
Warning: useRouter must be used inside a <RouterProvider> component!
Warning: useRouter must be used inside a <RouterProvider> component!

 ✓ src/features/owners/owners-crm-bundle.test.tsx (9 tests) 92ms
 ✓ src/features/settings/settingsForm.test.ts (9 tests) 7ms
 ✓ src/features/financials/fixed-monthly-accruals/fixed-monthly-accrual-service.test.ts (26 tests) 4420ms
   ✓ fixed monthly daily accrual service boundary > accepts real zero-amount accrual and reversal evidence with legitimately null journal metadata  4391ms
 ✓ src/features/reports/property-analytics-model.test.ts (16 tests) 9ms
 ✓ src/features/financials/reports/historical-reconciliation.test.ts (8 tests) 4867ms
 ✓ src/services/documents/renderer/documentIdentity.test.ts (19 tests) 11ms
stderr | src/features/reports/maintenance-report-section.test.tsx
Supabase environment is incomplete. Runtime diagnostics will be shown in UI.

stderr | src/features/reports/maintenance-report-section.test.tsx > MaintenanceReportSection — operational attention contracts > renders the canonical report pattern and the attention panel that answers "what needs attention now"
Warning: useRouter must be used inside a <RouterProvider> component!

stderr | src/features/reports/maintenance-report-section.test.tsx > MaintenanceReportSection — operational attention contracts > never counts cancelled work as completed or in the completion denominator
Warning: useRouter must be used inside a <RouterProvider> component!

stderr | src/features/reports/maintenance-report-section.test.tsx > MaintenanceReportSection — operational attention contracts > derives the urgent backlog from the active workload only
Warning: useRouter must be used inside a <RouterProvider> component!

stderr | src/features/reports/maintenance-report-section.test.tsx > MaintenanceReportSection — operational attention contracts > shows maintenance-recorded cost as its own source, never merged with posted expenses
Warning: useRouter must be used inside a <RouterProvider> component!

stderr | src/features/reports/maintenance-report-section.test.tsx > MaintenanceReportSection — operational attention contracts > hands every active request to the maintenance screen for execution
Warning: useRouter must be used inside a <RouterProvider> component!

stderr | src/features/reports/maintenance-report-section.test.tsx > MaintenanceReportSection — operational attention contracts > does not invent a completion ratio when every request is cancelled
Warning: useRouter must be used inside a <RouterProvider> component!

stderr | src/features/reports/maintenance-report-section.test.tsx > MaintenanceReportSection — operational attention contracts > keeps share, print and export behind the export permission
Warning: useRouter must be used inside a <RouterProvider> component!

 ✓ src/features/reports/maintenance-report-section.test.tsx (13 tests) 109ms
 ✓ src/features/financials/invoices/invoiceService.test.ts (6 tests) 26ms
 ✓ src/features/owners/services/owner-service-null-embed.test.ts (12 tests) 7ms
 ✓ src/features/onboarding/onboarding-rpc-authority.test.ts (7 tests) 4182ms
 ✓ src/features/admin-support/admin-support-operations.test.ts (4 tests) 4102ms
 ✓ src/lib/bankCsvParser.test.ts (25 tests) 16ms
 ✓ src/app/navigation/phase2-canonical-ia.test.ts (10 tests) 9ms
stderr | src/features/contracts/ContractDetailPage.test.tsx
Supabase environment is incomplete. Runtime diagnostics will be shown in UI.

 ✓ src/features/contracts/ContractDetailPage.test.tsx (4 tests) 167ms
 ✓ src/components/ui/touch-target-floor.test.ts (6 tests) 36ms
 ✓ src/app/navigation/app-nav-items.test.ts (10 tests) 13ms
 ✓ src/components/ui/detail-preview-contract.test.ts (9 tests) 4ms
stderr | src/features/owners/services/owner-service.test.ts
Supabase environment is incomplete. Runtime diagnostics will be shown in UI.

 ✓ src/features/owners/services/owner-service.test.ts (14 tests) 9ms
 ✓ src/features/financials/reports/tenant-statement-persistence.test.ts (8 tests) 4554ms
 ✓ src/features/financials/reports/owner-receivable-reconciliation.test.ts (8 tests) 8028ms
   ✓ upgrades existing recoveries without changing booked history or old retry identity  3345ms
 ✓ src/features/financials/tax-authority/tax-authority-service.test.ts (10 tests) 6ms
 ✓ src/features/owners/owner-schema.test.ts (13 tests) 19ms
 ✓ src/features/auth/permissions.test.ts (15 tests) 9ms
 ✓ src/features/contracts/lifecycle/contractLifecycleRules.test.ts (14 tests) 9ms
 ✓ src/features/ai-assistant/speech/assistant-speech-text.test.ts (29 tests) 17ms
 ✓ src/features/auth/notification-read-state-rpc.test.ts (9 tests) 4397ms
 ✓ src/services/documents/documentAcceptanceHarness.test.ts (15 tests) 10ms
 ✓ src/services/documents/documentBoundaryRules.test.ts (28 tests) 9ms
 ✓ src/features/contracts/components/contract-kpi-scope.test.ts (7 tests) 6ms
 ✓ src/features/owners/utils/owner-ui-helpers.test.ts (8 tests) 9ms
 ✓ src/features/reports/r6-reports-lazy-read-models.test.ts (6 tests) 7ms
 ✓ src/features/onboarding/onboarding-checklist.test.tsx (8 tests) 40ms
stderr | src/features/owners/components/OwnerSettlementWorkspace.test.tsx
Supabase environment is incomplete. Runtime diagnostics will be shown in UI.

 ✓ src/features/owners/components/OwnerSettlementWorkspace.test.tsx (6 tests) 46ms
 ✓ src/features/contracts/soft-delete-contract-rpc.test.ts (7 tests) 4389ms
stderr | src/features/contracts/documents/contract-documents.test.ts
Supabase environment is incomplete. Runtime diagnostics will be shown in UI.

 ✓ src/features/contracts/documents/contract-documents.test.ts (7 tests) 6ms
 ✓ src/features/settings/document-readiness-gate.test.ts (13 tests) 7ms
stderr | src/features/owners/OwnersPage.test.tsx
Supabase environment is incomplete. Runtime diagnostics will be shown in UI.

 ✓ src/features/owners/OwnersPage.test.tsx (5 tests) 97ms
 ✓ src/features/units/unit-service.test.ts (12 tests) 21ms
 ✓ src/features/dashboard/dashboard-data-contract.test.ts (9 tests) 7ms
 ✓ src/features/governance-hub/governance-hub.test.tsx (15 tests) 7ms
stderr | src/features/financials/reconciliation/bank-reconciliation-behavior.test.ts > bank reconciliation governed RPC behavior > keeps reversal and manual candidate coverage explicitly partial
Supabase environment is incomplete. Runtime diagnostics will be shown in UI.

 ✓ src/features/financials/reconciliation/bank-reconciliation-behavior.test.ts (6 tests) 4449ms
 ✓ src/features/financials/reconciliation/bank-statement-line-granular-permission.pglite.test.ts (5 tests) 4182ms
 ✓ src/features/financials/invoices/invoice-read-model.test.ts (9 tests) 24ms
 ✓ src/services/documents/documentPlatform.parity.test.ts (4 tests) 25ms
 ✓ src/features/ai-assistant/services/ai-assistant-operating-service.test.ts (5 tests) 22ms
 ✓ src/features/reports/documents/report-documents.test.ts (4 tests) 7ms
 ✓ src/features/commissions/services/commissions-service.test.ts (7 tests) 11ms
 ✓ src/features/dashboard/dashboard-snapshot.test.ts (5 tests) 7ms
 ✓ src/components/ui/report-section-primitives.test.tsx (8 tests) 29ms
 ✓ src/features/utilities/meter-billing-coverage.test.ts (9 tests) 5ms
 ✓ src/features/settings/companySettingsService.test.ts (6 tests) 16ms
 ✓ src/services/documents/companyIdentity.test.ts (9 tests) 6ms
 ✓ src/features/owners/authoritative-property-ownership-runtime.test.ts (3 tests) 4300ms
 ✓ src/features/contracts/contract-form-workflow.test.ts (7 tests) 3ms
 ✓ src/components/ui/action-system.test.tsx (8 tests) 20ms
 ✓ src/features/utilities/utility-obligations.test.ts (10 tests) 5ms
 ✓ src/features/units/vacancy-analytics.test.ts (4 tests) 5ms
 ✓ src/features/settings/registry/sectionRegistry.test.ts (8 tests) 6ms
 ✓ src/features/people/people-service.test.ts (6 tests) 13ms
 ✓ src/features/financials/reports/reconciliation-entry-points.test.ts (12 tests) 4562ms
 ✓ src/features/operations-hub/operations-hub.test.ts (8 tests) 5ms
 ✓ src/features/lands/services/lands-service.test.ts (13 tests) 18ms
 ✓ src/features/financials/reconciliation/bank-csv-import-pglite.test.ts (2 tests) 4440ms
 ✓ src/components/layout/page-header.test.tsx (11 tests) 36ms
 ✓ src/features/financials/reconciliation/bank-reconciliation-economic-identity-pglite.test.ts (5 tests) 4166ms
stderr | src/features/reports/report-route.test.ts
Supabase environment is incomplete. Runtime diagnostics will be shown in UI.

 ✓ src/features/reports/report-route.test.ts (6 tests) 5ms
 ✓ src/features/reports/reports-touch-targets.test.ts (4 tests) 4ms
stderr | src/features/properties/ownership/property-onboarding-readiness.test.tsx
Supabase environment is incomplete. Runtime diagnostics will be shown in UI.

 ✓ src/features/properties/ownership/property-onboarding-readiness.test.tsx (5 tests) 23ms
 ✓ src/features/auth/granular-write-boundary-alignment.test.ts (5 tests) 3ms
 ✓ src/features/finance/shell/finance-shell-model.test.ts (6 tests) 6ms
stderr | src/features/owners/services/owner-settlements-service.test.ts
Supabase environment is incomplete. Runtime diagnostics will be shown in UI.

 ✓ src/features/owners/services/owner-settlements-service.test.ts (7 tests) 4ms
stderr | src/features/reports/accounting-report-authority.test.ts
Supabase environment is incomplete. Runtime diagnostics will be shown in UI.

 ✓ src/features/reports/accounting-report-authority.test.ts (6 tests) 4ms
 ✓ src/features/service-providers/service-providers-page.test.tsx (3 tests) 84ms
 ✓ src/features/tenant-portal/tenant-portal-canonical-projection.test.ts (7 tests) 4ms
 ✓ src/features/contracts/ux041-agreement-recovery.test.tsx (12 tests) 5ms
 ✓ src/features/financials/billing/billing-schedule-pglite.test.ts (8 tests) 4346ms
 ✓ src/features/owners/services/owner-settlements-service.p1.test.ts (4 tests) 9ms
stderr | src/features/reports/reports-canonical-pattern.test.tsx
Supabase environment is incomplete. Runtime diagnostics will be shown in UI.

stderr | src/features/reports/reports-canonical-pattern.test.tsx > canonical report pattern: Summary → Visual Insight → Detailed Table > overdue report renders summary KPIs, visual progress, insight and detail table
Warning: useRouter must be used inside a <RouterProvider> component!

stderr | src/features/reports/reports-canonical-pattern.test.tsx > canonical report pattern: Summary → Visual Insight → Detailed Table > never hides share/print/export behind the wrong permission state
Warning: useRouter must be used inside a <RouterProvider> component!

 ✓ src/features/reports/reports-canonical-pattern.test.tsx (5 tests) 127ms
 ✓ src/features/contracts/contract-unit-options.test.ts (7 tests) 5ms
 ✓ src/features/auth/r5-authorization-matrix.test.ts (120 tests) 22ms
 ✓ src/features/maintenance/maintenance-service.test.ts (10 tests) 44ms
 ✓ src/lib/money-contract-guard.test.ts (6 tests) 82ms
 ✓ src/features/financials/phase3-credit-reversal.test.ts (9 tests) 4491ms
 ✓ src/features/maintenance/r13-maintenance-idempotency-concurrency.test.ts (6 tests) 4570ms
 ✓ src/features/ai-assistant/ai-assistant-navigation.test.ts (10 tests) 13ms
 ✓ src/features/accounting/accountingServices.test.ts (12 tests) 8ms
 ✓ src/lib/i18n.test.ts (18 tests) 5ms
 ✓ src/features/landing/landing-performance-contract.test.ts (7 tests) 5ms
 ✓ src/features/p6b-owner-property-dossier-completion.test.ts (10 tests) 6ms
 ✓ src/app/navigation/permission-visibility.test.ts (9 tests) 6ms
 ✓ src/features/interface-register-hierarchy.contract.test.ts (30 tests) 15ms
stderr | src/features/owner-portal/owner-portal-boundary.test.ts
Supabase environment is incomplete. Runtime diagnostics will be shown in UI.

 ✓ src/features/owner-portal/owner-portal-boundary.test.ts (11 tests) 7ms
 ✓ src/features/financials/financials-ia.test.tsx (10 tests) 14ms
 ✓ src/features/lands/land-schema.test.ts (12 tests) 20ms
 ✓ src/features/detail-presentation-proofs.test.ts (7 tests) 14ms
stderr | src/features/help-support/help-support-system.test.ts
Supabase environment is incomplete. Runtime diagnostics will be shown in UI.

 ✓ src/features/help-support/help-support-system.test.ts (5 tests) 4576ms
 ✓ src/features/ai-assistant/ai-assistant-response-model.test.ts (7 tests) 6ms
 ✓ src/app/router/phase3-1-hardening.test.ts (7 tests) 5ms
 ✓ src/app/navigation/route-contract.test.ts (12 tests) 33ms
 ✓ src/features/communication/communication-schema.test.ts (7 tests) 12ms
 ✓ src/app/router/phase3-route-dialog.test.ts (7 tests) 6ms
 ✓ src/hooks/use-company-regression.test.ts (10 tests) 5ms
 ✓ src/lib/paginatedRead.test.ts (16 tests) 60ms
 ✓ src/lib/supabase-error.test.ts (11 tests) 6ms
 ✓ src/app/frontend-design-drift.test.ts (4 tests) 270ms
 ✓ src/features/maintenance/maintenance-attention.test.ts (8 tests) 5ms
 ✓ src/lib/whatsapp-share.test.ts (13 tests) 8ms
 ✓ src/features/pagination-coverage.test.ts (7 tests) 72ms
 ✓ src/features/finance/finance-hub-workspace-dedup.test.ts (6 tests) 4ms
 ✓ src/components/shared-state-semantics.test.tsx (6 tests) 23ms
 ✓ src/features/ai-assistant/ai-assistant-intent.test.ts (7 tests) 7ms
 ✓ src/features/leads/lead-schema.test.ts (9 tests) 10ms
 ✓ src/features/commissions/ux049-commission-source-selector.test.ts (8 tests) 3ms
 ✓ src/features/ai-assistant/ai-assistant-surface-context.test.ts (8 tests) 6ms
 ✓ src/features/active-register-inventory-finance-routes.test.ts (3 tests) 4ms
 ✓ src/features/empty-state-content-contract.test.ts (1 test) 2ms
 ✓ src/styles/mobile-unification-contract.test.ts (5 tests) 4ms
 ✓ src/features/owners/owner-agreement-paged-read.test.ts (6 tests) 20ms
 ✓ src/features/auth/granular-employee-permissions.test.ts (4 tests) 7ms
 ✓ src/features/maintenance/documents/maintenance-documents.test.ts (3 tests) 6ms
 ✓ src/features/reports/documents/report-period.test.ts (13 tests) 5ms
stderr | src/services/dossier-activity-scoping.test.ts
Supabase environment is incomplete. Runtime diagnostics will be shown in UI.

 ✓ src/services/dossier-activity-scoping.test.ts (4 tests) 4ms
 ✓ src/features/ai-assistant/services/ai-assistant-context.test.ts (1 test) 30ms
 ✓ src/services/documents/documentPlatform.boundaries.test.ts (5 tests) 54ms
stderr | src/features/properties/property-overview.test.tsx
Supabase environment is incomplete. Runtime diagnostics will be shown in UI.

stderr | src/features/properties/property-overview.test.tsx > PropertyOverview Component Rendering and Copy Integrity > renders a useful financial snapshot without duplicating the ownership tab
Warning: useRouter must be used inside a <RouterProvider> component!
Warning: useRouter must be used inside a <RouterProvider> component!

stderr | src/features/properties/property-overview.test.tsx > PropertyOverview Component Rendering and Copy Integrity > renders property identity and basic details when available
Warning: useRouter must be used inside a <RouterProvider> component!
Warning: useRouter must be used inside a <RouterProvider> component!

 ✓ src/features/properties/property-overview.test.tsx (2 tests) 68ms
 ✓ src/lib/money.test.ts (7 tests) 5ms
 ✓ src/features/finance/finance-task-first-ux.test.ts (6 tests) 3ms
 ✓ src/lib/r10-financial-as-any-guard.test.ts (2 tests) 15ms
 ✓ src/services/documents/currencyPrecision.test.ts (9 tests) 24ms
 ✓ src/features/owners/owner-settlement-live-workspace.test.ts (7 tests) 4ms
 ✓ src/features/ai-assistant/services/ai-assistant-quota.test.ts (4 tests) 4087ms
 ✓ src/components/data-refresh-reliability.test.tsx (5 tests) 15ms
 ✓ src/lib/lena-endorsement-contract.test.ts (6 tests) 6ms
 ✓ src/components/design-system-primitives.test.tsx (8 tests) 22ms
 ✓ src/features/owners/services/owner-financial-service.test.ts (5 tests) 4ms
 ✓ src/features/people/party-dossier-read.test.ts (6 tests) 11ms
 ✓ src/features/p6d-long-form-steppers.test.ts (5 tests) 3ms
 ✓ src/features/financials/reports/statement-ledger.test.ts (5 tests) 4ms
 ✓ src/features/financials/reconciliation/owner-payout-cash-suggestions.test.ts (10 tests) 49ms
 ✓ src/features/financials/reconciliation/bankReconciliationAtomicRpc.test.ts (5 tests) 29ms
 ✓ src/features/financials/reports/financial-report-pagination-contract.test.ts (8 tests) 10ms
 ✓ src/lib/malek-brand-contract.test.ts (5 tests) 6ms
 ✓ src/features/settings/settings-hub-chrome.test.ts (7 tests) 4ms
 ✓ src/lib/companySettings.test.ts (6 tests) 21ms
 ✓ src/features/maintenance/maintenance-helpers.test.ts (6 tests) 4ms
 ✓ src/features/financials/reports/arrears-status-visibility.test.ts (2 tests) 21ms
 ✓ src/app/router/route-blank-state.test.ts (8 tests) 3ms
 ✓ src/features/reports/reports-insights.test.ts (3 tests) 15ms
 ✓ src/features/auth/maintenance-action-permissions.test.ts (3 tests) 3ms
 ✓ src/features/service-providers/service-provider-service.test.ts (5 tests) 26ms
 ✓ src/services/documents/attachment-storage-service.test.ts (7 tests) 24ms
 ✓ src/lib/pwa-safety-contract.test.ts (5 tests) 5ms
stderr | src/features/owners/components/owner-agreements-section.test.tsx
Supabase environment is incomplete. Runtime diagnostics will be shown in UI.

stderr | src/features/owners/components/owner-agreements-section.test.tsx > owner dossier agreements section > shows a business-language empty state when the owner has no agreements
Warning: useRouter must be used inside a <RouterProvider> component!

stderr | src/features/owners/components/owner-agreements-section.test.tsx > owner dossier agreements section > lists agreements across properties with temporal status and business terms
Warning: useRouter must be used inside a <RouterProvider> component!

stderr | src/features/owners/components/owner-agreements-section.test.tsx > owner dossier agreements section > stays read-only — no create or edit affordances in the dossier
Warning: useRouter must be used inside a <RouterProvider> component!

 ✓ src/features/owners/components/owner-agreements-section.test.tsx (3 tests) 42ms
stderr | src/features/reports/report-product-filter-scope.test.ts
Supabase environment is incomplete. Runtime diagnostics will be shown in UI.

 ✓ src/features/reports/report-product-filter-scope.test.ts (4 tests) 4ms
 ✓ src/components/ui/button-action-contract.test.ts (1 test) 754ms
   ✓ application button action contract > does not leave inert Button components in production pages  752ms
 ✓ src/features/settings/costCenterService.test.ts (5 tests) 17ms
 ✓ src/features/contracts/short-stay-extension-contract.test.ts (5 tests) 4ms
 ✓ src/features/contracts/contractListExport.test.ts (4 tests) 16ms
stderr | src/features/financials/components/arrears-workflow-helpers.test.ts
Supabase environment is incomplete. Runtime diagnostics will be shown in UI.

 ✓ src/features/financials/components/arrears-workflow-helpers.test.ts (4 tests) 4ms
 ✓ src/features/utilities/documents/utility-split-document.test.ts (2 tests) 5ms
 ✓ src/app/accessibility-baseline.test.ts (10 tests) 5ms
 ✓ src/features/maintenance/maintenance-runtime-wiring.contract.test.ts (5 tests) 4ms
 ✓ src/features/reports/operations-overview-section.test.ts (7 tests) 4ms
stderr | src/features/people/use-people.test.ts
Supabase environment is incomplete. Runtime diagnostics will be shown in UI.

 ✓ src/features/people/use-people.test.ts (3 tests) 14ms
 ✓ src/features/contracts/contractSchema.test.ts (9 tests) 9ms
 ✓ src/features/financials/rc1-commission-deal-identity.test.ts (4 tests) 4099ms
 ✓ src/architecture-guard-v2.test.ts (7 tests) 6ms
 ✓ src/features/communication/services/outbound-communication-service.test.ts (4 tests) 36ms
 ✓ src/components/ui/action-menu.placement.test.ts (6 tests) 4ms
 ✓ src/features/p1-compact-responsive-registers.test.ts (2 tests) 29ms
 ✓ src/features/reports/reports-filters.shared.test.ts (4 tests) 3ms
 ✓ src/features/governance-hub/governance-hub-navigation.test.ts (7 tests) 4ms
 ✓ src/services/documents/DocumentRenderer.test.ts (4 tests) 22ms
 ✓ src/features/onboarding/onboardingService.test.ts (6 tests) 14ms
stderr | src/features/documents-vault/documents-vault-service.test.ts
Supabase environment is incomplete. Runtime diagnostics will be shown in UI.

 ✓ src/features/documents-vault/documents-vault-service.test.ts (4 tests) 17ms
 ✓ src/features/pagination-stability.test.ts (4 tests) 4ms
stderr | src/features/financials/components/arrears-workflow-section.test.tsx
Supabase environment is incomplete. Runtime diagnostics will be shown in UI.

 ✓ src/features/financials/components/arrears-workflow-section.test.tsx (4 tests) 56ms
 ✓ src/features/leads/services/leads-service.test.ts (8 tests) 9ms
 ✓ src/features/reports/components/reports-product-structure.test.ts (4 tests) 4ms
 ✓ src/features/financials/product-accounting-decision-gates.test.ts (2 tests) 7ms
 ✓ src/features/supabase-data-visibility/critical-page-states.test.ts (7 tests) 5ms
 ✓ src/test/db-contract/contract-writes-bypass.test.ts (4 tests) 80ms
 ✓ src/features/admin-support/admin-support-ui-contract.test.ts (4 tests) 4ms
 ✓ src/lib/contractStatus.test.ts (8 tests) 6ms
 ✓ src/lib/maintenanceStatus.test.ts (9 tests) 4ms
 ✓ src/features/utilities/utilities-service.test.ts (4 tests) 6ms
 ✓ src/app/not-found-legacy-recovery.contract.test.ts (4 tests) 5ms
 ✓ src/features/reports/expenses-section.test.ts (6 tests) 4ms
 ✓ src/app/layout/global-day-brand-polish.test.ts (3 tests) 3ms
stderr | src/features/tenant-portal/tenant-portal-boundary.test.ts
Supabase environment is incomplete. Runtime diagnostics will be shown in UI.

 ✓ src/features/tenant-portal/tenant-portal-boundary.test.ts (6 tests) 6ms
 ✓ src/test/db-contract/invoice-payment-safety-contract.test.ts (6 tests) 19ms
 ✓ src/features/contracts/actions/contractDetailActions.test.ts (2 tests) 7ms
 ✓ src/features/system/platform-security-contract.test.ts (4 tests) 11ms
 ✓ src/features/financials/billing/billing-readiness-presentation.test.ts (4 tests) 5ms
 ✓ src/features/p6c-person-tenant-dossier-consistency.test.ts (5 tests) 4ms
 ✓ src/features/owners/owner-settlements-service-listAll.test.ts (2 tests) 9ms
 ✓ src/features/settings/settings-workspace-model.test.ts (3 tests) 4ms
 ✓ src/features/properties/property-creation-workflow-contract.test.ts (5 tests) 4ms
 ✓ src/features/automation/background-worker-contract.test.ts (4 tests) 3ms
 ✓ src/features/detail-workspace-consistency.test.ts (2 tests) 4ms
 ✓ src/features/automation/automation-service-real.test.ts (5 tests) 4ms
 ✓ src/features/contracts/services/contractService.property.test.ts (3 tests) 5ms
 ✓ src/features/reports/report-share.test.ts (5 tests) 4ms
 ✓ src/features/contracts/confirmation-dialogs-ux.test.ts (4 tests) 3ms
 ✓ src/lib/sitemap-contract.test.ts (4 tests) 4ms
 ✓ src/components/cross-workspace-stale-safety.test.ts (5 tests) 4ms
 ✓ src/features/ui-mobile-architecture-reset.test.ts (4 tests) 3ms
 ✓ src/features/owners/owner-agreement-version-ui-authority.test.ts (5 tests) 3ms
 ✓ src/app/navigation/navigation-active-state.test.ts (8 tests) 7ms
 ✓ src/features/contracts/short-stay-expiry-contract.test.ts (4 tests) 3ms
 ✓ src/features/system/r11-legacy-disposition.test.ts (3 tests) 6ms
 ✓ src/features/dashboard/utility-obligations-signal.test.ts (4 tests) 3ms
 ✓ src/features/reports/components/statements/owner-statement-inapp.contract.test.ts (3 tests) 3ms
 ✓ src/app/providers/query-client.test.ts (6 tests) 4ms
 ✓ src/features/system/services/form-single-pass-validation.test.ts (5 tests) 6ms
 ✓ src/features/p2-contextual-documents.test.ts (2 tests) 3ms
 ✓ src/features/financials/financials-mounted-hidden.test.ts (4 tests) 3ms
stderr | src/features/financials/financial-readiness-gates.test.ts
Supabase environment is incomplete. Runtime diagnostics will be shown in UI.

 ✓ src/features/financials/financial-readiness-gates.test.ts (2 tests) 10ms
 ✓ src/features/commissions/p6g-commissions-workspace.test.ts (5 tests) 3ms
 ✓ src/features/dashboard/maintenance-follow-up-signal.test.ts (4 tests) 3ms
 ✓ src/features/reports/documents/premium-owner-report.contract.test.ts (4 tests) 3ms
 ✓ src/lib/runtime-diagnostics.test.ts (3 tests) 3ms
 ✓ src/features/system/release-evidence-gates.test.ts (2 tests) 5ms
 ✓ src/features/hub-navigation-contract.test.ts (4 tests) 4ms
 ✓ src/features/properties/ownership/property-onboarding-workflow.test.ts (3 tests) 3ms
 ✓ src/features/settings/useCompanySettings.test.ts (2 tests) 23ms
 ✓ src/components/layout/list-controls.test.tsx (3 tests) 20ms
 ✓ src/features/contracts/services/unitAvailabilityService.test.ts (3 tests) 5ms
 ✓ src/features/contracts/services/contractService-listAll.test.ts (3 tests) 6ms
 ✓ src/features/reports/reports-filter-summary.test.ts (2 tests) 4ms
 ✓ src/features/owners/services/owner-payout-acknowledgement.test.ts (8 tests) 10ms
 ✓ src/features/auth/granular-authority-patch-preflight.test.ts (3 tests) 3ms
 ✓ src/components/ui/kpi-card.test.tsx (6 tests) 18ms
 ✓ src/features/interface-entity-table-import.contract.test.ts (2 tests) 16ms
 ✓ src/features/automation/automation-intent.test.ts (3 tests) 4ms
 ✓ src/lib/business-reference.test.ts (10 tests) 4ms
 ✓ src/features/settings/phase0-settings-auth-audit.test.ts (2 tests) 3ms
 ✓ src/features/accounting/reports/reconciliation/reconciliationService.test.ts (14 tests) 16ms
 ✓ src/lib/supabase-config.test.ts (18 tests) 8ms
stderr | src/features/reports/reports-workspace-filters.test.ts
Supabase environment is incomplete. Runtime diagnostics will be shown in UI.

 ✓ src/features/reports/reports-workspace-filters.test.ts (3 tests) 5ms
 ✓ src/features/mobile-accessibility-ux.test.ts (2 tests) 2ms
 ✓ src/app/navigation/route-tree-paths.test.ts (5 tests) 14ms
 ✓ src/features/units/vacancy-aging.test.ts (3 tests) 3ms
 ✓ src/lib/data/crud-write-error.test.ts (3 tests) 3ms
 ✓ src/features/dashboard/financial-performance.test.ts (6 tests) 6ms
 ✓ src/app/navigation/legacy-compatibility.test.ts (3 tests) 8ms
 ✓ src/features/accounting/reports/statements/accountingReportsService.cash-flow.test.ts (2 tests) 20ms
 ✓ src/features/maintenance/components/maintenance-list-display.contract.test.ts (5 tests) 4ms
 ✓ src/lib/companyFormatters.test.ts (7 tests) 20ms
 ✓ src/app/navigation/route-nav-map.test.ts (7 tests) 4ms
 ✓ src/components/ui/button.test.tsx (4 tests) 22ms
 ✓ src/features/contracts/contract-schedule-preview.test.ts (3 tests) 4ms
 ✓ src/features/owners/components/owner-workspace-table-display.contract.test.ts (3 tests) 3ms
 ✓ src/features/settings/settings-page.test.ts (3 tests) 4ms
 ✓ src/lib/query-keys.test.ts (3 tests) 4ms
 ✓ src/lib/xlsx-export.test.ts (2 tests) 5ms
stderr | src/features/auth/change-password-page.test.ts
Supabase environment is incomplete. Runtime diagnostics will be shown in UI.

 ✓ src/features/auth/change-password-page.test.ts (4 tests) 5ms
 ✓ src/test/fake-supabase-backend.test.ts (2 tests) 6ms
stderr | src/features/tenants/tenantWorkspaceService.arrears.test.ts
Supabase environment is incomplete. Runtime diagnostics will be shown in UI.

 ✓ src/features/tenants/tenantWorkspaceService.arrears.test.ts (15 tests) 4ms
 ✓ src/features/reports/reports-collection-efficiency.test.ts (3 tests) 6ms
 ✓ src/app/page-level-async-state.contract.test.ts (2 tests) 4ms
 ✓ src/features/auth/portal-link-permissions.test.ts (3 tests) 3ms
 ✓ src/features/contracts/components/contract-table-display.contract.test.ts (4 tests) 3ms
 ✓ src/features/dashboard/dashboard-desktop-workspace.test.ts (4 tests) 3ms
 ✓ src/features/settings/office-launch/office-readiness.test.ts (2 tests) 3ms
 ✓ src/test/db-contract/financial-writes-bypass.test.ts (1 test) 115ms
 ✓ src/components/ui/table-visual-contract.test.ts (3 tests) 3ms
 ✓ src/lib/supabase-client-boundary.test.ts (3 tests) 3ms
stderr | src/app/layout/notifications-menu.test.ts
Supabase environment is incomplete. Runtime diagnostics will be shown in UI.

 ✓ src/app/layout/notifications-menu.test.ts (3 tests) 3ms
 ✓ src/features/p4-settings-admin-cleanup.test.ts (2 tests) 3ms
 ✓ src/features/p6-detail-dossiers.test.ts (2 tests) 3ms
 ✓ src/features/financials/phase5-financials.test.tsx (4 tests) 4ms
 ✓ src/features/leads/leads-mobile-card.contract.test.ts (2 tests) 2ms
 ✓ src/components/ui/design-system-exports.test.ts (2 tests) 3ms
 ✓ src/app/navigation/workspace-permission.test.ts (16 tests) 4ms
 ✓ src/features/tenants/tenant-ledger-contract.test.ts (2 tests) 3ms
 ✓ src/features/financials/financialMath.test.ts (4 tests) 2ms
 ✓ src/features/financials/rtl-date-isolation.contract.test.ts (2 tests) 2ms
 ✓ src/features/lands/kpi-loading.contract.test.ts (2 tests) 3ms
 ✓ src/components/ui/responsive-card-grid.test.tsx (3 tests) 13ms
 ✓ src/lib/financial-cache.test.ts (2 tests) 5ms
 ✓ src/lib/env-validation.test.ts (4 tests) 3ms
stderr | src/features/maintenance/maintenance-provider-selection.test.ts
Supabase environment is incomplete. Runtime diagnostics will be shown in UI.

 ✓ src/features/maintenance/maintenance-provider-selection.test.ts (3 tests) 3ms
 ✓ src/lib/date-input-regression.test.ts (1 test) 113ms
 ✓ src/services/documents/DocumentService.test.ts (1 test) 3ms
 ✓ src/features/governance-hub/user-roles-model.test.ts (4 tests) 3ms
 ✓ src/features/tenant-portal/tenant-portal-authority.test.ts (4 tests) 3ms
 ✓ src/features/auth/password-recovery-service.test.ts (3 tests) 5ms
 ✓ src/lib/latin-numerals-ui-contract.test.ts (1 test) 44ms
 ✓ src/lib/csvExport.test.ts (5 tests) 9ms
stderr | src/features/units/units-page.test.ts
Supabase environment is incomplete. Runtime diagnostics will be shown in UI.

 ✓ src/features/units/units-page.test.ts (2 tests) 3ms
 ✓ src/features/auth/permission-request.test.ts (2 tests) 3ms
 ✓ src/features/reports/reports-collection-efficiency-contract.test.ts (2 tests) 3ms
 ✓ src/features/reports/p5-reports-depth.test.ts (2 tests) 3ms
 ✓ src/lib/numberToArabicWords.test.ts (3 tests) 3ms
 ✓ src/features/auth/granular-employee-permission-projection.test.ts (2 tests) 2ms
 ✓ src/components/ui/entity-table.visual-wave-1.test.tsx (1 test) 17ms
 ✓ src/components/layout/register-summary.test.tsx (2 tests) 17ms
 ✓ src/lib/retryable-command.test.ts (2 tests) 6ms
 ✓ src/components/ui/entity-table-mobile-summary.test.ts (3 tests) 2ms
 ✓ src/features/owner-portal/portal-spacing.contract.test.ts (1 test) 2ms
 ✓ src/components/ui/canonical-table-usage.test.ts (1 test) 19ms
 ✓ src/features/auth/effective-permissions-admin.test.ts (1 test) 3ms
 ✓ src/app/navigation/target-blueprint-contract.test.ts (2 tests) 3ms
 ✓ src/lib/toolchain-contract.test.ts (1 test) 5ms
 ✓ src/lib/migration-version-uniqueness.test.ts (1 test) 3ms
 ✓ src/features/properties/property-unit-summary.test.ts (2 tests) 3ms
 ✓ src/features/ai-assistant/services/ai-assistant-service.test.ts (3 tests) 4ms
 ✓ src/features/units/unit-status-semantics.test.ts (2 tests) 3ms
 ✓ src/features/auth/effective-route-guard.test.ts (2 tests) 38ms
 ✓ src/app/navigation/documents-vault-route.test.ts (3 tests) 3ms
 ✓ src/features/tenants/phase4-tenant-hub.test.tsx (2 tests) 3ms
 ✓ src/lib/operational-form-routes.test.ts (26 tests) 4ms
 ✓ src/features/financials/reconciliation/bank-reconciliation-date.test.ts (3 tests) 17ms
 ✓ src/features/financials/reconciliation/bankCsvImportService.test.ts (6 tests) 11ms
 ✓ src/features/financials/invoices/invoiceService.pagination.test.ts (3 tests) 14ms
 ✓ src/features/financials/expenses/operational-expenses.test.ts (8 tests) 4ms
 ✓ src/features/financials/deposits/deposits-readable-contracts.test.ts (8 tests) 4ms
stderr | src/features/financials/reconciliation/bank-reconciliation-coverage.test.ts
Supabase environment is incomplete. Runtime diagnostics will be shown in UI.

 ✓ src/features/financials/reconciliation/bank-reconciliation-coverage.test.ts (9 tests) 4ms
 ✓ src/features/financials/invoices/quick-collect.test.ts (16 tests) 5ms
stderr | src/features/financials/payments/usePayments.test.ts
Supabase environment is incomplete. Runtime diagnostics will be shown in UI.

 ✓ src/features/financials/payments/usePayments.test.ts (3 tests) 7ms
 ✓ src/features/financials/expenses/expenseService-fields.test.ts (6 tests) 11ms
stderr | src/features/financials/reconciliation/bankReconciliationService.test.ts
Supabase environment is incomplete. Runtime diagnostics will be shown in UI.

 ✓ src/features/financials/reconciliation/bankReconciliationService.test.ts (7 tests) 10ms
 ✓ src/features/financials/receipts/useReceipts.test.ts (5 tests) 6ms
stderr | src/features/financials/receipts/receipts-page.test.ts
Supabase environment is incomplete. Runtime diagnostics will be shown in UI.

 ✓ src/features/financials/receipts/receipts-page.test.ts (8 tests) 12ms
 ✓ src/features/financials/invoices/invoice-payment-validation.test.ts (4 tests) 4ms
 ✓ src/features/financials/reports/financial-report-context-hydration.test.ts (3 tests) 12ms
 ✓ src/features/financials/deposits/deposit-contract-options.test.ts (8 tests) 4ms
 ✓ src/features/financials/components/receipt-formatters.test.ts (10 tests) 3ms
 ✓ src/features/financials/reports/financial-report-rpc-boundary.test.ts (4 tests) 4ms
 ✓ src/features/financials/reconciliation/bankReconciliationService-listAll.test.ts (2 tests) 5ms
 ✓ src/features/financials/reconciliation/bank-reconciliation-error-states.test.ts (6 tests) 4ms
 ✓ src/features/financials/payments/paymentService.test.ts (11 tests) 12ms
 ✓ src/features/financials/deposits/deposit-service.test.ts (4 tests) 4ms
 ✓ src/features/financials/expenses/expenseService-list.test.ts (3 tests) 7ms
 ✓ src/features/financials/deposits/deposit-voucher-document.test.ts (2 tests) 7ms
 ✓ src/features/financials/invoices/invoice-actions.test.ts (2 tests) 5ms
stderr | src/features/financials/expenses/expenses-page.test.ts
Supabase environment is incomplete. Runtime diagnostics will be shown in UI.

 ✓ src/features/financials/expenses/expenses-page.test.ts (3 tests) 3ms
 ✓ src/features/financials/components/quick-payment-form.test.tsx (4 tests) 40ms
 ✓ src/features/financials/invoices/invoiceService.property.test.ts (1 test) 11ms
 ✓ src/features/financials/components/financials-formatters.test.ts (6 tests) 14ms
 ✓ src/features/financials/expenses/expense-actions.test.ts (2 tests) 7ms
 ✓ src/features/financials/reports/deferred-revenue-service.test.ts (4 tests) 4ms
 ✓ src/features/financials/invoices/invoice-workspace-focus.test.ts (4 tests) 4ms
stderr | src/features/financials/invoices/useInvoices.test.ts
Supabase environment is incomplete. Runtime diagnostics will be shown in UI.

 ✓ src/features/financials/invoices/useInvoices.test.ts (1 test) 4ms
 ✓ src/features/financials/components/invoice-status-labels.test.ts (5 tests) 4ms
 ✓ src/features/financials/deposits/deposit-command-contract.test.ts (3 tests) 7ms
 ✓ src/features/financials/receipts/receipt-uuid-ui-regression.test.ts (3 tests) 3ms
 ✓ src/features/financials/reports/financial-report-rows.test.ts (7 tests) 3ms
 ✓ src/features/financials/deposits/deposit-schema.test.ts (4 tests) 8ms
 ✓ src/features/auth/register-export-permissions.test.ts (2 tests) 2ms
 ✓ src/features/auth/cross-workspace-affordance-permissions.test.ts (2 tests) 2ms
 ✓ src/features/financials/packageScript.test.ts (1 test) 3ms
 ✓ src/components/ui/data-table-columns-menu.test.tsx (1 test) 19ms
 ✓ src/features/financials/financials-date-utils.test.ts (2 tests) 3ms
stderr | src/features/contracts/evidence/contract-evidence-service.test.ts
Supabase environment is incomplete. Runtime diagnostics will be shown in UI.

 ✓ src/features/contracts/evidence/contract-evidence-service.test.ts (2 tests) 3ms
 ✓ src/features/reports/components/operational-priorities-panel.test.ts (1 test) 3ms
 ✓ src/features/financials/reports/financial-statements-service.test.ts (9 tests) 6ms
 ✓ src/features/ai-assistant/services/ai-assistant-production-sync.test.ts (1 test) 3ms
 ✓ src/features/owners/owner-settlement-scope.test.ts (3 tests) 2ms
 ✓ src/features/properties/property-card-utils.test.ts (2 tests) 2ms
 ✓ src/features/contracts/components/ContractDetailWorkspace.test.tsx (2 tests) 2ms
 ✓ src/features/auth/login-error-message.test.ts (2 tests) 2ms
stderr | src/features/automation/automation-service.test.ts
Supabase environment is incomplete. Runtime diagnostics will be shown in UI.

 ✓ src/features/automation/automation-service.test.ts (1 test) 2ms
 ✓ src/features/financials/unit-status-normalization.test.ts (3 tests) 3ms
 ✓ src/lib/moneyNormalization.spec.ts (3 tests) 3ms
 ✓ src/pwa-dependency-contract.test.ts (1 test) 2ms
 ✓ src/features/financials/components/expenses-section-display.contract.test.ts (1 test) 2ms
 ✓ src/features/audit/phase6-audit.test.tsx (1 test) 2ms
 ✓ src/features/contracts/phase4-contract-hub.test.tsx (1 test) 2ms
 ✓ src/features/settings/product-simplification-copy.test.ts (1 test) 2ms
stderr | src/features/owners/useOwners.test.ts
Supabase environment is incomplete. Runtime diagnostics will be shown in UI.

 ✓ src/features/owners/useOwners.test.ts (1 test) 3ms
 ✓ src/services/documents/documentOutputReadiness.test.ts (27 tests) 179ms
stderr | src/app/layout/mobile-shell-navigation-polish.test.tsx
Supabase environment is incomplete. Runtime diagnostics will be shown in UI.

 ✓ src/app/layout/mobile-shell-navigation-polish.test.tsx (20 tests) 1029ms
stderr | Fetch.onError (file:/home/user/malek/node_modules/.pnpm/happy-dom@20.10.6/node_modules/happy-dom/src/fetch/Fetch.ts:698:35)
Error: getaddrinfo ENOTFOUND invalid.supabase.local
[90m    at GetAddrInfoReqWrap.onlookupall [as oncomplete] (node:dns:122:26)[39m {
  errno: [33m-3008[39m,
  code: [32m'ENOTFOUND'[39m,
  syscall: [32m'getaddrinfo'[39m,
  hostname: [32m'invalid.supabase.local'[39m
}

stderr | Fetch.onError (file:/home/user/malek/node_modules/.pnpm/happy-dom@20.10.6/node_modules/happy-dom/src/fetch/Fetch.ts:698:35)
Error: getaddrinfo ENOTFOUND invalid.supabase.local
[90m    at GetAddrInfoReqWrap.onlookupall [as oncomplete] (node:dns:122:26)[39m {
  errno: [33m-3008[39m,
  code: [32m'ENOTFOUND'[39m,
  syscall: [32m'getaddrinfo'[39m,
  hostname: [32m'invalid.supabase.local'[39m
}

stderr | Fetch.onError (file:/home/user/malek/node_modules/.pnpm/happy-dom@20.10.6/node_modules/happy-dom/src/fetch/Fetch.ts:698:35)
Error: getaddrinfo ENOTFOUND invalid.supabase.local
[90m    at GetAddrInfoReqWrap.onlookupall [as oncomplete] (node:dns:122:26)[39m {
  errno: [33m-3008[39m,
  code: [32m'ENOTFOUND'[39m,
  syscall: [32m'getaddrinfo'[39m,
  hostname: [32m'invalid.supabase.local'[39m
}

stderr | Fetch.onError (file:/home/user/malek/node_modules/.pnpm/happy-dom@20.10.6/node_modules/happy-dom/src/fetch/Fetch.ts:698:35)
Error: getaddrinfo ENOTFOUND invalid.supabase.local
[90m    at GetAddrInfoReqWrap.onlookupall [as oncomplete] (node:dns:122:26)[39m {
  errno: [33m-3008[39m,
  code: [32m'ENOTFOUND'[39m,
  syscall: [32m'getaddrinfo'[39m,
  hostname: [32m'invalid.supabase.local'[39m
}

stderr | Fetch.onError (file:/home/user/malek/node_modules/.pnpm/happy-dom@20.10.6/node_modules/happy-dom/src/fetch/Fetch.ts:698:35)
Error: getaddrinfo ENOTFOUND invalid.supabase.local
[90m    at GetAddrInfoReqWrap.onlookupall [as oncomplete] (node:dns:122:26)[39m {
  errno: [33m-3008[39m,
  code: [32m'ENOTFOUND'[39m,
  syscall: [32m'getaddrinfo'[39m,
  hostname: [32m'invalid.supabase.local'[39m
}

stderr | Fetch.onError (file:/home/user/malek/node_modules/.pnpm/happy-dom@20.10.6/node_modules/happy-dom/src/fetch/Fetch.ts:698:35)
Error: getaddrinfo ENOTFOUND invalid.supabase.local
[90m    at GetAddrInfoReqWrap.onlookupall [as oncomplete] (node:dns:122:26)[39m {
  errno: [33m-3008[39m,
  code: [32m'ENOTFOUND'[39m,
  syscall: [32m'getaddrinfo'[39m,
  hostname: [32m'invalid.supabase.local'[39m
}

stderr | Fetch.onError (file:/home/user/malek/node_modules/.pnpm/happy-dom@20.10.6/node_modules/happy-dom/src/fetch/Fetch.ts:698:35)
Error: getaddrinfo ENOTFOUND invalid.supabase.local
[90m    at GetAddrInfoReqWrap.onlookupall [as oncomplete] (node:dns:122:26)[39m {
  errno: [33m-3008[39m,
  code: [32m'ENOTFOUND'[39m,
  syscall: [32m'getaddrinfo'[39m,
  hostname: [32m'invalid.supabase.local'[39m
}

stderr | Fetch.onError (file:/home/user/malek/node_modules/.pnpm/happy-dom@20.10.6/node_modules/happy-dom/src/fetch/Fetch.ts:698:35)
Error: getaddrinfo ENOTFOUND invalid.supabase.local
[90m    at GetAddrInfoReqWrap.onlookupall [as oncomplete] (node:dns:122:26)[39m {
  errno: [33m-3008[39m,
  code: [32m'ENOTFOUND'[39m,
  syscall: [32m'getaddrinfo'[39m,
  hostname: [32m'invalid.supabase.local'[39m
}

stderr | Fetch.onError (file:/home/user/malek/node_modules/.pnpm/happy-dom@20.10.6/node_modules/happy-dom/src/fetch/Fetch.ts:698:35)
Error: getaddrinfo ENOTFOUND invalid.supabase.local
[90m    at GetAddrInfoReqWrap.onlookupall [as oncomplete] (node:dns:122:26)[39m {
  errno: [33m-3008[39m,
  code: [32m'ENOTFOUND'[39m,
  syscall: [32m'getaddrinfo'[39m,
  hostname: [32m'invalid.supabase.local'[39m
}

stderr | Fetch.onError (file:/home/user/malek/node_modules/.pnpm/happy-dom@20.10.6/node_modules/happy-dom/src/fetch/Fetch.ts:698:35)
Error: getaddrinfo ENOTFOUND invalid.supabase.local
[90m    at GetAddrInfoReqWrap.onlookupall [as oncomplete] (node:dns:122:26)[39m {
  errno: [33m-3008[39m,
  code: [32m'ENOTFOUND'[39m,
  syscall: [32m'getaddrinfo'[39m,
  hostname: [32m'invalid.supabase.local'[39m
}

stderr | Fetch.onError (file:/home/user/malek/node_modules/.pnpm/happy-dom@20.10.6/node_modules/happy-dom/src/fetch/Fetch.ts:698:35)
Error: getaddrinfo ENOTFOUND invalid.supabase.local
[90m    at GetAddrInfoReqWrap.onlookupall [as oncomplete] (node:dns:122:26)[39m {
  errno: [33m-3008[39m,
  code: [32m'ENOTFOUND'[39m,
  syscall: [32m'getaddrinfo'[39m,
  hostname: [32m'invalid.supabase.local'[39m
}

stderr | Fetch.onError (file:/home/user/malek/node_modules/.pnpm/happy-dom@20.10.6/node_modules/happy-dom/src/fetch/Fetch.ts:698:35)
Error: getaddrinfo ENOTFOUND invalid.supabase.local
[90m    at GetAddrInfoReqWrap.onlookupall [as oncomplete] (node:dns:122:26)[39m {
  errno: [33m-3008[39m,
  code: [32m'ENOTFOUND'[39m,
  syscall: [32m'getaddrinfo'[39m,
  hostname: [32m'invalid.supabase.local'[39m
}

stderr | Fetch.onError (file:/home/user/malek/node_modules/.pnpm/happy-dom@20.10.6/node_modules/happy-dom/src/fetch/Fetch.ts:698:35)
Error: getaddrinfo ENOTFOUND invalid.supabase.local
[90m    at GetAddrInfoReqWrap.onlookupall [as oncomplete] (node:dns:122:26)[39m {
  errno: [33m-3008[39m,
  code: [32m'ENOTFOUND'[39m,
  syscall: [32m'getaddrinfo'[39m,
  hostname: [32m'invalid.supabase.local'[39m
}

stderr | Fetch.onError (file:/home/user/malek/node_modules/.pnpm/happy-dom@20.10.6/node_modules/happy-dom/src/fetch/Fetch.ts:698:35)
Error: getaddrinfo ENOTFOUND invalid.supabase.local
[90m    at GetAddrInfoReqWrap.onlookupall [as oncomplete] (node:dns:122:26)[39m {
  errno: [33m-3008[39m,
  code: [32m'ENOTFOUND'[39m,
  syscall: [32m'getaddrinfo'[39m,
  hostname: [32m'invalid.supabase.local'[39m
}

stderr | Fetch.onError (file:/home/user/malek/node_modules/.pnpm/happy-dom@20.10.6/node_modules/happy-dom/src/fetch/Fetch.ts:698:35)
Error: getaddrinfo ENOTFOUND invalid.supabase.local
[90m    at GetAddrInfoReqWrap.onlookupall [as oncomplete] (node:dns:122:26)[39m {
  errno: [33m-3008[39m,
  code: [32m'ENOTFOUND'[39m,
  syscall: [32m'getaddrinfo'[39m,
  hostname: [32m'invalid.supabase.local'[39m
}

stderr | Fetch.onError (file:/home/user/malek/node_modules/.pnpm/happy-dom@20.10.6/node_modules/happy-dom/src/fetch/Fetch.ts:698:35)
Error: getaddrinfo ENOTFOUND invalid.supabase.local
[90m    at GetAddrInfoReqWrap.onlookupall [as oncomplete] (node:dns:122:26)[39m {
  errno: [33m-3008[39m,
  code: [32m'ENOTFOUND'[39m,
  syscall: [32m'getaddrinfo'[39m,
  hostname: [32m'invalid.supabase.local'[39m
}

 ✓ src/services/documents/renderer/documentRenderer.dom.test.ts (20 tests) 185ms
 ✓ src/features/ai-assistant/speech/assistant-speech.test.ts (21 tests) 180ms
 ✓ src/features/ai-assistant/ai-assistant-page-speech.test.tsx (6 tests) 2688ms
   ✓ AiAssistantPage + TTS integration > shows the reply exactly as received and offers a subtle speaker control  372ms
   ✓ AiAssistantPage + TTS integration > does not speak automatically by default (preference OFF)  356ms
   ✓ AiAssistantPage + TTS integration > manual playback speaks the normalized Arabic text while the display stays exact  354ms
   ✓ AiAssistantPage + TTS integration > with the preference ON, newly completed responses speak automatically  417ms
   ✓ AiAssistantPage + TTS integration > playing a new response stops the previous one (B stops A) at the page level  875ms
   ✓ AiAssistantPage + TTS integration > unmounting the assistant surface stops speech  312ms
stderr | src/features/contracts/ContractsListPage.test.tsx
Supabase environment is incomplete. Runtime diagnostics will be shown in UI.

 ✓ src/features/contracts/ContractsListPage.test.tsx (15 tests) 224ms
 ✓ src/hooks/use-company.test.tsx (10 tests) 100ms
stderr | src/features/units/units-controller-regression.test.tsx
Supabase environment is incomplete. Runtime diagnostics will be shown in UI.

stderr | src/features/units/units-controller-regression.test.tsx > UnitsWorkspace controller regression > renders one dense desktop table row per unit plus the shared Cards⇄Table register
The current testing environment is not configured to support act(...)

stderr | src/features/units/units-controller-regression.test.tsx > UnitsWorkspace controller regression > renders one dense desktop table row per unit plus the shared Cards⇄Table register
The current testing environment is not configured to support act(...)
The current testing environment is not configured to support act(...)
The current testing environment is not configured to support act(...)
The current testing environment is not configured to support act(...)
The current testing environment is not configured to support act(...)
The current testing environment is not configured to support act(...)
The current testing environment is not configured to support act(...)
The current testing environment is not configured to support act(...)
The current testing environment is not configured to support act(...)

stderr | src/features/units/units-controller-regression.test.tsx > UnitsWorkspace controller regression > renders one dense desktop table row per unit plus the shared Cards⇄Table register
The current testing environment is not configured to support act(...)

stderr | src/features/units/units-controller-regression.test.tsx > UnitsWorkspace controller regression > renders KPI cards with computed values
The current testing environment is not configured to support act(...)

stderr | src/features/units/units-controller-regression.test.tsx > UnitsWorkspace controller regression > renders KPI cards with computed values
The current testing environment is not configured to support act(...)
The current testing environment is not configured to support act(...)
The current testing environment is not configured to support act(...)
The current testing environment is not configured to support act(...)
The current testing environment is not configured to support act(...)
The current testing environment is not configured to support act(...)
The current testing environment is not configured to support act(...)
The current testing environment is not configured to support act(...)
The current testing environment is not configured to support act(...)

stderr | src/features/units/units-controller-regression.test.tsx > UnitsWorkspace controller regression > renders KPI cards with computed values
Error: getaddrinfo ENOTFOUND invalid.supabase.local
[90m    at GetAddrInfoReqWrap.onlookupall [as oncomplete] (node:dns:122:26)[39m {
  errno: [33m-3008[39m,
  code: [32m'ENOTFOUND'[39m,
  syscall: [32m'getaddrinfo'[39m,
  hostname: [32m'invalid.supabase.local'[39m
}

stderr | src/features/units/units-controller-regression.test.tsx > UnitsWorkspace controller regression > renders KPI cards with computed values
The current testing environment is not configured to support act(...)

stderr | src/features/units/units-controller-regression.test.tsx > UnitsWorkspace controller regression > renders filter selects: property, status, occupancy
The current testing environment is not configured to support act(...)

stderr | src/features/units/units-controller-regression.test.tsx > UnitsWorkspace controller regression > renders filter selects: property, status, occupancy
The current testing environment is not configured to support act(...)
The current testing environment is not configured to support act(...)
The current testing environment is not configured to support act(...)
The current testing environment is not configured to support act(...)
The current testing environment is not configured to support act(...)
The current testing environment is not configured to support act(...)
The current testing environment is not configured to support act(...)
The current testing environment is not configured to support act(...)
The current testing environment is not configured to support act(...)

stderr | src/features/units/units-controller-regression.test.tsx > UnitsWorkspace controller regression > renders filter selects: property, status, occupancy
Error: getaddrinfo ENOTFOUND invalid.supabase.local
[90m    at GetAddrInfoReqWrap.onlookupall [as oncomplete] (node:dns:122:26)[39m {
  errno: [33m-3008[39m,
  code: [32m'ENOTFOUND'[39m,
  syscall: [32m'getaddrinfo'[39m,
  hostname: [32m'invalid.supabase.local'[39m
}

stderr | src/features/units/units-controller-regression.test.tsx > UnitsWorkspace controller regression > renders filter selects: property, status, occupancy
The current testing environment is not configured to support act(...)

stderr | src/features/units/units-controller-regression.test.tsx > UnitsWorkspace controller regression > opens create modal on add button click
The current testing environment is not configured to support act(...)

stderr | src/features/units/units-controller-regression.test.tsx > UnitsWorkspace controller regression > opens create modal on add button click
The current testing environment is not configured to support act(...)
The current testing environment is not configured to support act(...)
The current testing environment is not configured to support act(...)
The current testing environment is not configured to support act(...)
The current testing environment is not configured to support act(...)
The current testing environment is not configured to support act(...)
The current testing environment is not configured to support act(...)
The current testing environment is not configured to support act(...)
The current testing environment is not configured to support act(...)

stderr | src/features/units/units-controller-regression.test.tsx > UnitsWorkspace controller regression > opens create modal on add button click
Error: getaddrinfo ENOTFOUND invalid.supabase.local
[90m    at GetAddrInfoReqWrap.onlookupall [as oncomplete] (node:dns:122:26)[39m {
  errno: [33m-3008[39m,
  code: [32m'ENOTFOUND'[39m,
  syscall: [32m'getaddrinfo'[39m,
  hostname: [32m'invalid.supabase.local'[39m
}

stderr | src/features/units/units-controller-regression.test.tsx > UnitsWorkspace controller regression > opens create modal on add button click
The current testing environment is not configured to support act(...)

stderr | src/features/units/units-controller-regression.test.tsx > UnitsWorkspace controller regression > opens create modal on add button click
The current testing environment is not configured to support act(...)
The current testing environment is not configured to support act(...)
The current testing environment is not configured to support act(...)
The current testing environment is not configured to support act(...)
The current testing environment is not configured to support act(...)
The current testing environment is not configured to support act(...)
The current testing environment is not configured to support act(...)
The current testing environment is not configured to support act(...)
The current testing environment is not configured to support act(...)
The current testing environment is not configured to support act(...)
The current testing environment is not configured to support act(...)
The current testing environment is not configured to support act(...)
The current testing environment is not configured to support act(...)
The current testing environment is not configured to support act(...)
The current testing environment is not configured to support act(...)
The current testing environment is not configured to support act(...)
The current testing environment is not configured to support act(...)
The current testing environment is not configured to support act(...)
The current testing environment is not configured to support act(...)
The current testing environment is not configured to support act(...)
The current testing environment is not configured to support act(...)
The current testing environment is not configured to support act(...)
The current testing environment is not configured to support act(...)
The current testing environment is not configured to support act(...)
The current testing environment is not configured to support act(...)
The current testing environment is not configured to support act(...)
The current testing environment is not configured to support act(...)
The current testing environment is not configured to support act(...)
The current testing environment is not configured to support act(...)
The current testing environment is not configured to support act(...)
The current testing environment is not configured to support act(...)
The current testing environment is not configured to support act(...)
The current testing environment is not configured to support act(...)
The current testing environment is not configured to support act(...)
The current testing environment is not configured to support act(...)
The current testing environment is not configured to support act(...)
The current testing environment is not configured to support act(...)
The current testing environment is not configured to support act(...)
The current testing environment is not configured to support act(...)
The current testing environment is not configured to support act(...)
The current testing environment is not configured to support act(...)
The current testing environment is not configured to support act(...)
The current testing environment is not configured to support act(...)
The current testing environment is not configured to support act(...)
The current testing environment is not configured to support act(...)

stderr | src/features/units/units-controller-regression.test.tsx > UnitsWorkspace controller regression > opens create modal on add button click
Error: getaddrinfo ENOTFOUND invalid.supabase.local
[90m    at GetAddrInfoReqWrap.onlookupall [as oncomplete] (node:dns:122:26)[39m {
  errno: [33m-3008[39m,
  code: [32m'ENOTFOUND'[39m,
  syscall: [32m'getaddrinfo'[39m,
  hostname: [32m'invalid.supabase.local'[39m
}

stderr | src/features/units/units-controller-regression.test.tsx > UnitsWorkspace controller regression > opens create modal on add button click
The current testing environment is not configured to support act(...)
The current testing environment is not configured to support act(...)
The current testing environment is not configured to support act(...)
The current testing environment is not configured to support act(...)
The current testing environment is not configured to support act(...)
The current testing environment is not configured to support act(...)
The current testing environment is not configured to support act(...)
The current testing environment is not configured to support act(...)

stderr | src/features/units/units-controller-regression.test.tsx > UnitsWorkspace controller regression > opens edit modal from the row action without property selection
The current testing environment is not configured to support act(...)

stderr | src/features/units/units-controller-regression.test.tsx > UnitsWorkspace controller regression > opens edit modal from the row action without property selection
The current testing environment is not configured to support act(...)
The current testing environment is not configured to support act(...)
The current testing environment is not configured to support act(...)
The current testing environment is not configured to support act(...)
The current testing environment is not configured to support act(...)
The current testing environment is not configured to support act(...)
The current testing environment is not configured to support act(...)
The current testing environment is not configured to support act(...)
The current testing environment is not configured to support act(...)

stderr | src/features/units/units-controller-regression.test.tsx > UnitsWorkspace controller regression > opens edit modal from the row action without property selection
The current testing environment is not configured to support act(...)

stderr | src/features/units/units-controller-regression.test.tsx > UnitsWorkspace controller regression > opens edit modal from the row action without property selection
The current testing environment is not configured to support act(...)

stderr | src/features/units/units-controller-regression.test.tsx > UnitsWorkspace controller regression > opens edit modal from the row action without property selection
Error: getaddrinfo ENOTFOUND invalid.supabase.local
[90m    at GetAddrInfoReqWrap.onlookupall [as oncomplete] (node:dns:122:26)[39m {
  errno: [33m-3008[39m,
  code: [32m'ENOTFOUND'[39m,
  syscall: [32m'getaddrinfo'[39m,
  hostname: [32m'invalid.supabase.local'[39m
}

stderr | src/features/units/units-controller-regression.test.tsx > UnitsWorkspace controller regression > opens edit modal from the row action without property selection
The current testing environment is not configured to support act(...)
The current testing environment is not configured to support act(...)
The current testing environment is not configured to support act(...)
The current testing environment is not configured to support act(...)
The current testing environment is not configured to support act(...)
The current testing environment is not configured to support act(...)
The current testing environment is not configured to support act(...)
The current testing environment is not configured to support act(...)
The current testing environment is not configured to support act(...)
The current testing environment is not configured to support act(...)
The current testing environment is not configured to support act(...)
The current testing environment is not configured to support act(...)
The current testing environment is not configured to support act(...)
The current testing environment is not configured to support act(...)
The current testing environment is not configured to support act(...)
The current testing environment is not configured to support act(...)
The current testing environment is not configured to support act(...)
The current testing environment is not configured to support act(...)
The current testing environment is not configured to support act(...)
The current testing environment is not configured to support act(...)
The current testing environment is not configured to support act(...)
The current testing environment is not configured to support act(...)
The current testing environment is not configured to support act(...)
The current testing environment is not configured to support act(...)
The current testing environment is not configured to support act(...)
The current testing environment is not configured to support act(...)
The current testing environment is not configured to support act(...)
The current testing environment is not configured to support act(...)
The current testing environment is not configured to support act(...)
The current testing environment is not configured to support act(...)
The current testing environment is not configured to support act(...)
The current testing environment is not configured to support act(...)
The current testing environment is not configured to support act(...)
The current testing environment is not configured to support act(...)
The current testing environment is not configured to support act(...)
The current testing environment is not configured to support act(...)
The current testing environment is not configured to support act(...)
The current testing environment is not configured to support act(...)
The current testing environment is not configured to support act(...)
The current testing environment is not configured to support act(...)
The current testing environment is not configured to support act(...)
The current testing environment is not configured to support act(...)
The current testing environment is not configured to support act(...)
The current testing environment is not configured to support act(...)
The current testing environment is not configured to support act(...)
The current testing environment is not configured to support act(...)
The current testing environment is not configured to support act(...)
The current testing environment is not configured to support act(...)

stderr | src/features/units/units-controller-regression.test.tsx > UnitsWorkspace controller regression > opens edit modal from the row action without property selection
The current testing environment is not configured to support act(...)
The current testing environment is not configured to support act(...)
The current testing environment is not configured to support act(...)
The current testing environment is not configured to support act(...)
The current testing environment is not configured to support act(...)
The current testing environment is not configured to support act(...)
The current testing environment is not configured to support act(...)
The current testing environment is not configured to support act(...)

stderr | src/features/units/units-controller-regression.test.tsx > UnitsWorkspace controller regression > opens the unit preview dialog from desktop row click
The current testing environment is not configured to support act(...)

stderr | src/features/units/units-controller-regression.test.tsx > UnitsWorkspace controller regression > opens the unit preview dialog from desktop row click
The current testing environment is not configured to support act(...)
The current testing environment is not configured to support act(...)
The current testing environment is not configured to support act(...)
The current testing environment is not configured to support act(...)
The current testing environment is not configured to support act(...)
The current testing environment is not configured to support act(...)
The current testing environment is not configured to support act(...)
The current testing environment is not configured to support act(...)
The current testing environment is not configured to support act(...)

stderr | src/features/units/units-controller-regression.test.tsx > UnitsWorkspace controller regression > opens the unit preview dialog from desktop row click
The current testing environment is not configured to support act(...)

stderr | src/features/units/units-controller-regression.test.tsx > UnitsWorkspace controller regression > opens the unit preview dialog from desktop row click
The current testing environment is not configured to support act(...)
The current testing environment is not configured to support act(...)
The current testing environment is not configured to support act(...)
The current testing environment is not configured to support act(...)
The current testing environment is not configured to support act(...)
The current testing environment is not configured to support act(...)
The current testing environment is not configured to support act(...)
The current testing environment is not configured to support act(...)
The current testing environment is not configured to support act(...)
The current testing environment is not configured to support act(...)
The current testing environment is not configured to support act(...)
The current testing environment is not configured to support act(...)
The current testing environment is not configured to support act(...)
The current testing environment is not configured to support act(...)
The current testing environment is not configured to support act(...)
The current testing environment is not configured to support act(...)
The current testing environment is not configured to support act(...)
The current testing environment is not configured to support act(...)
The current testing environment is not configured to support act(...)
The current testing environment is not configured to support act(...)
The current testing environment is not configured to support act(...)
The current testing environment is not configured to support act(...)
The current testing environment is not configured to support act(...)
The current testing environment is not configured to support act(...)
The current testing environment is not configured to support act(...)
The current testing environment is not configured to support act(...)
The current testing environment is not configured to support act(...)
The current testing environment is not configured to support act(...)
The current testing environment is not configured to support act(...)
The current testing environment is not configured to support act(...)
The current testing environment is not configured to support act(...)
The current testing environment is not configured to support act(...)
The current testing environment is not configured to support act(...)
The current testing environment is not configured to support act(...)
The current testing environment is not configured to support act(...)
The current testing environment is not configured to support act(...)
The current testing environment is not configured to support act(...)
The current testing environment is not configured to support act(...)
The current testing environment is not configured to support act(...)
The current testing environment is not configured to support act(...)
The current testing environment is not configured to support act(...)
The current testing environment is not configured to support act(...)
The current testing environment is not configured to support act(...)
The current testing environment is not configured to support act(...)
The current testing environment is not configured to support act(...)

stderr | src/features/units/units-controller-regression.test.tsx > UnitsWorkspace controller regression > opens the unit preview dialog from desktop row click
Error: getaddrinfo ENOTFOUND invalid.supabase.local
[90m    at GetAddrInfoReqWrap.onlookupall [as oncomplete] (node:dns:122:26)[39m {
  errno: [33m-3008[39m,
  code: [32m'ENOTFOUND'[39m,
  syscall: [32m'getaddrinfo'[39m,
  hostname: [32m'invalid.supabase.local'[39m
}

stderr | src/features/units/units-controller-regression.test.tsx > UnitsWorkspace controller regression > opens the unit preview dialog from desktop row click
The current testing environment is not configured to support act(...)
The current testing environment is not configured to support act(...)
The current testing environment is not configured to support act(...)
The current testing environment is not configured to support act(...)
The current testing environment is not configured to support act(...)
The current testing environment is not configured to support act(...)
The current testing environment is not configured to support act(...)
The current testing environment is not configured to support act(...)
The current testing environment is not configured to support act(...)

stderr | src/features/units/units-controller-regression.test.tsx > UnitsWorkspace controller regression > opens the unit preview dialog from keyboard row activation
The current testing environment is not configured to support act(...)

stderr | src/features/units/units-controller-regression.test.tsx > UnitsWorkspace controller regression > opens the unit preview dialog from keyboard row activation
The current testing environment is not configured to support act(...)
The current testing environment is not configured to support act(...)
The current testing environment is not configured to support act(...)
The current testing environment is not configured to support act(...)
The current testing environment is not configured to support act(...)
The current testing environment is not configured to support act(...)
The current testing environment is not configured to support act(...)
The current testing environment is not configured to support act(...)
The current testing environment is not configured to support act(...)

stderr | src/features/units/units-controller-regression.test.tsx > UnitsWorkspace controller regression > opens the unit preview dialog from keyboard row activation
The current testing environment is not configured to support act(...)

stderr | src/features/units/units-controller-regression.test.tsx > UnitsWorkspace controller regression > opens the unit preview dialog from keyboard row activation
The current testing environment is not configured to support act(...)
The current testing environment is not configured to support act(...)
The current testing environment is not configured to support act(...)
The current testing environment is not configured to support act(...)
The current testing environment is not configured to support act(...)
The current testing environment is not configured to support act(...)
The current testing environment is not configured to support act(...)
The current testing environment is not configured to support act(...)
The current testing environment is not configured to support act(...)
The current testing environment is not configured to support act(...)
The current testing environment is not configured to support act(...)
The current testing environment is not configured to support act(...)
The current testing environment is not configured to support act(...)
The current testing environment is not configured to support act(...)
The current testing environment is not configured to support act(...)
The current testing environment is not configured to support act(...)
The current testing environment is not configured to support act(...)
The current testing environment is not configured to support act(...)
The current testing environment is not configured to support act(...)
The current testing environment is not configured to support act(...)
The current testing environment is not configured to support act(...)
The current testing environment is not configured to support act(...)
The current testing environment is not configured to support act(...)
The current testing environment is not configured to support act(...)
The current testing environment is not configured to support act(...)
The current testing environment is not configured to support act(...)
The current testing environment is not configured to support act(...)
The current testing environment is not configured to support act(...)
The current testing environment is not configured to support act(...)
The current testing environment is not configured to support act(...)
The current testing environment is not configured to support act(...)
The current testing environment is not configured to support act(...)
The current testing environment is not configured to support act(...)
The current testing environment is not configured to support act(...)
The current testing environment is not configured to support act(...)
The current testing environment is not configured to support act(...)
The current testing environment is not configured to support act(...)
The current testing environment is not configured to support act(...)
The current testing environment is not configured to support act(...)
The current testing environment is not configured to support act(...)
The current testing environment is not configured to support act(...)
The current testing environment is not configured to support act(...)
The current testing environment is not configured to support act(...)
The current testing environment is not configured to support act(...)
The current testing environment is not configured to support act(...)

stderr | src/features/units/units-controller-regression.test.tsx > UnitsWorkspace controller regression > opens the unit preview dialog from keyboard row activation
Error: getaddrinfo ENOTFOUND invalid.supabase.local
[90m    at GetAddrInfoReqWrap.onlookupall [as oncomplete] (node:dns:122:26)[39m {
  errno: [33m-3008[39m,
  code: [32m'ENOTFOUND'[39m,
  syscall: [32m'getaddrinfo'[39m,
  hostname: [32m'invalid.supabase.local'[39m
}

stderr | src/features/units/units-controller-regression.test.tsx > UnitsWorkspace controller regression > opens the unit preview dialog from keyboard row activation
The current testing environment is not configured to support act(...)
The current testing environment is not configured to support act(...)
The current testing environment is not configured to support act(...)
The current testing environment is not configured to support act(...)
The current testing environment is not configured to support act(...)
The current testing environment is not configured to support act(...)
The current testing environment is not configured to support act(...)
The current testing environment is not configured to support act(...)
The current testing environment is not configured to support act(...)

stderr | src/features/units/units-controller-regression.test.tsx > UnitsWorkspace controller regression > routes the explicit full-page action to the unit dossier
The current testing environment is not configured to support act(...)

stderr | src/features/units/units-controller-regression.test.tsx > UnitsWorkspace controller regression > routes the explicit full-page action to the unit dossier
The current testing environment is not configured to support act(...)
The current testing environment is not configured to support act(...)
The current testing environment is not configured to support act(...)
The current testing environment is not configured to support act(...)
The current testing environment is not configured to support act(...)
The current testing environment is not configured to support act(...)
The current testing environment is not configured to support act(...)
The current testing environment is not configured to support act(...)
The current testing environment is not configured to support act(...)

stderr | src/features/units/units-controller-regression.test.tsx > UnitsWorkspace controller regression > routes the explicit full-page action to the unit dossier
The current testing environment is not configured to support act(...)

stderr | src/features/units/units-controller-regression.test.tsx > UnitsWorkspace controller regression > routes the explicit full-page action to the unit dossier
The current testing environment is not configured to support act(...)

stderr | src/features/units/units-controller-regression.test.tsx > UnitsWorkspace controller regression > routes the explicit full-page action to the unit dossier
Error: getaddrinfo ENOTFOUND invalid.supabase.local
[90m    at GetAddrInfoReqWrap.onlookupall [as oncomplete] (node:dns:122:26)[39m {
  errno: [33m-3008[39m,
  code: [32m'ENOTFOUND'[39m,
  syscall: [32m'getaddrinfo'[39m,
  hostname: [32m'invalid.supabase.local'[39m
}

stderr | src/features/units/units-controller-regression.test.tsx > UnitsWorkspace controller regression > routes the explicit full-page action to the unit dossier
The current testing environment is not configured to support act(...)

stderr | src/features/units/units-controller-regression.test.tsx > UnitsWorkspace controller regression > routes the explicit full-page action to the unit dossier
The current testing environment is not configured to support act(...)

stderr | src/features/units/units-controller-regression.test.tsx > UnitsWorkspace controller regression > renders search input with correct placeholder
The current testing environment is not configured to support act(...)

stderr | src/features/units/units-controller-regression.test.tsx > UnitsWorkspace controller regression > renders search input with correct placeholder
The current testing environment is not configured to support act(...)
The current testing environment is not configured to support act(...)
The current testing environment is not configured to support act(...)
The current testing environment is not configured to support act(...)
The current testing environment is not configured to support act(...)
The current testing environment is not configured to support act(...)
The current testing environment is not configured to support act(...)
The current testing environment is not configured to support act(...)
The current testing environment is not configured to support act(...)

stderr | src/features/units/units-controller-regression.test.tsx > UnitsWorkspace controller regression > renders search input with correct placeholder
The current testing environment is not configured to support act(...)

stderr | src/features/units/units-controller-regression.test.tsx > UnitsWorkspace controller regression > keeps the shared summary strip focused on operational KPIs without duplicating total unit count
The current testing environment is not configured to support act(...)

stderr | src/features/units/units-controller-regression.test.tsx > UnitsWorkspace controller regression > keeps the shared summary strip focused on operational KPIs without duplicating total unit count
The current testing environment is not configured to support act(...)
The current testing environment is not configured to support act(...)
The current testing environment is not configured to support act(...)
The current testing environment is not configured to support act(...)
The current testing environment is not configured to support act(...)
The current testing environment is not configured to support act(...)
The current testing environment is not configured to support act(...)
The current testing environment is not configured to support act(...)
The current testing environment is not configured to support act(...)

stderr | src/features/units/units-controller-regression.test.tsx > UnitsWorkspace controller regression > keeps the shared summary strip focused on operational KPIs without duplicating total unit count
Error: getaddrinfo ENOTFOUND invalid.supabase.local
[90m    at GetAddrInfoReqWrap.onlookupall [as oncomplete] (node:dns:122:26)[39m {
  errno: [33m-3008[39m,
  code: [32m'ENOTFOUND'[39m,
  syscall: [32m'getaddrinfo'[39m,
  hostname: [32m'invalid.supabase.local'[39m
}

stderr | src/features/units/units-controller-regression.test.tsx > UnitsWorkspace controller regression > keeps the shared summary strip focused on operational KPIs without duplicating total unit count
The current testing environment is not configured to support act(...)

 ✓ src/features/units/units-controller-regression.test.tsx (15 tests) 830ms
stderr | Fetch.onError (file:/home/user/malek/node_modules/.pnpm/happy-dom@20.10.6/node_modules/happy-dom/src/fetch/Fetch.ts:698:35)
Error: getaddrinfo ENOTFOUND invalid.supabase.local
[90m    at GetAddrInfoReqWrap.onlookupall [as oncomplete] (node:dns:122:26)[39m {
  errno: [33m-3008[39m,
  code: [32m'ENOTFOUND'[39m,
  syscall: [32m'getaddrinfo'[39m,
  hostname: [32m'invalid.supabase.local'[39m
}

 ✓ src/app/layout/app-shell-header.test.tsx (11 tests) 171ms
stderr | src/features/contracts/contracts-lifecycle-interaction.test.tsx
Supabase environment is incomplete. Runtime diagnostics will be shown in UI.

stderr | src/features/contracts/contracts-lifecycle-interaction.test.tsx > Contracts lifecycle mobile interactions > opens create, edit, detail, and delete confirmation from the contracts list mobile actions
The current testing environment is not configured to support act(...)

stderr | src/features/contracts/contracts-lifecycle-interaction.test.tsx > Contracts lifecycle mobile interactions > opens create, edit, detail, and delete confirmation from the contracts list mobile actions
The current testing environment is not configured to support act(...)
The current testing environment is not configured to support act(...)
The current testing environment is not configured to support act(...)
The current testing environment is not configured to support act(...)
The current testing environment is not configured to support act(...)

stderr | src/features/contracts/contracts-lifecycle-interaction.test.tsx > Contracts lifecycle mobile interactions > opens create, edit, detail, and delete confirmation from the contracts list mobile actions
The current testing environment is not configured to support act(...)

stderr | src/features/contracts/contracts-lifecycle-interaction.test.tsx > Contracts lifecycle mobile interactions > opens create, edit, detail, and delete confirmation from the contracts list mobile actions
The current testing environment is not configured to support act(...)
The current testing environment is not configured to support act(...)

stderr | src/features/contracts/contracts-lifecycle-interaction.test.tsx > Contracts lifecycle mobile interactions > opens create, edit, detail, and delete confirmation from the contracts list mobile actions
The current testing environment is not configured to support act(...)

stderr | src/features/contracts/contracts-lifecycle-interaction.test.tsx > Contracts lifecycle mobile interactions > opens create, edit, detail, and delete confirmation from the contracts list mobile actions
The current testing environment is not configured to support act(...)

stderr | src/features/contracts/contracts-lifecycle-interaction.test.tsx > Contracts lifecycle mobile interactions > opens create, edit, detail, and delete confirmation from the contracts list mobile actions
The current testing environment is not configured to support act(...)
The current testing environment is not configured to support act(...)
The current testing environment is not configured to support act(...)

stderr | src/features/contracts/contracts-lifecycle-interaction.test.tsx > Contracts lifecycle mobile interactions > opens create, edit, detail, and delete confirmation from the contracts list mobile actions
The current testing environment is not configured to support act(...)
The current testing environment is not configured to support act(...)

stderr | src/features/contracts/contracts-lifecycle-interaction.test.tsx > Contracts lifecycle mobile interactions > opens create, edit, detail, and delete confirmation from the contracts list mobile actions
The current testing environment is not configured to support act(...)

stderr | src/features/contracts/contracts-lifecycle-interaction.test.tsx > Contracts lifecycle mobile interactions > opens create, edit, detail, and delete confirmation from the contracts list mobile actions
The current testing environment is not configured to support act(...)

stderr | src/features/contracts/contracts-lifecycle-interaction.test.tsx > Contracts lifecycle mobile interactions > opens create, edit, detail, and delete confirmation from the contracts list mobile actions
The current testing environment is not configured to support act(...)
The current testing environment is not configured to support act(...)
The current testing environment is not configured to support act(...)
The current testing environment is not configured to support act(...)
The current testing environment is not configured to support act(...)
The current testing environment is not configured to support act(...)
The current testing environment is not configured to support act(...)
The current testing environment is not configured to support act(...)
The current testing environment is not configured to support act(...)
The current testing environment is not configured to support act(...)
The current testing environment is not configured to support act(...)
The current testing environment is not configured to support act(...)
The current testing environment is not configured to support act(...)
The current testing environment is not configured to support act(...)
The current testing environment is not configured to support act(...)
The current testing environment is not configured to support act(...)
The current testing environment is not configured to support act(...)
The current testing environment is not configured to support act(...)
The current testing environment is not configured to support act(...)
The current testing environment is not configured to support act(...)
The current testing environment is not configured to support act(...)
The current testing environment is not configured to support act(...)
The current testing environment is not configured to support act(...)
The current testing environment is not configured to support act(...)
The current testing environment is not configured to support act(...)
The current testing environment is not configured to support act(...)
The current testing environment is not configured to support act(...)
The current testing environment is not configured to support act(...)
The current testing environment is not configured to support act(...)
The current testing environment is not configured to support act(...)
The current testing environment is not configured to support act(...)
The current testing environment is not configured to support act(...)
The current testing environment is not configured to support act(...)
The current testing environment is not configured to support act(...)
The current testing environment is not configured to support act(...)
The current testing environment is not configured to support act(...)
The current testing environment is not configured to support act(...)
The current testing environment is not configured to support act(...)
The current testing environment is not configured to support act(...)
The current testing environment is not configured to support act(...)
The current testing environment is not configured to support act(...)
The current testing environment is not configured to support act(...)

stderr | src/features/contracts/contracts-lifecycle-interaction.test.tsx > Contracts lifecycle mobile interactions > opens create, edit, detail, and delete confirmation from the contracts list mobile actions
The current testing environment is not configured to support act(...)
The current testing environment is not configured to support act(...)
The current testing environment is not configured to support act(...)
The current testing environment is not configured to support act(...)
The current testing environment is not configured to support act(...)
The current testing environment is not configured to support act(...)
The current testing environment is not configured to support act(...)
The current testing environment is not configured to support act(...)

stderr | src/features/contracts/contracts-lifecycle-interaction.test.tsx > Contracts lifecycle mobile interactions > opens renew and terminate lifecycle dialogs from mobile-safe detail actions and invokes services
The current testing environment is not configured to support act(...)

stderr | src/features/contracts/contracts-lifecycle-interaction.test.tsx > Contracts lifecycle mobile interactions > opens renew and terminate lifecycle dialogs from mobile-safe detail actions and invokes services
The current testing environment is not configured to support act(...)
The current testing environment is not configured to support act(...)
The current testing environment is not configured to support act(...)
The current testing environment is not configured to support act(...)
The current testing environment is not configured to support act(...)
The current testing environment is not configured to support act(...)
The current testing environment is not configured to support act(...)
The current testing environment is not configured to support act(...)
The current testing environment is not configured to support act(...)
The current testing environment is not configured to support act(...)
The current testing environment is not configured to support act(...)
The current testing environment is not configured to support act(...)

stderr | src/features/contracts/contracts-lifecycle-interaction.test.tsx > Contracts lifecycle mobile interactions > opens renew and terminate lifecycle dialogs from mobile-safe detail actions and invokes services
Error: getaddrinfo ENOTFOUND invalid.supabase.local
[90m    at GetAddrInfoReqWrap.onlookupall [as oncomplete] (node:dns:122:26)[39m {
  errno: [33m-3008[39m,
  code: [32m'ENOTFOUND'[39m,
  syscall: [32m'getaddrinfo'[39m,
  hostname: [32m'invalid.supabase.local'[39m
}

stderr | src/features/contracts/contracts-lifecycle-interaction.test.tsx > Contracts lifecycle mobile interactions > opens renew and terminate lifecycle dialogs from mobile-safe detail actions and invokes services
The current testing environment is not configured to support act(...)

stderr | src/features/contracts/contracts-lifecycle-interaction.test.tsx > Contracts lifecycle mobile interactions > opens renew and terminate lifecycle dialogs from mobile-safe detail actions and invokes services
The current testing environment is not configured to support act(...)

stderr | src/features/contracts/contracts-lifecycle-interaction.test.tsx > Contracts lifecycle mobile interactions > opens renew and terminate lifecycle dialogs from mobile-safe detail actions and invokes services
The current testing environment is not configured to support act(...)

stderr | src/features/contracts/contracts-lifecycle-interaction.test.tsx > Contracts lifecycle mobile interactions > opens renew and terminate lifecycle dialogs from mobile-safe detail actions and invokes services
Error: getaddrinfo ENOTFOUND invalid.supabase.local
[90m    at GetAddrInfoReqWrap.onlookupall [as oncomplete] (node:dns:122:26)[39m {
  errno: [33m-3008[39m,
  code: [32m'ENOTFOUND'[39m,
  syscall: [32m'getaddrinfo'[39m,
  hostname: [32m'invalid.supabase.local'[39m
}

stderr | src/features/contracts/contracts-lifecycle-interaction.test.tsx > Contracts lifecycle mobile interactions > opens renew and terminate lifecycle dialogs from mobile-safe detail actions and invokes services
The current testing environment is not configured to support act(...)

stderr | src/features/contracts/contracts-lifecycle-interaction.test.tsx > Contracts lifecycle mobile interactions > opens renew and terminate lifecycle dialogs from mobile-safe detail actions and invokes services
The current testing environment is not configured to support act(...)
The current testing environment is not configured to support act(...)
The current testing environment is not configured to support act(...)
The current testing environment is not configured to support act(...)
The current testing environment is not configured to support act(...)
The current testing environment is not configured to support act(...)
The current testing environment is not configured to support act(...)
The current testing environment is not configured to support act(...)
The current testing environment is not configured to support act(...)
The current testing environment is not configured to support act(...)
The current testing environment is not configured to support act(...)
The current testing environment is not configured to support act(...)
The current testing environment is not configured to support act(...)
The current testing environment is not configured to support act(...)
The current testing environment is not configured to support act(...)
The current testing environment is not configured to support act(...)
The current testing environment is not configured to support act(...)
The current testing environment is not configured to support act(...)
The current testing environment is not configured to support act(...)
The current testing environment is not configured to support act(...)
The current testing environment is not configured to support act(...)
The current testing environment is not configured to support act(...)
The current testing environment is not configured to support act(...)
The current testing environment is not configured to support act(...)
The current testing environment is not configured to support act(...)
The current testing environment is not configured to support act(...)
The current testing environment is not configured to support act(...)
The current testing environment is not configured to support act(...)
The current testing environment is not configured to support act(...)
The current testing environment is not configured to support act(...)
The current testing environment is not configured to support act(...)
The current testing environment is not configured to support act(...)
The current testing environment is not configured to support act(...)
The current testing environment is not configured to support act(...)
The current testing environment is not configured to support act(...)
The current testing environment is not configured to support act(...)
The current testing environment is not configured to support act(...)
The current testing environment is not configured to support act(...)
The current testing environment is not configured to support act(...)
The current testing environment is not configured to support act(...)
The current testing environment is not configured to support act(...)
The current testing environment is not configured to support act(...)
The current testing environment is not configured to support act(...)
The current testing environment is not configured to support act(...)
The current testing environment is not configured to support act(...)
The current testing environment is not configured to support act(...)
The current testing environment is not configured to support act(...)
The current testing environment is not configured to support act(...)
The current testing environment is not configured to support act(...)
The current testing environment is not configured to support act(...)

stderr | src/features/contracts/contracts-lifecycle-interaction.test.tsx > Contracts lifecycle mobile interactions > opens renew and terminate lifecycle dialogs from mobile-safe detail actions and invokes services
The current testing environment is not configured to support act(...)

stderr | src/features/contracts/contracts-lifecycle-interaction.test.tsx > Contracts lifecycle mobile interactions > opens renew and terminate lifecycle dialogs from mobile-safe detail actions and invokes services
The current testing environment is not configured to support act(...)

stderr | src/features/contracts/contracts-lifecycle-interaction.test.tsx > Contracts lifecycle mobile interactions > opens renew and terminate lifecycle dialogs from mobile-safe detail actions and invokes services
The current testing environment is not configured to support act(...)
The current testing environment is not configured to support act(...)
The current testing environment is not configured to support act(...)
The current testing environment is not configured to support act(...)
The current testing environment is not configured to support act(...)
The current testing environment is not configured to support act(...)
The current testing environment is not configured to support act(...)
The current testing environment is not configured to support act(...)
The current testing environment is not configured to support act(...)
The current testing environment is not configured to support act(...)
The current testing environment is not configured to support act(...)
The current testing environment is not configured to support act(...)
The current testing environment is not configured to support act(...)
The current testing environment is not configured to support act(...)
The current testing environment is not configured to support act(...)
The current testing environment is not configured to support act(...)
The current testing environment is not configured to support act(...)
The current testing environment is not configured to support act(...)
The current testing environment is not configured to support act(...)
The current testing environment is not configured to support act(...)
The current testing environment is not configured to support act(...)
The current testing environment is not configured to support act(...)
The current testing environment is not configured to support act(...)
The current testing environment is not configured to support act(...)
The current testing environment is not configured to support act(...)
The current testing environment is not configured to support act(...)
The current testing environment is not configured to support act(...)
The current testing environment is not configured to support act(...)
The current testing environment is not configured to support act(...)
The current testing environment is not configured to support act(...)
The current testing environment is not configured to support act(...)
The current testing environment is not configured to support act(...)
The current testing environment is not configured to support act(...)
The current testing environment is not configured to support act(...)
The current testing environment is not configured to support act(...)
The current testing environment is not configured to support act(...)
The current testing environment is not configured to support act(...)
The current testing environment is not configured to support act(...)
The current testing environment is not configured to support act(...)
The current testing environment is not configured to support act(...)
The current testing environment is not configured to support act(...)
The current testing environment is not configured to support act(...)
The current testing environment is not configured to support act(...)
The current testing environment is not configured to support act(...)
The current testing environment is not configured to support act(...)
The current testing environment is not configured to support act(...)
The current testing environment is not configured to support act(...)
The current testing environment is not configured to support act(...)
The current testing environment is not configured to support act(...)
The current testing environment is not configured to support act(...)
The current testing environment is not configured to support act(...)
The current testing environment is not configured to support act(...)
The current testing environment is not configured to support act(...)
The current testing environment is not configured to support act(...)
The current testing environment is not configured to support act(...)
The current testing environment is not configured to support act(...)
The current testing environment is not configured to support act(...)
The current testing environment is not configured to support act(...)
The current testing environment is not configured to support act(...)
The current testing environment is not configured to support act(...)
The current testing environment is not configured to support act(...)
The current testing environment is not configured to support act(...)
The current testing environment is not configured to support act(...)
The current testing environment is not configured to support act(...)
The current testing environment is not configured to support act(...)
The current testing environment is not configured to support act(...)
The current testing environment is not configured to support act(...)
The current testing environment is not configured to support act(...)
The current testing environment is not configured to support act(...)
The current testing environment is not configured to support act(...)
The current testing environment is not configured to support act(...)

stderr | src/features/contracts/contracts-lifecycle-interaction.test.tsx > Contracts lifecycle mobile interactions > opens renew and terminate lifecycle dialogs from mobile-safe detail actions and invokes services
The current testing environment is not configured to support act(...)
The current testing environment is not configured to support act(...)
The current testing environment is not configured to support act(...)
The current testing environment is not configured to support act(...)
The current testing environment is not configured to support act(...)
The current testing environment is not configured to support act(...)
The current testing environment is not configured to support act(...)
The current testing environment is not configured to support act(...)
The current testing environment is not configured to support act(...)
The current testing environment is not configured to support act(...)
The current testing environment is not configured to support act(...)
The current testing environment is not configured to support act(...)
The current testing environment is not configured to support act(...)
The current testing environment is not configured to support act(...)
The current testing environment is not configured to support act(...)

stderr | src/features/contracts/contracts-lifecycle-interaction.test.tsx > Contracts lifecycle mobile interactions > opens renew and terminate lifecycle dialogs from mobile-safe detail actions and invokes services
The current testing environment is not configured to support act(...)
The current testing environment is not configured to support act(...)

stderr | src/features/contracts/contracts-lifecycle-interaction.test.tsx > Contracts lifecycle mobile interactions > opens renew and terminate lifecycle dialogs from mobile-safe detail actions and invokes services
The current testing environment is not configured to support act(...)
The current testing environment is not configured to support act(...)
The current testing environment is not configured to support act(...)
The current testing environment is not configured to support act(...)
The current testing environment is not configured to support act(...)
The current testing environment is not configured to support act(...)
The current testing environment is not configured to support act(...)
The current testing environment is not configured to support act(...)
The current testing environment is not configured to support act(...)
The current testing environment is not configured to support act(...)
The current testing environment is not configured to support act(...)
The current testing environment is not configured to support act(...)
The current testing environment is not configured to support act(...)
The current testing environment is not configured to support act(...)
The current testing environment is not configured to support act(...)
The current testing environment is not configured to support act(...)
The current testing environment is not configured to support act(...)
The current testing environment is not configured to support act(...)
The current testing environment is not configured to support act(...)
The current testing environment is not configured to support act(...)
The current testing environment is not configured to support act(...)
The current testing environment is not configured to support act(...)
The current testing environment is not configured to support act(...)
The current testing environment is not configured to support act(...)
The current testing environment is not configured to support act(...)
The current testing environment is not configured to support act(...)
The current testing environment is not configured to support act(...)
The current testing environment is not configured to support act(...)
The current testing environment is not configured to support act(...)
The current testing environment is not configured to support act(...)
The current testing environment is not configured to support act(...)
The current testing environment is not configured to support act(...)
The current testing environment is not configured to support act(...)
The current testing environment is not configured to support act(...)
The current testing environment is not configured to support act(...)
The current testing environment is not configured to support act(...)
The current testing environment is not configured to support act(...)
The current testing environment is not configured to support act(...)
The current testing environment is not configured to support act(...)
The current testing environment is not configured to support act(...)
The current testing environment is not configured to support act(...)
The current testing environment is not configured to support act(...)
The current testing environment is not configured to support act(...)
The current testing environment is not configured to support act(...)
The current testing environment is not configured to support act(...)
The current testing environment is not configured to support act(...)
The current testing environment is not configured to support act(...)
The current testing environment is not configured to support act(...)
The current testing environment is not configured to support act(...)
The current testing environment is not configured to support act(...)
The current testing environment is not configured to support act(...)
The current testing environment is not configured to support act(...)
The current testing environment is not configured to support act(...)

stderr | src/features/contracts/contracts-lifecycle-interaction.test.tsx > Contracts lifecycle mobile interactions > opens renew and terminate lifecycle dialogs from mobile-safe detail actions and invokes services
The current testing environment is not configured to support act(...)
The current testing environment is not configured to support act(...)
The current testing environment is not configured to support act(...)
The current testing environment is not configured to support act(...)
The current testing environment is not configured to support act(...)
The current testing environment is not configured to support act(...)
The current testing environment is not configured to support act(...)
The current testing environment is not configured to support act(...)

 ✓ src/features/contracts/contracts-lifecycle-interaction.test.tsx (2 tests) 538ms
   ✓ Contracts lifecycle mobile interactions > opens renew and terminate lifecycle dialogs from mobile-safe detail actions and invokes services  302ms
stderr | src/features/properties/properties-controller-regression.test.tsx > PropertiesListPage controller regression > renders the count badge with total count
The current testing environment is not configured to support act(...)

stderr | src/features/properties/properties-controller-regression.test.tsx > PropertiesListPage controller regression > renders the count badge with total count
The current testing environment is not configured to support act(...)
The current testing environment is not configured to support act(...)
The current testing environment is not configured to support act(...)
The current testing environment is not configured to support act(...)
The current testing environment is not configured to support act(...)
The current testing environment is not configured to support act(...)
The current testing environment is not configured to support act(...)
The current testing environment is not configured to support act(...)
The current testing environment is not configured to support act(...)
The current testing environment is not configured to support act(...)
The current testing environment is not configured to support act(...)
The current testing environment is not configured to support act(...)
The current testing environment is not configured to support act(...)

stderr | src/features/properties/properties-controller-regression.test.tsx > PropertiesListPage controller regression > renders the count badge with total count
The current testing environment is not configured to support act(...)

stderr | src/features/properties/properties-controller-regression.test.tsx > PropertiesListPage controller regression > renders zero count badge when no properties
The current testing environment is not configured to support act(...)

stderr | src/features/properties/properties-controller-regression.test.tsx > PropertiesListPage controller regression > renders zero count badge when no properties
The current testing environment is not configured to support act(...)
The current testing environment is not configured to support act(...)
The current testing environment is not configured to support act(...)
The current testing environment is not configured to support act(...)
The current testing environment is not configured to support act(...)
The current testing environment is not configured to support act(...)
The current testing environment is not configured to support act(...)
The current testing environment is not configured to support act(...)
The current testing environment is not configured to support act(...)
The current testing environment is not configured to support act(...)
The current testing environment is not configured to support act(...)
The current testing environment is not configured to support act(...)
The current testing environment is not configured to support act(...)

stderr | src/features/properties/properties-controller-regression.test.tsx > PropertiesListPage controller regression > renders zero count badge when no properties
The current testing environment is not configured to support act(...)

stderr | src/features/properties/properties-controller-regression.test.tsx > PropertiesListPage controller regression > renders desktop rows plus the shared mobile card register
The current testing environment is not configured to support act(...)

stderr | src/features/properties/properties-controller-regression.test.tsx > PropertiesListPage controller regression > renders desktop rows plus the shared mobile card register
The current testing environment is not configured to support act(...)
The current testing environment is not configured to support act(...)
The current testing environment is not configured to support act(...)
The current testing environment is not configured to support act(...)
The current testing environment is not configured to support act(...)
The current testing environment is not configured to support act(...)
The current testing environment is not configured to support act(...)
The current testing environment is not configured to support act(...)
The current testing environment is not configured to support act(...)
The current testing environment is not configured to support act(...)
The current testing environment is not configured to support act(...)
The current testing environment is not configured to support act(...)
The current testing environment is not configured to support act(...)

stderr | src/features/properties/properties-controller-regression.test.tsx > PropertiesListPage controller regression > renders desktop rows plus the shared mobile card register
The current testing environment is not configured to support act(...)

stderr | src/features/properties/properties-controller-regression.test.tsx > PropertiesListPage controller regression > opens create modal and shows agreement fields
The current testing environment is not configured to support act(...)

stderr | src/features/properties/properties-controller-regression.test.tsx > PropertiesListPage controller regression > opens create modal and shows agreement fields
The current testing environment is not configured to support act(...)
The current testing environment is not configured to support act(...)
The current testing environment is not configured to support act(...)
The current testing environment is not configured to support act(...)
The current testing environment is not configured to support act(...)
The current testing environment is not configured to support act(...)
The current testing environment is not configured to support act(...)
The current testing environment is not configured to support act(...)
The current testing environment is not configured to support act(...)
The current testing environment is not configured to support act(...)
The current testing environment is not configured to support act(...)
The current testing environment is not configured to support act(...)
The current testing environment is not configured to support act(...)

stderr | src/features/properties/properties-controller-regression.test.tsx > PropertiesListPage controller regression > opens create modal and shows agreement fields
The current testing environment is not configured to support act(...)

stderr | src/features/properties/properties-controller-regression.test.tsx > PropertiesListPage controller regression > opens create modal and shows agreement fields
The current testing environment is not configured to support act(...)
The current testing environment is not configured to support act(...)
The current testing environment is not configured to support act(...)
The current testing environment is not configured to support act(...)
The current testing environment is not configured to support act(...)
The current testing environment is not configured to support act(...)
The current testing environment is not configured to support act(...)
The current testing environment is not configured to support act(...)
The current testing environment is not configured to support act(...)
The current testing environment is not configured to support act(...)
The current testing environment is not configured to support act(...)
The current testing environment is not configured to support act(...)
The current testing environment is not configured to support act(...)
The current testing environment is not configured to support act(...)
The current testing environment is not configured to support act(...)
The current testing environment is not configured to support act(...)
The current testing environment is not configured to support act(...)
The current testing environment is not configured to support act(...)
The current testing environment is not configured to support act(...)
The current testing environment is not configured to support act(...)
The current testing environment is not configured to support act(...)
The current testing environment is not configured to support act(...)
The current testing environment is not configured to support act(...)
The current testing environment is not configured to support act(...)
The current testing environment is not configured to support act(...)
The current testing environment is not configured to support act(...)
The current testing environment is not configured to support act(...)
The current testing environment is not configured to support act(...)
The current testing environment is not configured to support act(...)
The current testing environment is not configured to support act(...)
The current testing environment is not configured to support act(...)
The current testing environment is not configured to support act(...)
The current testing environment is not configured to support act(...)
The current testing environment is not configured to support act(...)
The current testing environment is not configured to support act(...)
The current testing environment is not configured to support act(...)
The current testing environment is not configured to support act(...)
The current testing environment is not configured to support act(...)
The current testing environment is not configured to support act(...)
The current testing environment is not configured to support act(...)
The current testing environment is not configured to support act(...)
The current testing environment is not configured to support act(...)
The current testing environment is not configured to support act(...)
The current testing environment is not configured to support act(...)

stderr | src/features/properties/properties-controller-regression.test.tsx > PropertiesListPage controller regression > opens create modal and shows agreement fields
The current testing environment is not configured to support act(...)
The current testing environment is not configured to support act(...)
The current testing environment is not configured to support act(...)
The current testing environment is not configured to support act(...)
The current testing environment is not configured to support act(...)
The current testing environment is not configured to support act(...)
The current testing environment is not configured to support act(...)
The current testing environment is not configured to support act(...)

stderr | src/features/properties/properties-controller-regression.test.tsx > PropertiesListPage controller regression > closes create modal when onOpenChange fires with false
The current testing environment is not configured to support act(...)

stderr | src/features/properties/properties-controller-regression.test.tsx > PropertiesListPage controller regression > closes create modal when onOpenChange fires with false
The current testing environment is not configured to support act(...)
The current testing environment is not configured to support act(...)
The current testing environment is not configured to support act(...)
The current testing environment is not configured to support act(...)
The current testing environment is not configured to support act(...)
The current testing environment is not configured to support act(...)
The current testing environment is not configured to support act(...)
The current testing environment is not configured to support act(...)
The current testing environment is not configured to support act(...)
The current testing environment is not configured to support act(...)
The current testing environment is not configured to support act(...)
The current testing environment is not configured to support act(...)
The current testing environment is not configured to support act(...)

stderr | src/features/properties/properties-controller-regression.test.tsx > PropertiesListPage controller regression > closes create modal when onOpenChange fires with false
The current testing environment is not configured to support act(...)

stderr | src/features/properties/properties-controller-regression.test.tsx > PropertiesListPage controller regression > closes create modal when onOpenChange fires with false
The current testing environment is not configured to support act(...)
The current testing environment is not configured to support act(...)
The current testing environment is not configured to support act(...)
The current testing environment is not configured to support act(...)
The current testing environment is not configured to support act(...)
The current testing environment is not configured to support act(...)
The current testing environment is not configured to support act(...)
The current testing environment is not configured to support act(...)
The current testing environment is not configured to support act(...)
The current testing environment is not configured to support act(...)
The current testing environment is not configured to support act(...)
The current testing environment is not configured to support act(...)
The current testing environment is not configured to support act(...)
The current testing environment is not configured to support act(...)
The current testing environment is not configured to support act(...)
The current testing environment is not configured to support act(...)
The current testing environment is not configured to support act(...)
The current testing environment is not configured to support act(...)
The current testing environment is not configured to support act(...)
The current testing environment is not configured to support act(...)
The current testing environment is not configured to support act(...)
The current testing environment is not configured to support act(...)
The current testing environment is not configured to support act(...)
The current testing environment is not configured to support act(...)
The current testing environment is not configured to support act(...)
The current testing environment is not configured to support act(...)
The current testing environment is not configured to support act(...)
The current testing environment is not configured to support act(...)
The current testing environment is not configured to support act(...)
The current testing environment is not configured to support act(...)
The current testing environment is not configured to support act(...)
The current testing environment is not configured to support act(...)
The current testing environment is not configured to support act(...)
The current testing environment is not configured to support act(...)
The current testing environment is not configured to support act(...)
The current testing environment is not configured to support act(...)
The current testing environment is not configured to support act(...)
The current testing environment is not configured to support act(...)
The current testing environment is not configured to support act(...)
The current testing environment is not configured to support act(...)
The current testing environment is not configured to support act(...)
The current testing environment is not configured to support act(...)
The current testing environment is not configured to support act(...)
The current testing environment is not configured to support act(...)

stderr | src/features/properties/properties-controller-regression.test.tsx > PropertiesListPage controller regression > closes create modal when onOpenChange fires with false
The current testing environment is not configured to support act(...)
The current testing environment is not configured to support act(...)
The current testing environment is not configured to support act(...)
The current testing environment is not configured to support act(...)
The current testing environment is not configured to support act(...)
The current testing environment is not configured to support act(...)
The current testing environment is not configured to support act(...)
The current testing environment is not configured to support act(...)

stderr | src/features/properties/properties-controller-regression.test.tsx > PropertiesListPage controller regression > opens the quick preview from table row click (never row navigation)
The current testing environment is not configured to support act(...)

stderr | src/features/properties/properties-controller-regression.test.tsx > PropertiesListPage controller regression > opens the quick preview from table row click (never row navigation)
The current testing environment is not configured to support act(...)
The current testing environment is not configured to support act(...)
The current testing environment is not configured to support act(...)
The current testing environment is not configured to support act(...)
The current testing environment is not configured to support act(...)
The current testing environment is not configured to support act(...)
The current testing environment is not configured to support act(...)
The current testing environment is not configured to support act(...)
The current testing environment is not configured to support act(...)
The current testing environment is not configured to support act(...)
The current testing environment is not configured to support act(...)
The current testing environment is not configured to support act(...)
The current testing environment is not configured to support act(...)

stderr | src/features/properties/properties-controller-regression.test.tsx > PropertiesListPage controller regression > opens the quick preview from table row click (never row navigation)
The current testing environment is not configured to support act(...)

stderr | src/features/properties/properties-controller-regression.test.tsx > PropertiesListPage controller regression > opens the quick preview from table row click (never row navigation)
The current testing environment is not configured to support act(...)
The current testing environment is not configured to support act(...)
The current testing environment is not configured to support act(...)
The current testing environment is not configured to support act(...)
The current testing environment is not configured to support act(...)
The current testing environment is not configured to support act(...)
The current testing environment is not configured to support act(...)
The current testing environment is not configured to support act(...)
The current testing environment is not configured to support act(...)
The current testing environment is not configured to support act(...)
The current testing environment is not configured to support act(...)
The current testing environment is not configured to support act(...)
The current testing environment is not configured to support act(...)
The current testing environment is not configured to support act(...)
The current testing environment is not configured to support act(...)
The current testing environment is not configured to support act(...)
The current testing environment is not configured to support act(...)
The current testing environment is not configured to support act(...)
The current testing environment is not configured to support act(...)
The current testing environment is not configured to support act(...)
The current testing environment is not configured to support act(...)
The current testing environment is not configured to support act(...)
The current testing environment is not configured to support act(...)
The current testing environment is not configured to support act(...)
The current testing environment is not configured to support act(...)
The current testing environment is not configured to support act(...)
The current testing environment is not configured to support act(...)
The current testing environment is not configured to support act(...)
The current testing environment is not configured to support act(...)
The current testing environment is not configured to support act(...)
The current testing environment is not configured to support act(...)
The current testing environment is not configured to support act(...)
The current testing environment is not configured to support act(...)
The current testing environment is not configured to support act(...)
The current testing environment is not configured to support act(...)
The current testing environment is not configured to support act(...)
The current testing environment is not configured to support act(...)
The current testing environment is not configured to support act(...)
The current testing environment is not configured to support act(...)
The current testing environment is not configured to support act(...)
The current testing environment is not configured to support act(...)
The current testing environment is not configured to support act(...)
The current testing environment is not configured to support act(...)
The current testing environment is not configured to support act(...)
The current testing environment is not configured to support act(...)

stderr | src/features/properties/properties-controller-regression.test.tsx > PropertiesListPage controller regression > opens the quick preview from table row click (never row navigation)
The current testing environment is not configured to support act(...)
The current testing environment is not configured to support act(...)
The current testing environment is not configured to support act(...)
The current testing environment is not configured to support act(...)
The current testing environment is not configured to support act(...)
The current testing environment is not configured to support act(...)
The current testing environment is not configured to support act(...)
The current testing environment is not configured to support act(...)
The current testing environment is not configured to support act(...)

stderr | src/features/properties/properties-controller-regression.test.tsx > PropertiesListPage controller regression > renders mobile property cards with scan-level summary fields and one clear dossier action
The current testing environment is not configured to support act(...)

stderr | src/features/properties/properties-controller-regression.test.tsx > PropertiesListPage controller regression > renders mobile property cards with scan-level summary fields and one clear dossier action
The current testing environment is not configured to support act(...)
The current testing environment is not configured to support act(...)
The current testing environment is not configured to support act(...)
The current testing environment is not configured to support act(...)
The current testing environment is not configured to support act(...)
The current testing environment is not configured to support act(...)
The current testing environment is not configured to support act(...)
The current testing environment is not configured to support act(...)
The current testing environment is not configured to support act(...)
The current testing environment is not configured to support act(...)
The current testing environment is not configured to support act(...)
The current testing environment is not configured to support act(...)
The current testing environment is not configured to support act(...)

stderr | src/features/properties/properties-controller-regression.test.tsx > PropertiesListPage controller regression > renders mobile property cards with scan-level summary fields and one clear dossier action
The current testing environment is not configured to support act(...)

stderr | src/features/properties/properties-controller-regression.test.tsx > PropertiesListPage controller regression > renders mobile property cards with scan-level summary fields and one clear dossier action
The current testing environment is not configured to support act(...)

stderr | src/features/properties/properties-controller-regression.test.tsx > PropertiesListPage controller regression > renders mobile property cards with scan-level summary fields and one clear dossier action
The current testing environment is not configured to support act(...)

stderr | src/features/properties/properties-controller-regression.test.tsx > PropertiesListPage controller regression > opens edit modal from the contextual property action menu
The current testing environment is not configured to support act(...)

stderr | src/features/properties/properties-controller-regression.test.tsx > PropertiesListPage controller regression > opens edit modal from the contextual property action menu
The current testing environment is not configured to support act(...)
The current testing environment is not configured to support act(...)
The current testing environment is not configured to support act(...)
The current testing environment is not configured to support act(...)
The current testing environment is not configured to support act(...)
The current testing environment is not configured to support act(...)
The current testing environment is not configured to support act(...)
The current testing environment is not configured to support act(...)
The current testing environment is not configured to support act(...)
The current testing environment is not configured to support act(...)
The current testing environment is not configured to support act(...)
The current testing environment is not configured to support act(...)
The current testing environment is not configured to support act(...)

stderr | src/features/properties/properties-controller-regression.test.tsx > PropertiesListPage controller regression > opens edit modal from the contextual property action menu
The current testing environment is not configured to support act(...)

stderr | src/features/properties/properties-controller-regression.test.tsx > PropertiesListPage controller regression > opens edit modal from the contextual property action menu
The current testing environment is not configured to support act(...)

stderr | src/features/properties/properties-controller-regression.test.tsx > PropertiesListPage controller regression > opens edit modal from the contextual property action menu
The current testing environment is not configured to support act(...)
The current testing environment is not configured to support act(...)
The current testing environment is not configured to support act(...)
The current testing environment is not configured to support act(...)
The current testing environment is not configured to support act(...)
The current testing environment is not configured to support act(...)
The current testing environment is not configured to support act(...)
The current testing environment is not configured to support act(...)
The current testing environment is not configured to support act(...)
The current testing environment is not configured to support act(...)
The current testing environment is not configured to support act(...)
The current testing environment is not configured to support act(...)
The current testing environment is not configured to support act(...)
The current testing environment is not configured to support act(...)
The current testing environment is not configured to support act(...)
The current testing environment is not configured to support act(...)
The current testing environment is not configured to support act(...)
The current testing environment is not configured to support act(...)
The current testing environment is not configured to support act(...)
The current testing environment is not configured to support act(...)
The current testing environment is not configured to support act(...)
The current testing environment is not configured to support act(...)
The current testing environment is not configured to support act(...)
The current testing environment is not configured to support act(...)
The current testing environment is not configured to support act(...)
The current testing environment is not configured to support act(...)
The current testing environment is not configured to support act(...)
The current testing environment is not configured to support act(...)
The current testing environment is not configured to support act(...)
The current testing environment is not configured to support act(...)
The current testing environment is not configured to support act(...)
The current testing environment is not configured to support act(...)
The current testing environment is not configured to support act(...)
The current testing environment is not configured to support act(...)
The current testing environment is not configured to support act(...)
The current testing environment is not configured to support act(...)
The current testing environment is not configured to support act(...)
The current testing environment is not configured to support act(...)
The current testing environment is not configured to support act(...)
The current testing environment is not configured to support act(...)
The current testing environment is not configured to support act(...)
The current testing environment is not configured to support act(...)
The current testing environment is not configured to support act(...)
The current testing environment is not configured to support act(...)
The current testing environment is not configured to support act(...)
The current testing environment is not configured to support act(...)
The current testing environment is not configured to support act(...)
The current testing environment is not configured to support act(...)
The current testing environment is not configured to support act(...)

stderr | src/features/properties/properties-controller-regression.test.tsx > PropertiesListPage controller regression > opens edit modal from the contextual property action menu
The current testing environment is not configured to support act(...)
The current testing environment is not configured to support act(...)
The current testing environment is not configured to support act(...)
The current testing environment is not configured to support act(...)
The current testing environment is not configured to support act(...)
The current testing environment is not configured to support act(...)
The current testing environment is not configured to support act(...)
The current testing environment is not configured to support act(...)

stderr | src/features/properties/properties-controller-regression.test.tsx > PropertiesListPage controller regression > shows archive confirmation from the contextual menu (never a one-tap archive)
The current testing environment is not configured to support act(...)

stderr | src/features/properties/properties-controller-regression.test.tsx > PropertiesListPage controller regression > shows archive confirmation from the contextual menu (never a one-tap archive)
The current testing environment is not configured to support act(...)
The current testing environment is not configured to support act(...)
The current testing environment is not configured to support act(...)
The current testing environment is not configured to support act(...)
The current testing environment is not configured to support act(...)
The current testing environment is not configured to support act(...)
The current testing environment is not configured to support act(...)
The current testing environment is not configured to support act(...)
The current testing environment is not configured to support act(...)
The current testing environment is not configured to support act(...)
The current testing environment is not configured to support act(...)
The current testing environment is not configured to support act(...)
The current testing environment is not configured to support act(...)

stderr | src/features/properties/properties-controller-regression.test.tsx > PropertiesListPage controller regression > shows archive confirmation from the contextual menu (never a one-tap archive)
The current testing environment is not configured to support act(...)

stderr | src/features/properties/properties-controller-regression.test.tsx > PropertiesListPage controller regression > shows archive confirmation from the contextual menu (never a one-tap archive)
The current testing environment is not configured to support act(...)

stderr | src/features/properties/properties-controller-regression.test.tsx > PropertiesListPage controller regression > shows archive confirmation from the contextual menu (never a one-tap archive)
The current testing environment is not configured to support act(...)
The current testing environment is not configured to support act(...)
The current testing environment is not configured to support act(...)
The current testing environment is not configured to support act(...)
The current testing environment is not configured to support act(...)
The current testing environment is not configured to support act(...)
The current testing environment is not configured to support act(...)
The current testing environment is not configured to support act(...)
The current testing environment is not configured to support act(...)
The current testing environment is not configured to support act(...)
The current testing environment is not configured to support act(...)
The current testing environment is not configured to support act(...)
The current testing environment is not configured to support act(...)
The current testing environment is not configured to support act(...)
The current testing environment is not configured to support act(...)
The current testing environment is not configured to support act(...)
The current testing environment is not configured to support act(...)
The current testing environment is not configured to support act(...)
The current testing environment is not configured to support act(...)
The current testing environment is not configured to support act(...)
The current testing environment is not configured to support act(...)
The current testing environment is not configured to support act(...)
The current testing environment is not configured to support act(...)
The current testing environment is not configured to support act(...)
The current testing environment is not configured to support act(...)
The current testing environment is not configured to support act(...)
The current testing environment is not configured to support act(...)
The current testing environment is not configured to support act(...)
The current testing environment is not configured to support act(...)
The current testing environment is not configured to support act(...)
The current testing environment is not configured to support act(...)
The current testing environment is not configured to support act(...)
The current testing environment is not configured to support act(...)
The current testing environment is not configured to support act(...)
The current testing environment is not configured to support act(...)
The current testing environment is not configured to support act(...)
The current testing environment is not configured to support act(...)
The current testing environment is not configured to support act(...)
The current testing environment is not configured to support act(...)
The current testing environment is not configured to support act(...)
The current testing environment is not configured to support act(...)
The current testing environment is not configured to support act(...)

stderr | src/features/properties/properties-controller-regression.test.tsx > PropertiesListPage controller regression > shows archive confirmation from the contextual menu (never a one-tap archive)
The current testing environment is not configured to support act(...)
The current testing environment is not configured to support act(...)
The current testing environment is not configured to support act(...)
The current testing environment is not configured to support act(...)
The current testing environment is not configured to support act(...)
The current testing environment is not configured to support act(...)
The current testing environment is not configured to support act(...)
The current testing environment is not configured to support act(...)

stderr | src/features/properties/properties-controller-regression.test.tsx > PropertiesListPage controller regression > renders status filter select with all options
The current testing environment is not configured to support act(...)

stderr | src/features/properties/properties-controller-regression.test.tsx > PropertiesListPage controller regression > renders status filter select with all options
The current testing environment is not configured to support act(...)
The current testing environment is not configured to support act(...)
The current testing environment is not configured to support act(...)
The current testing environment is not configured to support act(...)
The current testing environment is not configured to support act(...)
The current testing environment is not configured to support act(...)
The current testing environment is not configured to support act(...)
The current testing environment is not configured to support act(...)
The current testing environment is not configured to support act(...)
The current testing environment is not configured to support act(...)
The current testing environment is not configured to support act(...)
The current testing environment is not configured to support act(...)
The current testing environment is not configured to support act(...)

stderr | src/features/properties/properties-controller-regression.test.tsx > PropertiesListPage controller regression > renders status filter select with all options
The current testing environment is not configured to support act(...)

stderr | src/features/properties/properties-controller-regression.test.tsx > PropertiesListPage controller regression > renders search input with correct placeholder
The current testing environment is not configured to support act(...)

stderr | src/features/properties/properties-controller-regression.test.tsx > PropertiesListPage controller regression > renders search input with correct placeholder
The current testing environment is not configured to support act(...)
The current testing environment is not configured to support act(...)
The current testing environment is not configured to support act(...)
The current testing environment is not configured to support act(...)
The current testing environment is not configured to support act(...)
The current testing environment is not configured to support act(...)
The current testing environment is not configured to support act(...)
The current testing environment is not configured to support act(...)
The current testing environment is not configured to support act(...)
The current testing environment is not configured to support act(...)
The current testing environment is not configured to support act(...)
The current testing environment is not configured to support act(...)
The current testing environment is not configured to support act(...)

stderr | src/features/properties/properties-controller-regression.test.tsx > PropertiesListPage controller regression > renders search input with correct placeholder
The current testing environment is not configured to support act(...)

 ✓ src/features/properties/properties-controller-regression.test.tsx (11 tests) 732ms
stderr | src/features/reports/property-benchmark-wiring.test.tsx
Supabase environment is incomplete. Runtime diagnostics will be shown in UI.

 ✓ src/features/reports/property-benchmark-wiring.test.tsx (8 tests) 41ms
 ✓ src/app/layout/notifications-menu.visual-wave-1.test.tsx (7 tests) 100ms
 ✓ src/services/documents/renderer/professionalReportEngine.test.ts (10 tests) 37ms
 ✓ src/services/documents/renderer/pdfArtifacts.test.ts (9 tests) 695ms
   ✓ real PDF artifacts > fails closed with a clear Arabic error beyond the page cap, before rendering anything  470ms
stdout | src/features/ai-assistant/speech/assistant-speech-control.test.tsx > AssistantSpeechControl > does not leave a false playing state when the engine fails mid-speech
[malek-assistant-speech] speech failed synthesis-failed

 ✓ src/features/ai-assistant/speech/assistant-speech-control.test.tsx (9 tests) 377ms
stderr | src/features/utilities/utilities-bill-archive-confirm.test.tsx
Supabase environment is incomplete. Runtime diagnostics will be shown in UI.

 ✓ src/features/utilities/utilities-bill-archive-confirm.test.tsx (6 tests) 508ms
stderr | src/features/dashboard/dashboard-page.test.tsx > Dashboard compact command center > renders only the four canonical decision surfaces (queue moved to the bell)
The current testing environment is not configured to support act(...)

stderr | src/features/dashboard/dashboard-page.test.tsx > Dashboard compact command center > renders only the four canonical decision surfaces (queue moved to the bell)
The current testing environment is not configured to support act(...)
The width(0) and height(0) of chart should be greater than 0,
       please check the style of container, or the props width(100%) and height(100%),
       or add a minWidth(0) or minHeight(undefined) or use aspect(undefined) to control the
       height and width.

stderr | src/features/dashboard/dashboard-page.test.tsx > Dashboard compact command center > renders only the four canonical decision surfaces (queue moved to the bell)
The current testing environment is not configured to support act(...)

stderr | src/features/dashboard/dashboard-page.test.tsx > Dashboard compact command center > renders only the four canonical decision surfaces (queue moved to the bell)
The width(0) and height(0) of chart should be greater than 0,
       please check the style of container, or the props width(100%) and height(100%),
       or add a minWidth(0) or minHeight(undefined) or use aspect(undefined) to control the
       height and width.

stderr | src/features/dashboard/dashboard-page.test.tsx > Dashboard compact command center > renders only the four canonical decision surfaces (queue moved to the bell)
The current testing environment is not configured to support act(...)

stderr | src/features/dashboard/dashboard-page.test.tsx > Dashboard compact command center > renders only the four canonical decision surfaces (queue moved to the bell)
The width(0) and height(0) of chart should be greater than 0,
       please check the style of container, or the props width(100%) and height(100%),
       or add a minWidth(0) or minHeight(undefined) or use aspect(undefined) to control the
       height and width.

stderr | src/features/dashboard/dashboard-page.test.tsx > Dashboard compact command center > renders only the four canonical decision surfaces (queue moved to the bell)
The current testing environment is not configured to support act(...)

stderr | src/features/dashboard/dashboard-page.test.tsx > Dashboard compact command center > proves the retired and moved dashboard surfaces stay absent
The current testing environment is not configured to support act(...)

stderr | src/features/dashboard/dashboard-page.test.tsx > Dashboard compact command center > proves the retired and moved dashboard surfaces stay absent
The current testing environment is not configured to support act(...)
The width(0) and height(0) of chart should be greater than 0,
       please check the style of container, or the props width(100%) and height(100%),
       or add a minWidth(0) or minHeight(undefined) or use aspect(undefined) to control the
       height and width.

stderr | src/features/dashboard/dashboard-page.test.tsx > Dashboard compact command center > proves the retired and moved dashboard surfaces stay absent
The current testing environment is not configured to support act(...)

stderr | src/features/dashboard/dashboard-page.test.tsx > Dashboard compact command center > proves the retired and moved dashboard surfaces stay absent
The width(0) and height(0) of chart should be greater than 0,
       please check the style of container, or the props width(100%) and height(100%),
       or add a minWidth(0) or minHeight(undefined) or use aspect(undefined) to control the
       height and width.

stderr | src/features/dashboard/dashboard-page.test.tsx > Dashboard compact command center > proves the retired and moved dashboard surfaces stay absent
The current testing environment is not configured to support act(...)

stderr | src/features/dashboard/dashboard-page.test.tsx > Dashboard compact command center > proves the retired and moved dashboard surfaces stay absent
The width(0) and height(0) of chart should be greater than 0,
       please check the style of container, or the props width(100%) and height(100%),
       or add a minWidth(0) or minHeight(undefined) or use aspect(undefined) to control the
       height and width.

stderr | src/features/dashboard/dashboard-page.test.tsx > Dashboard compact command center > proves the retired and moved dashboard surfaces stay absent
The current testing environment is not configured to support act(...)

stderr | src/features/dashboard/dashboard-page.test.tsx > Dashboard compact command center > keeps the action queue off the page — it now lives in the notifications bell
The current testing environment is not configured to support act(...)

stderr | src/features/dashboard/dashboard-page.test.tsx > Dashboard compact command center > keeps the action queue off the page — it now lives in the notifications bell
The current testing environment is not configured to support act(...)
The width(0) and height(0) of chart should be greater than 0,
       please check the style of container, or the props width(100%) and height(100%),
       or add a minWidth(0) or minHeight(undefined) or use aspect(undefined) to control the
       height and width.

stderr | src/features/dashboard/dashboard-page.test.tsx > Dashboard compact command center > keeps the action queue off the page — it now lives in the notifications bell
The current testing environment is not configured to support act(...)

stderr | src/features/dashboard/dashboard-page.test.tsx > Dashboard compact command center > keeps the action queue off the page — it now lives in the notifications bell
The width(0) and height(0) of chart should be greater than 0,
       please check the style of container, or the props width(100%) and height(100%),
       or add a minWidth(0) or minHeight(undefined) or use aspect(undefined) to control the
       height and width.

stderr | src/features/dashboard/dashboard-page.test.tsx > Dashboard compact command center > keeps the action queue off the page — it now lives in the notifications bell
The current testing environment is not configured to support act(...)

stderr | src/features/dashboard/dashboard-page.test.tsx > Dashboard compact command center > keeps the action queue off the page — it now lives in the notifications bell
The width(0) and height(0) of chart should be greater than 0,
       please check the style of container, or the props width(100%) and height(100%),
       or add a minWidth(0) or minHeight(undefined) or use aspect(undefined) to control the
       height and width.

stderr | src/features/dashboard/dashboard-page.test.tsx > Dashboard compact command center > keeps the action queue off the page — it now lives in the notifications bell
The current testing environment is not configured to support act(...)

stderr | src/features/dashboard/dashboard-page.test.tsx > Dashboard compact command center > keeps core operational and financial truth visible
The current testing environment is not configured to support act(...)

stderr | src/features/dashboard/dashboard-page.test.tsx > Dashboard compact command center > keeps core operational and financial truth visible
The current testing environment is not configured to support act(...)
The width(0) and height(0) of chart should be greater than 0,
       please check the style of container, or the props width(100%) and height(100%),
       or add a minWidth(0) or minHeight(undefined) or use aspect(undefined) to control the
       height and width.

stderr | src/features/dashboard/dashboard-page.test.tsx > Dashboard compact command center > keeps core operational and financial truth visible
The current testing environment is not configured to support act(...)

stderr | src/features/dashboard/dashboard-page.test.tsx > Dashboard compact command center > keeps core operational and financial truth visible
The width(0) and height(0) of chart should be greater than 0,
       please check the style of container, or the props width(100%) and height(100%),
       or add a minWidth(0) or minHeight(undefined) or use aspect(undefined) to control the
       height and width.

stderr | src/features/dashboard/dashboard-page.test.tsx > Dashboard compact command center > keeps core operational and financial truth visible
The current testing environment is not configured to support act(...)

stderr | src/features/dashboard/dashboard-page.test.tsx > Dashboard compact command center > keeps core operational and financial truth visible
The width(0) and height(0) of chart should be greater than 0,
       please check the style of container, or the props width(100%) and height(100%),
       or add a minWidth(0) or minHeight(undefined) or use aspect(undefined) to control the
       height and width.

stderr | src/features/dashboard/dashboard-page.test.tsx > Dashboard compact command center > keeps core operational and financial truth visible
The current testing environment is not configured to support act(...)

stderr | src/features/dashboard/dashboard-page.test.tsx > Dashboard compact command center > keeps setup shortcuts permission-gated
The current testing environment is not configured to support act(...)

stderr | src/features/dashboard/dashboard-page.test.tsx > Dashboard compact command center > keeps setup shortcuts permission-gated
The current testing environment is not configured to support act(...)
The width(0) and height(0) of chart should be greater than 0,
       please check the style of container, or the props width(100%) and height(100%),
       or add a minWidth(0) or minHeight(undefined) or use aspect(undefined) to control the
       height and width.

stderr | src/features/dashboard/dashboard-page.test.tsx > Dashboard compact command center > keeps setup shortcuts permission-gated
The current testing environment is not configured to support act(...)

stderr | src/features/dashboard/dashboard-page.test.tsx > Dashboard compact command center > keeps setup shortcuts permission-gated
The width(0) and height(0) of chart should be greater than 0,
       please check the style of container, or the props width(100%) and height(100%),
       or add a minWidth(0) or minHeight(undefined) or use aspect(undefined) to control the
       height and width.

stderr | src/features/dashboard/dashboard-page.test.tsx > Dashboard compact command center > keeps setup shortcuts permission-gated
The current testing environment is not configured to support act(...)

stderr | src/features/dashboard/dashboard-page.test.tsx > Dashboard compact command center > keeps setup shortcuts permission-gated
The width(0) and height(0) of chart should be greater than 0,
       please check the style of container, or the props width(100%) and height(100%),
       or add a minWidth(0) or minHeight(undefined) or use aspect(undefined) to control the
       height and width.

stderr | src/features/dashboard/dashboard-page.test.tsx > Dashboard compact command center > keeps setup shortcuts permission-gated
The current testing environment is not configured to support act(...)

stderr | src/features/dashboard/dashboard-page.test.tsx > Dashboard compact command center > fails closed when the authoritative snapshot fails
The current testing environment is not configured to support act(...)

stderr | src/features/dashboard/dashboard-page.test.tsx > Dashboard compact command center > fails closed when the authoritative snapshot fails
The current testing environment is not configured to support act(...)
The width(0) and height(0) of chart should be greater than 0,
       please check the style of container, or the props width(100%) and height(100%),
       or add a minWidth(0) or minHeight(undefined) or use aspect(undefined) to control the
       height and width.

stderr | src/features/dashboard/dashboard-page.test.tsx > Dashboard compact command center > fails closed when the authoritative snapshot fails
The current testing environment is not configured to support act(...)

stderr | src/features/dashboard/dashboard-page.test.tsx > Dashboard compact command center > fails closed when the authoritative snapshot fails
The current testing environment is not configured to support act(...)

 ✓ src/features/dashboard/dashboard-page.test.tsx (6 tests) 510ms
 ✓ src/features/auth/login-page.test.tsx (12 tests) 284ms
stderr | src/features/p6e-contract-form-behavior.test.tsx
Supabase environment is incomplete. Runtime diagnostics will be shown in UI.

 ✓ src/features/p6e-contract-form-behavior.test.tsx (5 tests) 625ms
 ✓ src/features/ai-assistant/ai-assistant-page-copilot.test.tsx (5 tests) 1409ms
   ✓ AiAssistantPage contextual copilot UI > surfaces a contextual quick action on a property page and sends the validated surface context  551ms
   ✓ AiAssistantPage contextual copilot UI > degrades to a null entity when the routed id cannot be verified  537ms
stderr | src/features/p6f-owner-agreement-behavior.test.tsx
Supabase environment is incomplete. Runtime diagnostics will be shown in UI.

 ✓ src/features/p6f-owner-agreement-behavior.test.tsx (4 tests) 482ms
stderr | src/components/layout/pwa-install-prompt.test.tsx > PwaInstallPrompt — رسالة تثبيت التطبيق عند أول فتح > renders nothing when no install path is available
The current testing environment is not configured to support act(...)

stderr | src/components/layout/pwa-install-prompt.test.tsx > PwaInstallPrompt — رسالة تثبيت التطبيق عند أول فتح > renders nothing when no install path is available
The current testing environment is not configured to support act(...)

stderr | src/components/layout/pwa-install-prompt.test.tsx > PwaInstallPrompt — رسالة تثبيت التطبيق عند أول فتح > shows the install banner on first open when the native prompt is available
The current testing environment is not configured to support act(...)

stderr | src/components/layout/pwa-install-prompt.test.tsx > PwaInstallPrompt — رسالة تثبيت التطبيق عند أول فتح > shows the install banner on first open when the native prompt is available
The current testing environment is not configured to support act(...)

stderr | src/components/layout/pwa-install-prompt.test.tsx > PwaInstallPrompt — رسالة تثبيت التطبيق عند أول فتح > triggers the native prompt on install click and hides the banner
The current testing environment is not configured to support act(...)
The current testing environment is not configured to support act(...)

stderr | src/components/layout/pwa-install-prompt.test.tsx > PwaInstallPrompt — رسالة تثبيت التطبيق عند أول فتح > triggers the native prompt on install click and hides the banner
The current testing environment is not configured to support act(...)
The current testing environment is not configured to support act(...)

stderr | src/components/layout/pwa-install-prompt.test.tsx > PwaInstallPrompt — رسالة تثبيت التطبيق عند أول فتح > triggers the native prompt on install click and hides the banner
The current testing environment is not configured to support act(...)

stderr | src/components/layout/pwa-install-prompt.test.tsx > PwaInstallPrompt — رسالة تثبيت التطبيق عند أول فتح > persists dismissal when the user taps لاحقًا or the close button
The current testing environment is not configured to support act(...)
The current testing environment is not configured to support act(...)

stderr | src/components/layout/pwa-install-prompt.test.tsx > PwaInstallPrompt — رسالة تثبيت التطبيق عند أول فتح > persists dismissal when the user taps لاحقًا or the close button
The current testing environment is not configured to support act(...)

stderr | src/components/layout/pwa-install-prompt.test.tsx > PwaInstallPrompt — رسالة تثبيت التطبيق عند أول فتح > stays hidden inside an installed standalone window
The current testing environment is not configured to support act(...)

stderr | src/components/layout/pwa-install-prompt.test.tsx > PwaInstallPrompt — رسالة تثبيت التطبيق عند أول فتح > stays hidden inside an installed standalone window
The current testing environment is not configured to support act(...)

stderr | src/components/layout/pwa-install-prompt.test.tsx > PwaInstallPrompt — رسالة تثبيت التطبيق عند أول فتح > stays hidden after the user already dismissed it
The current testing environment is not configured to support act(...)

stderr | src/components/layout/pwa-install-prompt.test.tsx > PwaInstallPrompt — رسالة تثبيت التطبيق عند أول فتح > stays hidden after the user already dismissed it
The current testing environment is not configured to support act(...)

stderr | src/components/layout/pwa-install-prompt.test.tsx > PwaInstallPrompt — رسالة تثبيت التطبيق عند أول فتح > stays hidden once the appinstalled event fired
The current testing environment is not configured to support act(...)

stderr | src/components/layout/pwa-install-prompt.test.tsx > PwaInstallPrompt — رسالة تثبيت التطبيق عند أول فتح > stays hidden once the appinstalled event fired
The current testing environment is not configured to support act(...)

stderr | src/components/layout/pwa-install-prompt.test.tsx > PwaInstallPrompt — رسالة تثبيت التطبيق عند أول فتح > shows manual Add-to-Home-Screen guidance on iOS Safari
The current testing environment is not configured to support act(...)

stderr | src/components/layout/pwa-install-prompt.test.tsx > PwaInstallPrompt — رسالة تثبيت التطبيق عند أول فتح > shows manual Add-to-Home-Screen guidance on iOS Safari
The current testing environment is not configured to support act(...)

stderr | src/components/layout/pwa-install-prompt.test.tsx > PwaInstallPrompt — رسالة تثبيت التطبيق عند أول فتح > never intercepts touches aimed at the page beneath the banner
The current testing environment is not configured to support act(...)

stderr | src/components/layout/pwa-install-prompt.test.tsx > PwaInstallPrompt — رسالة تثبيت التطبيق عند أول فتح > never intercepts touches aimed at the page beneath the banner
The current testing environment is not configured to support act(...)

stderr | src/components/layout/pwa-install-prompt.test.tsx > PwaInstallPrompt — رسالة تثبيت التطبيق عند أول فتح > reserves its own height in the dock-clearance token while visible
The current testing environment is not configured to support act(...)
The current testing environment is not configured to support act(...)

stderr | src/components/layout/pwa-install-prompt.test.tsx > PwaInstallPrompt — رسالة تثبيت التطبيق عند أول فتح > reserves its own height in the dock-clearance token while visible
The current testing environment is not configured to support act(...)

stderr | src/components/layout/pwa-install-prompt.test.tsx > PwaInstallPrompt — رسالة تثبيت التطبيق عند أول فتح > composes the clearance from the banner height in the canonical stylesheet (JIT-purge-proof)
The current testing environment is not configured to support act(...)

stderr | src/components/layout/pwa-install-prompt.test.tsx > PwaInstallPrompt — رسالة تثبيت التطبيق عند أول فتح > stays hidden on auth surfaces — the banner must never block signing in
The current testing environment is not configured to support act(...)
The current testing environment is not configured to support act(...)
The current testing environment is not configured to support act(...)
The current testing environment is not configured to support act(...)
The current testing environment is not configured to support act(...)

stderr | src/components/layout/pwa-install-prompt.test.tsx > PwaInstallPrompt — رسالة تثبيت التطبيق عند أول فتح > stays hidden on auth surfaces — the banner must never block signing in
The current testing environment is not configured to support act(...)

 ✓ src/components/layout/pwa-install-prompt.test.tsx (12 tests) 85ms
stderr | src/features/units/units-list-interaction.test.tsx
Supabase environment is incomplete. Runtime diagnostics will be shown in UI.

stderr | src/features/units/units-list-interaction.test.tsx > UnitsList Real Rendered User-Interaction Tests > proves clicking a desktop unit row triggers correct unit detail navigation
The current testing environment is not configured to support act(...)

stderr | src/features/units/units-list-interaction.test.tsx > UnitsList Real Rendered User-Interaction Tests > proves clicking a desktop unit row triggers correct unit detail navigation
Error: getaddrinfo ENOTFOUND invalid.supabase.local
[90m    at GetAddrInfoReqWrap.onlookupall [as oncomplete] (node:dns:122:26)[39m {
  errno: [33m-3008[39m,
  code: [32m'ENOTFOUND'[39m,
  syscall: [32m'getaddrinfo'[39m,
  hostname: [32m'invalid.supabase.local'[39m
}

stderr | src/features/units/units-list-interaction.test.tsx > UnitsList Real Rendered User-Interaction Tests > proves clicking a desktop unit row triggers correct unit detail navigation
The current testing environment is not configured to support act(...)

stderr | src/features/units/units-list-interaction.test.tsx > UnitsList Real Rendered User-Interaction Tests > proves clicking a compact responsive table row triggers correct unit detail navigation
The current testing environment is not configured to support act(...)

stderr | src/features/units/units-list-interaction.test.tsx > UnitsList Real Rendered User-Interaction Tests > proves clicking a compact responsive table row triggers correct unit detail navigation
The current testing environment is not configured to support act(...)

stderr | src/features/units/units-list-interaction.test.tsx > UnitsList Real Rendered User-Interaction Tests > proves clicking Edit secondary action does not trigger row click navigation but preserves behavior
The current testing environment is not configured to support act(...)

stderr | src/features/units/units-list-interaction.test.tsx > UnitsList Real Rendered User-Interaction Tests > proves clicking Edit secondary action does not trigger row click navigation but preserves behavior
Error: getaddrinfo ENOTFOUND invalid.supabase.local
[90m    at GetAddrInfoReqWrap.onlookupall [as oncomplete] (node:dns:122:26)[39m {
  errno: [33m-3008[39m,
  code: [32m'ENOTFOUND'[39m,
  syscall: [32m'getaddrinfo'[39m,
  hostname: [32m'invalid.supabase.local'[39m
}

stderr | src/features/units/units-list-interaction.test.tsx > UnitsList Real Rendered User-Interaction Tests > proves clicking Edit secondary action does not trigger row click navigation but preserves behavior
The current testing environment is not configured to support act(...)

stderr | src/features/units/units-list-interaction.test.tsx > UnitsList Real Rendered User-Interaction Tests > proves clicking Edit secondary action does not trigger row click navigation but preserves behavior
The current testing environment is not configured to support act(...)

stderr | src/features/units/units-list-interaction.test.tsx > UnitsList Real Rendered User-Interaction Tests > proves clicking Edit secondary action does not trigger row click navigation but preserves behavior
Error: getaddrinfo ENOTFOUND invalid.supabase.local
[90m    at GetAddrInfoReqWrap.onlookupall [as oncomplete] (node:dns:122:26)[39m {
  errno: [33m-3008[39m,
  code: [32m'ENOTFOUND'[39m,
  syscall: [32m'getaddrinfo'[39m,
  hostname: [32m'invalid.supabase.local'[39m
}

stderr | src/features/units/units-list-interaction.test.tsx > UnitsList Real Rendered User-Interaction Tests > proves clicking Edit secondary action does not trigger row click navigation but preserves behavior
The current testing environment is not configured to support act(...)
The current testing environment is not configured to support act(...)
The current testing environment is not configured to support act(...)

stderr | src/features/units/units-list-interaction.test.tsx > UnitsList Real Rendered User-Interaction Tests > proves clicking Edit secondary action does not trigger row click navigation but preserves behavior
The current testing environment is not configured to support act(...)

stderr | src/features/units/units-list-interaction.test.tsx > UnitsList Real Rendered User-Interaction Tests > proves clicking Archive secondary action does not trigger row click navigation but triggers confirmation flow
The current testing environment is not configured to support act(...)

stderr | src/features/units/units-list-interaction.test.tsx > UnitsList Real Rendered User-Interaction Tests > proves clicking Archive secondary action does not trigger row click navigation but triggers confirmation flow
The current testing environment is not configured to support act(...)

stderr | src/features/units/units-list-interaction.test.tsx > UnitsList Real Rendered User-Interaction Tests > proves clicking Archive secondary action does not trigger row click navigation but triggers confirmation flow
The current testing environment is not configured to support act(...)

stderr | src/features/units/units-list-interaction.test.tsx > UnitsList Real Rendered User-Interaction Tests > proves clicking Archive secondary action does not trigger row click navigation but triggers confirmation flow
The current testing environment is not configured to support act(...)
The current testing environment is not configured to support act(...)

stderr | src/features/units/units-list-interaction.test.tsx > UnitsList Real Rendered User-Interaction Tests > proves clicking Archive secondary action does not trigger row click navigation but triggers confirmation flow
The current testing environment is not configured to support act(...)

stderr | src/features/units/units-list-interaction.test.tsx > UnitsList Real Rendered User-Interaction Tests > proves clicking Archive secondary action does not trigger row click navigation but triggers confirmation flow
The current testing environment is not configured to support act(...)

 ✓ src/features/units/units-list-interaction.test.tsx (4 tests) 251ms
stderr | Fetch.onError (file:/home/user/malek/node_modules/.pnpm/happy-dom@20.10.6/node_modules/happy-dom/src/fetch/Fetch.ts:698:35)
Error: getaddrinfo ENOTFOUND invalid.supabase.local
[90m    at GetAddrInfoReqWrap.onlookupall [as oncomplete] (node:dns:122:26)[39m {
  errno: [33m-3008[39m,
  code: [32m'ENOTFOUND'[39m,
  syscall: [32m'getaddrinfo'[39m,
  hostname: [32m'invalid.supabase.local'[39m
}

stderr | src/app/layout/browser-ux-acceptance.test.tsx > WP-06 / GAP-020 Browser & UX Acceptance Hardening > Navigation RTL & active state > active nav item uses logical properties so the indicator state is RTL-safe
React does not recognize the `activeOptions` prop on a DOM element. If you intentionally want it to appear in the DOM as a custom attribute, spell it as lowercase `activeoptions` instead. If you accidentally passed it from a parent component, remove it from the DOM element.

 ✓ src/app/layout/browser-ux-acceptance.test.tsx (11 tests) 54ms
 ✓ src/app/layout/mobile-quick-add-list.test.tsx (6 tests) 192ms
 ✓ src/features/financials/fixed-monthly-accruals/fixed-monthly-accrual-workspace.test.tsx (10 tests) 532ms
 ✓ src/features/operations-hub/operations-hub-workspace.test.tsx (7 tests) 1470ms
   ✓ Services workspace > renders one shell titled الصيانة with two routine operational tabs  369ms
   ✓ Services workspace > keeps every service capability in /maintenance with section state  961ms
 ✓ src/features/ai-assistant/speech/assistant-voice-input.test.ts (9 tests) 9ms
stderr | src/features/units/units-page-interaction.test.tsx
Supabase environment is incomplete. Runtime diagnostics will be shown in UI.

stderr | src/features/units/units-page-interaction.test.tsx > Global UnitsWorkspace Real Rendered User-Interaction Tests > exposes a mobile-safe create entry point and opens the unit form from the global units route
The current testing environment is not configured to support act(...)

stderr | src/features/units/units-page-interaction.test.tsx > Global UnitsWorkspace Real Rendered User-Interaction Tests > exposes a mobile-safe create entry point and opens the unit form from the global units route
The current testing environment is not configured to support act(...)
The current testing environment is not configured to support act(...)
The current testing environment is not configured to support act(...)
The current testing environment is not configured to support act(...)
The current testing environment is not configured to support act(...)
The current testing environment is not configured to support act(...)
The current testing environment is not configured to support act(...)
The current testing environment is not configured to support act(...)
The current testing environment is not configured to support act(...)

stderr | src/features/units/units-page-interaction.test.tsx > Global UnitsWorkspace Real Rendered User-Interaction Tests > exposes a mobile-safe create entry point and opens the unit form from the global units route
The current testing environment is not configured to support act(...)

stderr | src/features/units/units-page-interaction.test.tsx > Global UnitsWorkspace Real Rendered User-Interaction Tests > exposes a mobile-safe create entry point and opens the unit form from the global units route
The current testing environment is not configured to support act(...)
The current testing environment is not configured to support act(...)
The current testing environment is not configured to support act(...)
The current testing environment is not configured to support act(...)
The current testing environment is not configured to support act(...)
The current testing environment is not configured to support act(...)
The current testing environment is not configured to support act(...)
The current testing environment is not configured to support act(...)
The current testing environment is not configured to support act(...)
The current testing environment is not configured to support act(...)
The current testing environment is not configured to support act(...)
The current testing environment is not configured to support act(...)
The current testing environment is not configured to support act(...)
The current testing environment is not configured to support act(...)
The current testing environment is not configured to support act(...)
The current testing environment is not configured to support act(...)
The current testing environment is not configured to support act(...)
The current testing environment is not configured to support act(...)
The current testing environment is not configured to support act(...)
The current testing environment is not configured to support act(...)
The current testing environment is not configured to support act(...)
The current testing environment is not configured to support act(...)
The current testing environment is not configured to support act(...)
The current testing environment is not configured to support act(...)
The current testing environment is not configured to support act(...)
The current testing environment is not configured to support act(...)
The current testing environment is not configured to support act(...)
The current testing environment is not configured to support act(...)
The current testing environment is not configured to support act(...)
The current testing environment is not configured to support act(...)
The current testing environment is not configured to support act(...)
The current testing environment is not configured to support act(...)
The current testing environment is not configured to support act(...)
The current testing environment is not configured to support act(...)
The current testing environment is not configured to support act(...)
The current testing environment is not configured to support act(...)
The current testing environment is not configured to support act(...)
The current testing environment is not configured to support act(...)
The current testing environment is not configured to support act(...)
The current testing environment is not configured to support act(...)
The current testing environment is not configured to support act(...)
The current testing environment is not configured to support act(...)
The current testing environment is not configured to support act(...)
The current testing environment is not configured to support act(...)
The current testing environment is not configured to support act(...)

stderr | src/features/units/units-page-interaction.test.tsx > Global UnitsWorkspace Real Rendered User-Interaction Tests > exposes a mobile-safe create entry point and opens the unit form from the global units route
Error: getaddrinfo ENOTFOUND invalid.supabase.local
[90m    at GetAddrInfoReqWrap.onlookupall [as oncomplete] (node:dns:122:26)[39m {
  errno: [33m-3008[39m,
  code: [32m'ENOTFOUND'[39m,
  syscall: [32m'getaddrinfo'[39m,
  hostname: [32m'invalid.supabase.local'[39m
}

stderr | src/features/units/units-page-interaction.test.tsx > Global UnitsWorkspace Real Rendered User-Interaction Tests > exposes a mobile-safe create entry point and opens the unit form from the global units route
The current testing environment is not configured to support act(...)
The current testing environment is not configured to support act(...)
The current testing environment is not configured to support act(...)
The current testing environment is not configured to support act(...)
The current testing environment is not configured to support act(...)
The current testing environment is not configured to support act(...)
The current testing environment is not configured to support act(...)
The current testing environment is not configured to support act(...)

stderr | src/features/units/units-page-interaction.test.tsx > Global UnitsWorkspace Real Rendered User-Interaction Tests > opens the edit form from the mobile card without requiring property selection again
The current testing environment is not configured to support act(...)

stderr | src/features/units/units-page-interaction.test.tsx > Global UnitsWorkspace Real Rendered User-Interaction Tests > opens the edit form from the mobile card without requiring property selection again
The current testing environment is not configured to support act(...)
The current testing environment is not configured to support act(...)
The current testing environment is not configured to support act(...)
The current testing environment is not configured to support act(...)
The current testing environment is not configured to support act(...)
The current testing environment is not configured to support act(...)
The current testing environment is not configured to support act(...)
The current testing environment is not configured to support act(...)
The current testing environment is not configured to support act(...)

stderr | src/features/units/units-page-interaction.test.tsx > Global UnitsWorkspace Real Rendered User-Interaction Tests > opens the edit form from the mobile card without requiring property selection again
The current testing environment is not configured to support act(...)

stderr | src/features/units/units-page-interaction.test.tsx > Global UnitsWorkspace Real Rendered User-Interaction Tests > opens the edit form from the mobile card without requiring property selection again
The current testing environment is not configured to support act(...)

stderr | src/features/units/units-page-interaction.test.tsx > Global UnitsWorkspace Real Rendered User-Interaction Tests > opens the edit form from the mobile card without requiring property selection again
Error: getaddrinfo ENOTFOUND invalid.supabase.local
[90m    at GetAddrInfoReqWrap.onlookupall [as oncomplete] (node:dns:122:26)[39m {
  errno: [33m-3008[39m,
  code: [32m'ENOTFOUND'[39m,
  syscall: [32m'getaddrinfo'[39m,
  hostname: [32m'invalid.supabase.local'[39m
}

stderr | src/features/units/units-page-interaction.test.tsx > Global UnitsWorkspace Real Rendered User-Interaction Tests > opens the edit form from the mobile card without requiring property selection again
The current testing environment is not configured to support act(...)
The current testing environment is not configured to support act(...)
The current testing environment is not configured to support act(...)
The current testing environment is not configured to support act(...)
The current testing environment is not configured to support act(...)
The current testing environment is not configured to support act(...)
The current testing environment is not configured to support act(...)
The current testing environment is not configured to support act(...)
The current testing environment is not configured to support act(...)
The current testing environment is not configured to support act(...)
The current testing environment is not configured to support act(...)
The current testing environment is not configured to support act(...)
The current testing environment is not configured to support act(...)
The current testing environment is not configured to support act(...)
The current testing environment is not configured to support act(...)
The current testing environment is not configured to support act(...)
The current testing environment is not configured to support act(...)
The current testing environment is not configured to support act(...)
The current testing environment is not configured to support act(...)
The current testing environment is not configured to support act(...)
The current testing environment is not configured to support act(...)
The current testing environment is not configured to support act(...)
The current testing environment is not configured to support act(...)
The current testing environment is not configured to support act(...)
The current testing environment is not configured to support act(...)
The current testing environment is not configured to support act(...)
The current testing environment is not configured to support act(...)
The current testing environment is not configured to support act(...)
The current testing environment is not configured to support act(...)
The current testing environment is not configured to support act(...)
The current testing environment is not configured to support act(...)
The current testing environment is not configured to support act(...)
The current testing environment is not configured to support act(...)
The current testing environment is not configured to support act(...)
The current testing environment is not configured to support act(...)
The current testing environment is not configured to support act(...)
The current testing environment is not configured to support act(...)
The current testing environment is not configured to support act(...)
The current testing environment is not configured to support act(...)
The current testing environment is not configured to support act(...)
The current testing environment is not configured to support act(...)
The current testing environment is not configured to support act(...)
The current testing environment is not configured to support act(...)
The current testing environment is not configured to support act(...)
The current testing environment is not configured to support act(...)
The current testing environment is not configured to support act(...)
The current testing environment is not configured to support act(...)
The current testing environment is not configured to support act(...)

stderr | src/features/units/units-page-interaction.test.tsx > Global UnitsWorkspace Real Rendered User-Interaction Tests > opens the edit form from the mobile card without requiring property selection again
The current testing environment is not configured to support act(...)
The current testing environment is not configured to support act(...)
The current testing environment is not configured to support act(...)
The current testing environment is not configured to support act(...)
The current testing environment is not configured to support act(...)
The current testing environment is not configured to support act(...)
The current testing environment is not configured to support act(...)
The current testing environment is not configured to support act(...)

stderr | src/features/units/units-page-interaction.test.tsx > Global UnitsWorkspace Real Rendered User-Interaction Tests > proves clicking a desktop row in UnitsWorkspace opens the shared unit preview
The current testing environment is not configured to support act(...)

stderr | src/features/units/units-page-interaction.test.tsx > Global UnitsWorkspace Real Rendered User-Interaction Tests > proves clicking a desktop row in UnitsWorkspace opens the shared unit preview
The current testing environment is not configured to support act(...)
The current testing environment is not configured to support act(...)
The current testing environment is not configured to support act(...)
The current testing environment is not configured to support act(...)
The current testing environment is not configured to support act(...)
The current testing environment is not configured to support act(...)
The current testing environment is not configured to support act(...)
The current testing environment is not configured to support act(...)
The current testing environment is not configured to support act(...)

stderr | src/features/units/units-page-interaction.test.tsx > Global UnitsWorkspace Real Rendered User-Interaction Tests > proves clicking a desktop row in UnitsWorkspace opens the shared unit preview
The current testing environment is not configured to support act(...)

stderr | src/features/units/units-page-interaction.test.tsx > Global UnitsWorkspace Real Rendered User-Interaction Tests > proves clicking a desktop row in UnitsWorkspace opens the shared unit preview
The current testing environment is not configured to support act(...)
The current testing environment is not configured to support act(...)
The current testing environment is not configured to support act(...)
The current testing environment is not configured to support act(...)
The current testing environment is not configured to support act(...)
The current testing environment is not configured to support act(...)
The current testing environment is not configured to support act(...)
The current testing environment is not configured to support act(...)
The current testing environment is not configured to support act(...)
The current testing environment is not configured to support act(...)
The current testing environment is not configured to support act(...)
The current testing environment is not configured to support act(...)
The current testing environment is not configured to support act(...)
The current testing environment is not configured to support act(...)
The current testing environment is not configured to support act(...)
The current testing environment is not configured to support act(...)
The current testing environment is not configured to support act(...)
The current testing environment is not configured to support act(...)
The current testing environment is not configured to support act(...)
The current testing environment is not configured to support act(...)
The current testing environment is not configured to support act(...)
The current testing environment is not configured to support act(...)
The current testing environment is not configured to support act(...)
The current testing environment is not configured to support act(...)
The current testing environment is not configured to support act(...)
The current testing environment is not configured to support act(...)
The current testing environment is not configured to support act(...)
The current testing environment is not configured to support act(...)
The current testing environment is not configured to support act(...)
The current testing environment is not configured to support act(...)
The current testing environment is not configured to support act(...)
The current testing environment is not configured to support act(...)
The current testing environment is not configured to support act(...)
The current testing environment is not configured to support act(...)
The current testing environment is not configured to support act(...)
The current testing environment is not configured to support act(...)
The current testing environment is not configured to support act(...)
The current testing environment is not configured to support act(...)
The current testing environment is not configured to support act(...)
The current testing environment is not configured to support act(...)
The current testing environment is not configured to support act(...)
The current testing environment is not configured to support act(...)
The current testing environment is not configured to support act(...)
The current testing environment is not configured to support act(...)
The current testing environment is not configured to support act(...)

stderr | src/features/units/units-page-interaction.test.tsx > Global UnitsWorkspace Real Rendered User-Interaction Tests > proves clicking a desktop row in UnitsWorkspace opens the shared unit preview
Error: getaddrinfo ENOTFOUND invalid.supabase.local
[90m    at GetAddrInfoReqWrap.onlookupall [as oncomplete] (node:dns:122:26)[39m {
  errno: [33m-3008[39m,
  code: [32m'ENOTFOUND'[39m,
  syscall: [32m'getaddrinfo'[39m,
  hostname: [32m'invalid.supabase.local'[39m
}

stderr | src/features/units/units-page-interaction.test.tsx > Global UnitsWorkspace Real Rendered User-Interaction Tests > proves clicking a desktop row in UnitsWorkspace opens the shared unit preview
The current testing environment is not configured to support act(...)
The current testing environment is not configured to support act(...)
The current testing environment is not configured to support act(...)
The current testing environment is not configured to support act(...)
The current testing environment is not configured to support act(...)
The current testing environment is not configured to support act(...)
The current testing environment is not configured to support act(...)
The current testing environment is not configured to support act(...)
The current testing environment is not configured to support act(...)

stderr | src/features/units/units-page-interaction.test.tsx > Global UnitsWorkspace Real Rendered User-Interaction Tests > proves the explicit full-page action routes to the unit dossier
The current testing environment is not configured to support act(...)

stderr | src/features/units/units-page-interaction.test.tsx > Global UnitsWorkspace Real Rendered User-Interaction Tests > proves the explicit full-page action routes to the unit dossier
The current testing environment is not configured to support act(...)
The current testing environment is not configured to support act(...)
The current testing environment is not configured to support act(...)
The current testing environment is not configured to support act(...)
The current testing environment is not configured to support act(...)
The current testing environment is not configured to support act(...)
The current testing environment is not configured to support act(...)
The current testing environment is not configured to support act(...)
The current testing environment is not configured to support act(...)

stderr | src/features/units/units-page-interaction.test.tsx > Global UnitsWorkspace Real Rendered User-Interaction Tests > proves the explicit full-page action routes to the unit dossier
The current testing environment is not configured to support act(...)

stderr | src/features/units/units-page-interaction.test.tsx > Global UnitsWorkspace Real Rendered User-Interaction Tests > proves the explicit full-page action routes to the unit dossier
The current testing environment is not configured to support act(...)

stderr | src/features/units/units-page-interaction.test.tsx > Global UnitsWorkspace Real Rendered User-Interaction Tests > proves the explicit full-page action routes to the unit dossier
Error: getaddrinfo ENOTFOUND invalid.supabase.local
[90m    at GetAddrInfoReqWrap.onlookupall [as oncomplete] (node:dns:122:26)[39m {
  errno: [33m-3008[39m,
  code: [32m'ENOTFOUND'[39m,
  syscall: [32m'getaddrinfo'[39m,
  hostname: [32m'invalid.supabase.local'[39m
}

stderr | src/features/units/units-page-interaction.test.tsx > Global UnitsWorkspace Real Rendered User-Interaction Tests > proves the explicit full-page action routes to the unit dossier
The current testing environment is not configured to support act(...)

stderr | src/features/units/units-page-interaction.test.tsx > Global UnitsWorkspace Real Rendered User-Interaction Tests > proves the explicit full-page action routes to the unit dossier
The current testing environment is not configured to support act(...)

stderr | src/features/units/units-page-interaction.test.tsx > Global UnitsWorkspace Real Rendered User-Interaction Tests > proves that clicking the embedded property link does not bubble and routes only to property detail
The current testing environment is not configured to support act(...)

stderr | src/features/units/units-page-interaction.test.tsx > Global UnitsWorkspace Real Rendered User-Interaction Tests > proves that clicking the embedded property link does not bubble and routes only to property detail
The current testing environment is not configured to support act(...)
The current testing environment is not configured to support act(...)
The current testing environment is not configured to support act(...)
The current testing environment is not configured to support act(...)
The current testing environment is not configured to support act(...)
The current testing environment is not configured to support act(...)
The current testing environment is not configured to support act(...)
The current testing environment is not configured to support act(...)
The current testing environment is not configured to support act(...)

stderr | src/features/units/units-page-interaction.test.tsx > Global UnitsWorkspace Real Rendered User-Interaction Tests > proves that clicking the embedded property link does not bubble and routes only to property detail
Error: getaddrinfo ENOTFOUND invalid.supabase.local
[90m    at GetAddrInfoReqWrap.onlookupall [as oncomplete] (node:dns:122:26)[39m {
  errno: [33m-3008[39m,
  code: [32m'ENOTFOUND'[39m,
  syscall: [32m'getaddrinfo'[39m,
  hostname: [32m'invalid.supabase.local'[39m
}

stderr | src/features/units/units-page-interaction.test.tsx > Global UnitsWorkspace Real Rendered User-Interaction Tests > proves that clicking the embedded property link does not bubble and routes only to property detail
The current testing environment is not configured to support act(...)

 ✓ src/features/units/units-page-interaction.test.tsx (5 tests) 508ms
stderr | src/components/ui/entity-table.interaction.test.tsx > EntityTable — responsive desktop/tablet table and phone row cards > supports pagination and desktop row activation
The current testing environment is not configured to support act(...)
The current testing environment is not configured to support act(...)

stderr | src/components/ui/entity-table.interaction.test.tsx > EntityTable — responsive desktop/tablet table and phone row cards > keeps a tappable card body plus a fallback more-actions disclosure on phone
The current testing environment is not configured to support act(...)
The current testing environment is not configured to support act(...)
The current testing environment is not configured to support act(...)

 ✓ src/components/ui/entity-table.interaction.test.tsx (8 tests) 96ms
 ✓ src/features/portfolio-hub/portfolio-hub-workspace.test.tsx (9 tests) 1489ms
   ✓ Portfolio workspace > renders one shell titled المحفظة  351ms
   ✓ Portfolio workspace > switches routine units and owners in place  655ms
   ✓ Portfolio workspace > keeps the land register available by explicit deep link without advertising a routine tab  309ms
stderr | src/features/maintenance/components/maintenance-detail-overlay.test.tsx
Supabase environment is incomplete. Runtime diagnostics will be shown in UI.

 ✓ src/features/maintenance/components/maintenance-detail-overlay.test.tsx (8 tests) 242ms
stderr | src/features/owners/owners-page-interaction.test.tsx > OwnersPage actual owner-model mobile workflow interactions > opens the owner create form from the header and shows inline Arabic validation
The current testing environment is not configured to support act(...)

stderr | src/features/owners/owners-page-interaction.test.tsx > OwnersPage actual owner-model mobile workflow interactions > opens the owner create form from the header and shows inline Arabic validation
The current testing environment is not configured to support act(...)
The current testing environment is not configured to support act(...)
The current testing environment is not configured to support act(...)
The current testing environment is not configured to support act(...)
The current testing environment is not configured to support act(...)

stderr | src/features/owners/owners-page-interaction.test.tsx > OwnersPage actual owner-model mobile workflow interactions > opens the owner create form from the header and shows inline Arabic validation
The current testing environment is not configured to support act(...)

stderr | src/features/owners/owners-page-interaction.test.tsx > OwnersPage actual owner-model mobile workflow interactions > opens the owner create form from the header and shows inline Arabic validation
The current testing environment is not configured to support act(...)
The current testing environment is not configured to support act(...)
The current testing environment is not configured to support act(...)
The current testing environment is not configured to support act(...)
The current testing environment is not configured to support act(...)
The current testing environment is not configured to support act(...)
The current testing environment is not configured to support act(...)
The current testing environment is not configured to support act(...)
The current testing environment is not configured to support act(...)
The current testing environment is not configured to support act(...)
The current testing environment is not configured to support act(...)
The current testing environment is not configured to support act(...)
The current testing environment is not configured to support act(...)
The current testing environment is not configured to support act(...)
The current testing environment is not configured to support act(...)
The current testing environment is not configured to support act(...)
The current testing environment is not configured to support act(...)
The current testing environment is not configured to support act(...)
The current testing environment is not configured to support act(...)
The current testing environment is not configured to support act(...)
The current testing environment is not configured to support act(...)
The current testing environment is not configured to support act(...)
The current testing environment is not configured to support act(...)
The current testing environment is not configured to support act(...)
The current testing environment is not configured to support act(...)
The current testing environment is not configured to support act(...)
The current testing environment is not configured to support act(...)
The current testing environment is not configured to support act(...)
The current testing environment is not configured to support act(...)
The current testing environment is not configured to support act(...)
The current testing environment is not configured to support act(...)
The current testing environment is not configured to support act(...)
The current testing environment is not configured to support act(...)
The current testing environment is not configured to support act(...)
The current testing environment is not configured to support act(...)
The current testing environment is not configured to support act(...)
The current testing environment is not configured to support act(...)
The current testing environment is not configured to support act(...)
The current testing environment is not configured to support act(...)
The current testing environment is not configured to support act(...)
The current testing environment is not configured to support act(...)
The current testing environment is not configured to support act(...)
The current testing environment is not configured to support act(...)
The current testing environment is not configured to support act(...)
The current testing environment is not configured to support act(...)

stderr | src/features/owners/owners-page-interaction.test.tsx > OwnersPage actual owner-model mobile workflow interactions > opens the owner create form from the header and shows inline Arabic validation
The current testing environment is not configured to support act(...)
The current testing environment is not configured to support act(...)
The current testing environment is not configured to support act(...)
The current testing environment is not configured to support act(...)
The current testing environment is not configured to support act(...)
The current testing environment is not configured to support act(...)
The current testing environment is not configured to support act(...)
The current testing environment is not configured to support act(...)
The current testing environment is not configured to support act(...)
The current testing environment is not configured to support act(...)
The current testing environment is not configured to support act(...)
The current testing environment is not configured to support act(...)
The current testing environment is not configured to support act(...)
The current testing environment is not configured to support act(...)
The current testing environment is not configured to support act(...)
The current testing environment is not configured to support act(...)

stderr | src/features/owners/owners-page-interaction.test.tsx > OwnersPage actual owner-model mobile workflow interactions > opens the owner create form from the header and shows inline Arabic validation
The current testing environment is not configured to support act(...)
The current testing environment is not configured to support act(...)
The current testing environment is not configured to support act(...)
The current testing environment is not configured to support act(...)
The current testing environment is not configured to support act(...)
The current testing environment is not configured to support act(...)
The current testing environment is not configured to support act(...)
The current testing environment is not configured to support act(...)

stderr | src/features/owners/owners-page-interaction.test.tsx > OwnersPage actual owner-model mobile workflow interactions > exposes preview, full-file, and edit actions in the shared table
The current testing environment is not configured to support act(...)

stderr | src/features/owners/owners-page-interaction.test.tsx > OwnersPage actual owner-model mobile workflow interactions > exposes preview, full-file, and edit actions in the shared table
The current testing environment is not configured to support act(...)
The current testing environment is not configured to support act(...)
The current testing environment is not configured to support act(...)
The current testing environment is not configured to support act(...)
The current testing environment is not configured to support act(...)

stderr | src/features/owners/owners-page-interaction.test.tsx > OwnersPage actual owner-model mobile workflow interactions > exposes preview, full-file, and edit actions in the shared table
The current testing environment is not configured to support act(...)

stderr | src/features/owners/owners-page-interaction.test.tsx > OwnersPage actual owner-model mobile workflow interactions > exposes preview, full-file, and edit actions in the shared table
The current testing environment is not configured to support act(...)

stderr | src/features/owners/owners-page-interaction.test.tsx > OwnersPage actual owner-model mobile workflow interactions > exposes preview, full-file, and edit actions in the shared table
The current testing environment is not configured to support act(...)
The current testing environment is not configured to support act(...)
The current testing environment is not configured to support act(...)
The current testing environment is not configured to support act(...)
The current testing environment is not configured to support act(...)
The current testing environment is not configured to support act(...)
The current testing environment is not configured to support act(...)
The current testing environment is not configured to support act(...)
The current testing environment is not configured to support act(...)
The current testing environment is not configured to support act(...)
The current testing environment is not configured to support act(...)
The current testing environment is not configured to support act(...)
The current testing environment is not configured to support act(...)
The current testing environment is not configured to support act(...)
The current testing environment is not configured to support act(...)
The current testing environment is not configured to support act(...)
The current testing environment is not configured to support act(...)
The current testing environment is not configured to support act(...)
The current testing environment is not configured to support act(...)
The current testing environment is not configured to support act(...)
The current testing environment is not configured to support act(...)
The current testing environment is not configured to support act(...)
The current testing environment is not configured to support act(...)
The current testing environment is not configured to support act(...)
The current testing environment is not configured to support act(...)
The current testing environment is not configured to support act(...)
The current testing environment is not configured to support act(...)
The current testing environment is not configured to support act(...)
The current testing environment is not configured to support act(...)
The current testing environment is not configured to support act(...)
The current testing environment is not configured to support act(...)
The current testing environment is not configured to support act(...)
The current testing environment is not configured to support act(...)
The current testing environment is not configured to support act(...)
The current testing environment is not configured to support act(...)
The current testing environment is not configured to support act(...)
The current testing environment is not configured to support act(...)
The current testing environment is not configured to support act(...)
The current testing environment is not configured to support act(...)
The current testing environment is not configured to support act(...)
The current testing environment is not configured to support act(...)
The current testing environment is not configured to support act(...)
The current testing environment is not configured to support act(...)
The current testing environment is not configured to support act(...)
The current testing environment is not configured to support act(...)
The current testing environment is not configured to support act(...)
The current testing environment is not configured to support act(...)
The current testing environment is not configured to support act(...)
The current testing environment is not configured to support act(...)
The current testing environment is not configured to support act(...)

stderr | src/features/owners/owners-page-interaction.test.tsx > OwnersPage actual owner-model mobile workflow interactions > exposes preview, full-file, and edit actions in the shared table
The current testing environment is not configured to support act(...)
The current testing environment is not configured to support act(...)
The current testing environment is not configured to support act(...)
The current testing environment is not configured to support act(...)
The current testing environment is not configured to support act(...)
The current testing environment is not configured to support act(...)
The current testing environment is not configured to support act(...)
The current testing environment is not configured to support act(...)

stderr | src/features/owners/owners-page-interaction.test.tsx > OwnersPage actual owner-model mobile workflow interactions > exposes the empty-state create action
The current testing environment is not configured to support act(...)

stderr | src/features/owners/owners-page-interaction.test.tsx > OwnersPage actual owner-model mobile workflow interactions > exposes the empty-state create action
The current testing environment is not configured to support act(...)
The current testing environment is not configured to support act(...)
The current testing environment is not configured to support act(...)
The current testing environment is not configured to support act(...)
The current testing environment is not configured to support act(...)

stderr | src/features/owners/owners-page-interaction.test.tsx > OwnersPage actual owner-model mobile workflow interactions > exposes the empty-state create action
The current testing environment is not configured to support act(...)

 ✓ src/features/owners/owners-page-interaction.test.tsx (3 tests) 267ms
stderr | src/features/properties/property-form-modal.test.tsx > PropertyFormModal — create wizard DOM > opens as a labelled dialog with the wizard explained to assistive technology
The current testing environment is not configured to support act(...)
The current testing environment is not configured to support act(...)
The current testing environment is not configured to support act(...)
The current testing environment is not configured to support act(...)
The current testing environment is not configured to support act(...)
The current testing environment is not configured to support act(...)
The current testing environment is not configured to support act(...)
The current testing environment is not configured to support act(...)
The current testing environment is not configured to support act(...)
The current testing environment is not configured to support act(...)
The current testing environment is not configured to support act(...)
The current testing environment is not configured to support act(...)
The current testing environment is not configured to support act(...)
The current testing environment is not configured to support act(...)
The current testing environment is not configured to support act(...)
The current testing environment is not configured to support act(...)
The current testing environment is not configured to support act(...)
The current testing environment is not configured to support act(...)
The current testing environment is not configured to support act(...)
The current testing environment is not configured to support act(...)
The current testing environment is not configured to support act(...)
The current testing environment is not configured to support act(...)
The current testing environment is not configured to support act(...)
The current testing environment is not configured to support act(...)
The current testing environment is not configured to support act(...)
The current testing environment is not configured to support act(...)
The current testing environment is not configured to support act(...)
The current testing environment is not configured to support act(...)
The current testing environment is not configured to support act(...)
The current testing environment is not configured to support act(...)
The current testing environment is not configured to support act(...)
The current testing environment is not configured to support act(...)
The current testing environment is not configured to support act(...)
The current testing environment is not configured to support act(...)
The current testing environment is not configured to support act(...)
The current testing environment is not configured to support act(...)
The current testing environment is not configured to support act(...)
The current testing environment is not configured to support act(...)
The current testing environment is not configured to support act(...)
The current testing environment is not configured to support act(...)
The current testing environment is not configured to support act(...)
The current testing environment is not configured to support act(...)
The current testing environment is not configured to support act(...)
The current testing environment is not configured to support act(...)
The current testing environment is not configured to support act(...)
The current testing environment is not configured to support act(...)

stderr | src/features/properties/property-form-modal.test.tsx > PropertyFormModal — create wizard DOM > opens as a labelled dialog with the wizard explained to assistive technology
The current testing environment is not configured to support act(...)
The current testing environment is not configured to support act(...)
The current testing environment is not configured to support act(...)
The current testing environment is not configured to support act(...)
The current testing environment is not configured to support act(...)
The current testing environment is not configured to support act(...)
The current testing environment is not configured to support act(...)
The current testing environment is not configured to support act(...)

stderr | src/features/properties/property-form-modal.test.tsx > PropertyFormModal — create wizard DOM > tracks the wizard with a labelled step list and exactly one current step
The current testing environment is not configured to support act(...)
The current testing environment is not configured to support act(...)
The current testing environment is not configured to support act(...)
The current testing environment is not configured to support act(...)
The current testing environment is not configured to support act(...)
The current testing environment is not configured to support act(...)
The current testing environment is not configured to support act(...)
The current testing environment is not configured to support act(...)
The current testing environment is not configured to support act(...)
The current testing environment is not configured to support act(...)
The current testing environment is not configured to support act(...)
The current testing environment is not configured to support act(...)
The current testing environment is not configured to support act(...)
The current testing environment is not configured to support act(...)
The current testing environment is not configured to support act(...)
The current testing environment is not configured to support act(...)
The current testing environment is not configured to support act(...)
The current testing environment is not configured to support act(...)
The current testing environment is not configured to support act(...)
The current testing environment is not configured to support act(...)
The current testing environment is not configured to support act(...)
The current testing environment is not configured to support act(...)
The current testing environment is not configured to support act(...)
The current testing environment is not configured to support act(...)
The current testing environment is not configured to support act(...)
The current testing environment is not configured to support act(...)
The current testing environment is not configured to support act(...)
The current testing environment is not configured to support act(...)
The current testing environment is not configured to support act(...)
The current testing environment is not configured to support act(...)
The current testing environment is not configured to support act(...)
The current testing environment is not configured to support act(...)
The current testing environment is not configured to support act(...)
The current testing environment is not configured to support act(...)
The current testing environment is not configured to support act(...)
The current testing environment is not configured to support act(...)
The current testing environment is not configured to support act(...)
The current testing environment is not configured to support act(...)
The current testing environment is not configured to support act(...)
The current testing environment is not configured to support act(...)
The current testing environment is not configured to support act(...)
The current testing environment is not configured to support act(...)
The current testing environment is not configured to support act(...)
The current testing environment is not configured to support act(...)
The current testing environment is not configured to support act(...)
The current testing environment is not configured to support act(...)

stderr | src/features/properties/property-form-modal.test.tsx > PropertyFormModal — create wizard DOM > tracks the wizard with a labelled step list and exactly one current step
The current testing environment is not configured to support act(...)
The current testing environment is not configured to support act(...)
The current testing environment is not configured to support act(...)
The current testing environment is not configured to support act(...)
The current testing environment is not configured to support act(...)
The current testing environment is not configured to support act(...)
The current testing environment is not configured to support act(...)
The current testing environment is not configured to support act(...)

stderr | src/features/properties/property-form-modal.test.tsx > PropertyFormModal — create wizard DOM > refuses a gated step, explains the missing fields, and never leaves inactive fields mounted
The current testing environment is not configured to support act(...)
The current testing environment is not configured to support act(...)
The current testing environment is not configured to support act(...)
The current testing environment is not configured to support act(...)
The current testing environment is not configured to support act(...)
The current testing environment is not configured to support act(...)
The current testing environment is not configured to support act(...)
The current testing environment is not configured to support act(...)
The current testing environment is not configured to support act(...)
The current testing environment is not configured to support act(...)
The current testing environment is not configured to support act(...)
The current testing environment is not configured to support act(...)
The current testing environment is not configured to support act(...)
The current testing environment is not configured to support act(...)
The current testing environment is not configured to support act(...)
The current testing environment is not configured to support act(...)
The current testing environment is not configured to support act(...)
The current testing environment is not configured to support act(...)
The current testing environment is not configured to support act(...)
The current testing environment is not configured to support act(...)
The current testing environment is not configured to support act(...)
The current testing environment is not configured to support act(...)
The current testing environment is not configured to support act(...)
The current testing environment is not configured to support act(...)
The current testing environment is not configured to support act(...)
The current testing environment is not configured to support act(...)
The current testing environment is not configured to support act(...)
The current testing environment is not configured to support act(...)
The current testing environment is not configured to support act(...)
The current testing environment is not configured to support act(...)
The current testing environment is not configured to support act(...)
The current testing environment is not configured to support act(...)
The current testing environment is not configured to support act(...)
The current testing environment is not configured to support act(...)
The current testing environment is not configured to support act(...)
The current testing environment is not configured to support act(...)
The current testing environment is not configured to support act(...)
The current testing environment is not configured to support act(...)
The current testing environment is not configured to support act(...)
The current testing environment is not configured to support act(...)
The current testing environment is not configured to support act(...)
The current testing environment is not configured to support act(...)
The current testing environment is not configured to support act(...)
The current testing environment is not configured to support act(...)
The current testing environment is not configured to support act(...)
The current testing environment is not configured to support act(...)

stderr | src/features/properties/property-form-modal.test.tsx > PropertyFormModal — create wizard DOM > refuses a gated step, explains the missing fields, and never leaves inactive fields mounted
The current testing environment is not configured to support act(...)
The current testing environment is not configured to support act(...)
The current testing environment is not configured to support act(...)
The current testing environment is not configured to support act(...)
The current testing environment is not configured to support act(...)
The current testing environment is not configured to support act(...)
The current testing environment is not configured to support act(...)
The current testing environment is not configured to support act(...)
The current testing environment is not configured to support act(...)
The current testing environment is not configured to support act(...)
The current testing environment is not configured to support act(...)
The current testing environment is not configured to support act(...)
The current testing environment is not configured to support act(...)
The current testing environment is not configured to support act(...)
The current testing environment is not configured to support act(...)

stderr | src/features/properties/property-form-modal.test.tsx > PropertyFormModal — create wizard DOM > refuses a gated step, explains the missing fields, and never leaves inactive fields mounted
The current testing environment is not configured to support act(...)
The current testing environment is not configured to support act(...)
The current testing environment is not configured to support act(...)
The current testing environment is not configured to support act(...)
The current testing environment is not configured to support act(...)
The current testing environment is not configured to support act(...)
The current testing environment is not configured to support act(...)
The current testing environment is not configured to support act(...)

stderr | src/features/properties/property-form-modal.test.tsx > PropertyFormModal — create wizard DOM > advances once the identity fields are valid and moves the current-step marker
The current testing environment is not configured to support act(...)
The current testing environment is not configured to support act(...)
The current testing environment is not configured to support act(...)
The current testing environment is not configured to support act(...)
The current testing environment is not configured to support act(...)
The current testing environment is not configured to support act(...)
The current testing environment is not configured to support act(...)
The current testing environment is not configured to support act(...)
The current testing environment is not configured to support act(...)
The current testing environment is not configured to support act(...)
The current testing environment is not configured to support act(...)
The current testing environment is not configured to support act(...)
The current testing environment is not configured to support act(...)
The current testing environment is not configured to support act(...)
The current testing environment is not configured to support act(...)
The current testing environment is not configured to support act(...)
The current testing environment is not configured to support act(...)
The current testing environment is not configured to support act(...)
The current testing environment is not configured to support act(...)
The current testing environment is not configured to support act(...)
The current testing environment is not configured to support act(...)
The current testing environment is not configured to support act(...)
The current testing environment is not configured to support act(...)
The current testing environment is not configured to support act(...)
The current testing environment is not configured to support act(...)
The current testing environment is not configured to support act(...)
The current testing environment is not configured to support act(...)
The current testing environment is not configured to support act(...)
The current testing environment is not configured to support act(...)
The current testing environment is not configured to support act(...)
The current testing environment is not configured to support act(...)
The current testing environment is not configured to support act(...)
The current testing environment is not configured to support act(...)
The current testing environment is not configured to support act(...)
The current testing environment is not configured to support act(...)
The current testing environment is not configured to support act(...)
The current testing environment is not configured to support act(...)
The current testing environment is not configured to support act(...)
The current testing environment is not configured to support act(...)
The current testing environment is not configured to support act(...)
The current testing environment is not configured to support act(...)
The current testing environment is not configured to support act(...)
The current testing environment is not configured to support act(...)
The current testing environment is not configured to support act(...)
The current testing environment is not configured to support act(...)
The current testing environment is not configured to support act(...)

stderr | src/features/properties/property-form-modal.test.tsx > PropertyFormModal — create wizard DOM > advances once the identity fields are valid and moves the current-step marker
The current testing environment is not configured to support act(...)
The current testing environment is not configured to support act(...)
The current testing environment is not configured to support act(...)
The current testing environment is not configured to support act(...)
The current testing environment is not configured to support act(...)
The current testing environment is not configured to support act(...)
The current testing environment is not configured to support act(...)
The current testing environment is not configured to support act(...)
The current testing environment is not configured to support act(...)
The current testing environment is not configured to support act(...)
The current testing environment is not configured to support act(...)
The current testing environment is not configured to support act(...)
The current testing environment is not configured to support act(...)
The current testing environment is not configured to support act(...)
The current testing environment is not configured to support act(...)
The current testing environment is not configured to support act(...)
The current testing environment is not configured to support act(...)
The current testing environment is not configured to support act(...)
The current testing environment is not configured to support act(...)
The current testing environment is not configured to support act(...)
The current testing environment is not configured to support act(...)
The current testing environment is not configured to support act(...)
The current testing environment is not configured to support act(...)
The current testing environment is not configured to support act(...)
The current testing environment is not configured to support act(...)
The current testing environment is not configured to support act(...)
The current testing environment is not configured to support act(...)
The current testing environment is not configured to support act(...)
The current testing environment is not configured to support act(...)
The current testing environment is not configured to support act(...)
The current testing environment is not configured to support act(...)
The current testing environment is not configured to support act(...)
The current testing environment is not configured to support act(...)
The current testing environment is not configured to support act(...)
The current testing environment is not configured to support act(...)
The current testing environment is not configured to support act(...)
The current testing environment is not configured to support act(...)
The current testing environment is not configured to support act(...)
The current testing environment is not configured to support act(...)
The current testing environment is not configured to support act(...)
The current testing environment is not configured to support act(...)
The current testing environment is not configured to support act(...)
The current testing environment is not configured to support act(...)
The current testing environment is not configured to support act(...)
The current testing environment is not configured to support act(...)
The current testing environment is not configured to support act(...)
The current testing environment is not configured to support act(...)
The current testing environment is not configured to support act(...)
The current testing environment is not configured to support act(...)
The current testing environment is not configured to support act(...)
The current testing environment is not configured to support act(...)
The current testing environment is not configured to support act(...)
The current testing environment is not configured to support act(...)
The current testing environment is not configured to support act(...)
The current testing environment is not configured to support act(...)
The current testing environment is not configured to support act(...)
The current testing environment is not configured to support act(...)
The current testing environment is not configured to support act(...)
The current testing environment is not configured to support act(...)
The current testing environment is not configured to support act(...)

stderr | src/features/properties/property-form-modal.test.tsx > PropertyFormModal — create wizard DOM > advances once the identity fields are valid and moves the current-step marker
The current testing environment is not configured to support act(...)
The current testing environment is not configured to support act(...)
The current testing environment is not configured to support act(...)
The current testing environment is not configured to support act(...)
The current testing environment is not configured to support act(...)
The current testing environment is not configured to support act(...)
The current testing environment is not configured to support act(...)
The current testing environment is not configured to support act(...)

stderr | src/features/properties/property-form-modal.test.tsx > PropertyFormModal — create wizard DOM > keeps the gated steps unreachable until the owner and commission are complete
The current testing environment is not configured to support act(...)
The current testing environment is not configured to support act(...)
The current testing environment is not configured to support act(...)
The current testing environment is not configured to support act(...)
The current testing environment is not configured to support act(...)
The current testing environment is not configured to support act(...)
The current testing environment is not configured to support act(...)
The current testing environment is not configured to support act(...)
The current testing environment is not configured to support act(...)
The current testing environment is not configured to support act(...)
The current testing environment is not configured to support act(...)
The current testing environment is not configured to support act(...)
The current testing environment is not configured to support act(...)
The current testing environment is not configured to support act(...)
The current testing environment is not configured to support act(...)
The current testing environment is not configured to support act(...)
The current testing environment is not configured to support act(...)
The current testing environment is not configured to support act(...)
The current testing environment is not configured to support act(...)
The current testing environment is not configured to support act(...)
The current testing environment is not configured to support act(...)
The current testing environment is not configured to support act(...)
The current testing environment is not configured to support act(...)
The current testing environment is not configured to support act(...)
The current testing environment is not configured to support act(...)
The current testing environment is not configured to support act(...)
The current testing environment is not configured to support act(...)
The current testing environment is not configured to support act(...)
The current testing environment is not configured to support act(...)
The current testing environment is not configured to support act(...)
The current testing environment is not configured to support act(...)
The current testing environment is not configured to support act(...)
The current testing environment is not configured to support act(...)
The current testing environment is not configured to support act(...)
The current testing environment is not configured to support act(...)
The current testing environment is not configured to support act(...)
The current testing environment is not configured to support act(...)
The current testing environment is not configured to support act(...)
The current testing environment is not configured to support act(...)
The current testing environment is not configured to support act(...)
The current testing environment is not configured to support act(...)
The current testing environment is not configured to support act(...)
The current testing environment is not configured to support act(...)
The current testing environment is not configured to support act(...)
The current testing environment is not configured to support act(...)
The current testing environment is not configured to support act(...)

stderr | src/features/properties/property-form-modal.test.tsx > PropertyFormModal — create wizard DOM > keeps the gated steps unreachable until the owner and commission are complete
The current testing environment is not configured to support act(...)
The current testing environment is not configured to support act(...)
The current testing environment is not configured to support act(...)
The current testing environment is not configured to support act(...)
The current testing environment is not configured to support act(...)
The current testing environment is not configured to support act(...)
The current testing environment is not configured to support act(...)
The current testing environment is not configured to support act(...)
The current testing environment is not configured to support act(...)
The current testing environment is not configured to support act(...)
The current testing environment is not configured to support act(...)
The current testing environment is not configured to support act(...)
The current testing environment is not configured to support act(...)
The current testing environment is not configured to support act(...)
The current testing environment is not configured to support act(...)
The current testing environment is not configured to support act(...)
The current testing environment is not configured to support act(...)
The current testing environment is not configured to support act(...)
The current testing environment is not configured to support act(...)
The current testing environment is not configured to support act(...)
The current testing environment is not configured to support act(...)
The current testing environment is not configured to support act(...)
The current testing environment is not configured to support act(...)
The current testing environment is not configured to support act(...)
The current testing environment is not configured to support act(...)
The current testing environment is not configured to support act(...)
The current testing environment is not configured to support act(...)
The current testing environment is not configured to support act(...)
The current testing environment is not configured to support act(...)
The current testing environment is not configured to support act(...)
The current testing environment is not configured to support act(...)
The current testing environment is not configured to support act(...)
The current testing environment is not configured to support act(...)
The current testing environment is not configured to support act(...)
The current testing environment is not configured to support act(...)
The current testing environment is not configured to support act(...)
The current testing environment is not configured to support act(...)
The current testing environment is not configured to support act(...)
The current testing environment is not configured to support act(...)
The current testing environment is not configured to support act(...)
The current testing environment is not configured to support act(...)
The current testing environment is not configured to support act(...)
The current testing environment is not configured to support act(...)
The current testing environment is not configured to support act(...)
The current testing environment is not configured to support act(...)
The current testing environment is not configured to support act(...)
The current testing environment is not configured to support act(...)
The current testing environment is not configured to support act(...)
The current testing environment is not configured to support act(...)
The current testing environment is not configured to support act(...)
The current testing environment is not configured to support act(...)
The current testing environment is not configured to support act(...)
The current testing environment is not configured to support act(...)
The current testing environment is not configured to support act(...)
The current testing environment is not configured to support act(...)
The current testing environment is not configured to support act(...)
The current testing environment is not configured to support act(...)
The current testing environment is not configured to support act(...)
The current testing environment is not configured to support act(...)
The current testing environment is not configured to support act(...)
The current testing environment is not configured to support act(...)
The current testing environment is not configured to support act(...)
The current testing environment is not configured to support act(...)
The current testing environment is not configured to support act(...)
The current testing environment is not configured to support act(...)
The current testing environment is not configured to support act(...)
The current testing environment is not configured to support act(...)
The current testing environment is not configured to support act(...)
The current testing environment is not configured to support act(...)
The current testing environment is not configured to support act(...)
The current testing environment is not configured to support act(...)
The current testing environment is not configured to support act(...)
The current testing environment is not configured to support act(...)
The current testing environment is not configured to support act(...)
The current testing environment is not configured to support act(...)

stderr | src/features/properties/property-form-modal.test.tsx > PropertyFormModal — create wizard DOM > keeps the gated steps unreachable until the owner and commission are complete
The current testing environment is not configured to support act(...)
The current testing environment is not configured to support act(...)
The current testing environment is not configured to support act(...)
The current testing environment is not configured to support act(...)
The current testing environment is not configured to support act(...)
The current testing environment is not configured to support act(...)
The current testing environment is not configured to support act(...)
The current testing environment is not configured to support act(...)

stderr | src/features/properties/property-form-modal.test.tsx > PropertyFormModal — create wizard DOM > closes through the dialog affordances the user actually has
The current testing environment is not configured to support act(...)
The current testing environment is not configured to support act(...)
The current testing environment is not configured to support act(...)
The current testing environment is not configured to support act(...)
The current testing environment is not configured to support act(...)
The current testing environment is not configured to support act(...)
The current testing environment is not configured to support act(...)
The current testing environment is not configured to support act(...)
The current testing environment is not configured to support act(...)
The current testing environment is not configured to support act(...)
The current testing environment is not configured to support act(...)
The current testing environment is not configured to support act(...)
The current testing environment is not configured to support act(...)
The current testing environment is not configured to support act(...)
The current testing environment is not configured to support act(...)
The current testing environment is not configured to support act(...)
The current testing environment is not configured to support act(...)
The current testing environment is not configured to support act(...)
The current testing environment is not configured to support act(...)
The current testing environment is not configured to support act(...)
The current testing environment is not configured to support act(...)
The current testing environment is not configured to support act(...)
The current testing environment is not configured to support act(...)
The current testing environment is not configured to support act(...)
The current testing environment is not configured to support act(...)
The current testing environment is not configured to support act(...)
The current testing environment is not configured to support act(...)
The current testing environment is not configured to support act(...)
The current testing environment is not configured to support act(...)
The current testing environment is not configured to support act(...)
The current testing environment is not configured to support act(...)
The current testing environment is not configured to support act(...)
The current testing environment is not configured to support act(...)
The current testing environment is not configured to support act(...)
The current testing environment is not configured to support act(...)
The current testing environment is not configured to support act(...)
The current testing environment is not configured to support act(...)
The current testing environment is not configured to support act(...)
The current testing environment is not configured to support act(...)
The current testing environment is not configured to support act(...)
The current testing environment is not configured to support act(...)
The current testing environment is not configured to support act(...)
The current testing environment is not configured to support act(...)
The current testing environment is not configured to support act(...)
The current testing environment is not configured to support act(...)
The current testing environment is not configured to support act(...)

stderr | src/features/properties/property-form-modal.test.tsx > PropertyFormModal — create wizard DOM > closes through the dialog affordances the user actually has
The current testing environment is not configured to support act(...)
The current testing environment is not configured to support act(...)
The current testing environment is not configured to support act(...)
The current testing environment is not configured to support act(...)
The current testing environment is not configured to support act(...)
The current testing environment is not configured to support act(...)
The current testing environment is not configured to support act(...)
The current testing environment is not configured to support act(...)

stderr | src/features/properties/property-form-modal.test.tsx > PropertyFormModal — create wizard DOM > carries no WCAG violations in the rendered wizard
The current testing environment is not configured to support act(...)
The current testing environment is not configured to support act(...)
The current testing environment is not configured to support act(...)
The current testing environment is not configured to support act(...)
The current testing environment is not configured to support act(...)
The current testing environment is not configured to support act(...)
The current testing environment is not configured to support act(...)
The current testing environment is not configured to support act(...)
The current testing environment is not configured to support act(...)
The current testing environment is not configured to support act(...)
The current testing environment is not configured to support act(...)
The current testing environment is not configured to support act(...)
The current testing environment is not configured to support act(...)
The current testing environment is not configured to support act(...)
The current testing environment is not configured to support act(...)
The current testing environment is not configured to support act(...)
The current testing environment is not configured to support act(...)
The current testing environment is not configured to support act(...)
The current testing environment is not configured to support act(...)
The current testing environment is not configured to support act(...)
The current testing environment is not configured to support act(...)
The current testing environment is not configured to support act(...)
The current testing environment is not configured to support act(...)
The current testing environment is not configured to support act(...)
The current testing environment is not configured to support act(...)
The current testing environment is not configured to support act(...)
The current testing environment is not configured to support act(...)
The current testing environment is not configured to support act(...)
The current testing environment is not configured to support act(...)
The current testing environment is not configured to support act(...)
The current testing environment is not configured to support act(...)
The current testing environment is not configured to support act(...)
The current testing environment is not configured to support act(...)
The current testing environment is not configured to support act(...)
The current testing environment is not configured to support act(...)
The current testing environment is not configured to support act(...)
The current testing environment is not configured to support act(...)
The current testing environment is not configured to support act(...)
The current testing environment is not configured to support act(...)
The current testing environment is not configured to support act(...)
The current testing environment is not configured to support act(...)
The current testing environment is not configured to support act(...)
The current testing environment is not configured to support act(...)
The current testing environment is not configured to support act(...)
The current testing environment is not configured to support act(...)
The current testing environment is not configured to support act(...)

stderr | src/features/properties/property-form-modal.test.tsx > PropertyFormModal — create wizard DOM > carries no WCAG violations in the rendered wizard
The current testing environment is not configured to support act(...)
The current testing environment is not configured to support act(...)
The current testing environment is not configured to support act(...)
The current testing environment is not configured to support act(...)
The current testing environment is not configured to support act(...)
The current testing environment is not configured to support act(...)
The current testing environment is not configured to support act(...)
The current testing environment is not configured to support act(...)

 ✓ src/features/properties/property-form-modal.test.tsx (7 tests) 416ms
 ✓ src/features/financials/receipts/receipt-detail-print-readiness.test.tsx (5 tests) 147ms
stderr | src/features/utilities/meter-billing-coverage-workspace.test.tsx
Supabase environment is incomplete. Runtime diagnostics will be shown in UI.

 ✓ src/features/utilities/meter-billing-coverage-workspace.test.tsx (5 tests) 432ms
stderr | src/components/ui/action-menu.interaction.test.tsx > ActionMenu keyboard contract > keeps a single available action behind the canonical menu trigger
The current testing environment is not configured to support act(...)
The current testing environment is not configured to support act(...)
The current testing environment is not configured to support act(...)
The current testing environment is not configured to support act(...)

stderr | src/components/ui/action-menu.interaction.test.tsx > ActionMenu keyboard contract > keeps a single available action behind the canonical menu trigger
The current testing environment is not configured to support act(...)

stderr | src/components/ui/action-menu.interaction.test.tsx > ActionMenu keyboard contract > uses menu semantics and supports keyboard navigation, escape, selection, and outside dismissal
The current testing environment is not configured to support act(...)
The current testing environment is not configured to support act(...)
The current testing environment is not configured to support act(...)
The current testing environment is not configured to support act(...)
The current testing environment is not configured to support act(...)
The current testing environment is not configured to support act(...)
The current testing environment is not configured to support act(...)
The current testing environment is not configured to support act(...)
The current testing environment is not configured to support act(...)
The current testing environment is not configured to support act(...)

stderr | src/components/ui/action-menu.interaction.test.tsx > ActionMenu keyboard contract > uses menu semantics and supports keyboard navigation, escape, selection, and outside dismissal
The current testing environment is not configured to support act(...)

stderr | src/components/ui/action-menu.interaction.test.tsx > ActionMenu keyboard contract > shields the follow-up click of a double-click from whatever the menu was covering
The current testing environment is not configured to support act(...)
The current testing environment is not configured to support act(...)
The current testing environment is not configured to support act(...)
The current testing environment is not configured to support act(...)
The current testing environment is not configured to support act(...)
The current testing environment is not configured to support act(...)
The current testing environment is not configured to support act(...)

stderr | src/components/ui/action-menu.interaction.test.tsx > ActionMenu keyboard contract > shields the follow-up click of a double-click from whatever the menu was covering
The current testing environment is not configured to support act(...)

stderr | src/components/ui/action-menu.interaction.test.tsx > ActionMenu keyboard contract > opens upward when the trigger sits too close to the bottom of the viewport
The current testing environment is not configured to support act(...)
The current testing environment is not configured to support act(...)
The current testing environment is not configured to support act(...)

stderr | src/components/ui/action-menu.interaction.test.tsx > ActionMenu keyboard contract > opens upward when the trigger sits too close to the bottom of the viewport
The current testing environment is not configured to support act(...)

 ✓ src/components/ui/action-menu.interaction.test.tsx (4 tests) 92ms
stdout | src/features/ai-assistant/speech/assistant-speech-ios-webkit.test.ts > iOS WebKit speech hardening > recovers to idle when WebKit interrupts speech unexpectedly
[malek-assistant-speech] speech failed interrupted

 ✓ src/features/ai-assistant/speech/assistant-speech-ios-webkit.test.ts (4 tests) 16ms
stderr | src/features/properties/properties-list-page-interaction.test.tsx > PropertiesListPage mobile workflow interactions > opens PropertyFormModal from the header create action with owner and agreement fields
The current testing environment is not configured to support act(...)

stderr | src/features/properties/properties-list-page-interaction.test.tsx > PropertiesListPage mobile workflow interactions > opens PropertyFormModal from the header create action with owner and agreement fields
The current testing environment is not configured to support act(...)
The current testing environment is not configured to support act(...)
The current testing environment is not configured to support act(...)
The current testing environment is not configured to support act(...)
The current testing environment is not configured to support act(...)
The current testing environment is not configured to support act(...)
The current testing environment is not configured to support act(...)
The current testing environment is not configured to support act(...)
The current testing environment is not configured to support act(...)
The current testing environment is not configured to support act(...)
The current testing environment is not configured to support act(...)
The current testing environment is not configured to support act(...)
The current testing environment is not configured to support act(...)

stderr | src/features/properties/properties-list-page-interaction.test.tsx > PropertiesListPage mobile workflow interactions > opens PropertyFormModal from the header create action with owner and agreement fields
The current testing environment is not configured to support act(...)

stderr | src/features/properties/properties-list-page-interaction.test.tsx > PropertiesListPage mobile workflow interactions > opens PropertyFormModal from the header create action with owner and agreement fields
The current testing environment is not configured to support act(...)
The current testing environment is not configured to support act(...)
The current testing environment is not configured to support act(...)
The current testing environment is not configured to support act(...)
The current testing environment is not configured to support act(...)
The current testing environment is not configured to support act(...)
The current testing environment is not configured to support act(...)
The current testing environment is not configured to support act(...)
The current testing environment is not configured to support act(...)
The current testing environment is not configured to support act(...)
The current testing environment is not configured to support act(...)
The current testing environment is not configured to support act(...)
The current testing environment is not configured to support act(...)
The current testing environment is not configured to support act(...)
The current testing environment is not configured to support act(...)
The current testing environment is not configured to support act(...)
The current testing environment is not configured to support act(...)
The current testing environment is not configured to support act(...)
The current testing environment is not configured to support act(...)
The current testing environment is not configured to support act(...)
The current testing environment is not configured to support act(...)
The current testing environment is not configured to support act(...)
The current testing environment is not configured to support act(...)
The current testing environment is not configured to support act(...)
The current testing environment is not configured to support act(...)
The current testing environment is not configured to support act(...)
The current testing environment is not configured to support act(...)
The current testing environment is not configured to support act(...)
The current testing environment is not configured to support act(...)
The current testing environment is not configured to support act(...)
The current testing environment is not configured to support act(...)
The current testing environment is not configured to support act(...)
The current testing environment is not configured to support act(...)
The current testing environment is not configured to support act(...)
The current testing environment is not configured to support act(...)
The current testing environment is not configured to support act(...)
The current testing environment is not configured to support act(...)
The current testing environment is not configured to support act(...)
The current testing environment is not configured to support act(...)
The current testing environment is not configured to support act(...)
The current testing environment is not configured to support act(...)
The current testing environment is not configured to support act(...)
The current testing environment is not configured to support act(...)
The current testing environment is not configured to support act(...)

stderr | src/features/properties/properties-list-page-interaction.test.tsx > PropertiesListPage mobile workflow interactions > opens PropertyFormModal from the header create action with owner and agreement fields
The current testing environment is not configured to support act(...)
The current testing environment is not configured to support act(...)
The current testing environment is not configured to support act(...)
The current testing environment is not configured to support act(...)
The current testing environment is not configured to support act(...)
The current testing environment is not configured to support act(...)
The current testing environment is not configured to support act(...)
The current testing environment is not configured to support act(...)

stderr | src/features/properties/properties-list-page-interaction.test.tsx > PropertiesListPage mobile workflow interactions > opens the quick preview from the row and keeps the dossier as an explicit action in context
The current testing environment is not configured to support act(...)

stderr | src/features/properties/properties-list-page-interaction.test.tsx > PropertiesListPage mobile workflow interactions > opens the quick preview from the row and keeps the dossier as an explicit action in context
The current testing environment is not configured to support act(...)
The current testing environment is not configured to support act(...)
The current testing environment is not configured to support act(...)
The current testing environment is not configured to support act(...)
The current testing environment is not configured to support act(...)
The current testing environment is not configured to support act(...)
The current testing environment is not configured to support act(...)
The current testing environment is not configured to support act(...)
The current testing environment is not configured to support act(...)
The current testing environment is not configured to support act(...)
The current testing environment is not configured to support act(...)
The current testing environment is not configured to support act(...)
The current testing environment is not configured to support act(...)

stderr | src/features/properties/properties-list-page-interaction.test.tsx > PropertiesListPage mobile workflow interactions > opens the quick preview from the row and keeps the dossier as an explicit action in context
The current testing environment is not configured to support act(...)

stderr | src/features/properties/properties-list-page-interaction.test.tsx > PropertiesListPage mobile workflow interactions > opens the quick preview from the row and keeps the dossier as an explicit action in context
The current testing environment is not configured to support act(...)
The current testing environment is not configured to support act(...)
The current testing environment is not configured to support act(...)
The current testing environment is not configured to support act(...)
The current testing environment is not configured to support act(...)
The current testing environment is not configured to support act(...)
The current testing environment is not configured to support act(...)
The current testing environment is not configured to support act(...)
The current testing environment is not configured to support act(...)
The current testing environment is not configured to support act(...)
The current testing environment is not configured to support act(...)
The current testing environment is not configured to support act(...)
The current testing environment is not configured to support act(...)
The current testing environment is not configured to support act(...)
The current testing environment is not configured to support act(...)
The current testing environment is not configured to support act(...)
The current testing environment is not configured to support act(...)
The current testing environment is not configured to support act(...)
The current testing environment is not configured to support act(...)
The current testing environment is not configured to support act(...)
The current testing environment is not configured to support act(...)
The current testing environment is not configured to support act(...)
The current testing environment is not configured to support act(...)
The current testing environment is not configured to support act(...)
The current testing environment is not configured to support act(...)
The current testing environment is not configured to support act(...)
The current testing environment is not configured to support act(...)
The current testing environment is not configured to support act(...)
The current testing environment is not configured to support act(...)
The current testing environment is not configured to support act(...)
The current testing environment is not configured to support act(...)
The current testing environment is not configured to support act(...)
The current testing environment is not configured to support act(...)
The current testing environment is not configured to support act(...)
The current testing environment is not configured to support act(...)
The current testing environment is not configured to support act(...)
The current testing environment is not configured to support act(...)
The current testing environment is not configured to support act(...)
The current testing environment is not configured to support act(...)
The current testing environment is not configured to support act(...)
The current testing environment is not configured to support act(...)
The current testing environment is not configured to support act(...)
The current testing environment is not configured to support act(...)
The current testing environment is not configured to support act(...)
The current testing environment is not configured to support act(...)

stderr | src/features/properties/properties-list-page-interaction.test.tsx > PropertiesListPage mobile workflow interactions > opens the quick preview from the row and keeps the dossier as an explicit action in context
The current testing environment is not configured to support act(...)

stderr | src/features/properties/properties-list-page-interaction.test.tsx > PropertiesListPage mobile workflow interactions > opens the quick preview from the row and keeps the dossier as an explicit action in context
The current testing environment is not configured to support act(...)

stderr | src/features/properties/properties-list-page-interaction.test.tsx > PropertiesListPage mobile workflow interactions > opens the quick preview from the row and keeps the dossier as an explicit action in context
The current testing environment is not configured to support act(...)

stderr | src/features/properties/properties-list-page-interaction.test.tsx > PropertiesListPage mobile workflow interactions > opens the quick preview from the row and keeps the dossier as an explicit action in context
The current testing environment is not configured to support act(...)
The current testing environment is not configured to support act(...)
The current testing environment is not configured to support act(...)
The current testing environment is not configured to support act(...)
The current testing environment is not configured to support act(...)
The current testing environment is not configured to support act(...)
The current testing environment is not configured to support act(...)
The current testing environment is not configured to support act(...)
The current testing environment is not configured to support act(...)

stderr | src/features/properties/properties-list-page-interaction.test.tsx > PropertiesListPage mobile workflow interactions > exposes an empty-state create action
The current testing environment is not configured to support act(...)

stderr | src/features/properties/properties-list-page-interaction.test.tsx > PropertiesListPage mobile workflow interactions > exposes an empty-state create action
The current testing environment is not configured to support act(...)
The current testing environment is not configured to support act(...)
The current testing environment is not configured to support act(...)
The current testing environment is not configured to support act(...)
The current testing environment is not configured to support act(...)
The current testing environment is not configured to support act(...)
The current testing environment is not configured to support act(...)
The current testing environment is not configured to support act(...)
The current testing environment is not configured to support act(...)
The current testing environment is not configured to support act(...)
The current testing environment is not configured to support act(...)
The current testing environment is not configured to support act(...)
The current testing environment is not configured to support act(...)

stderr | src/features/properties/properties-list-page-interaction.test.tsx > PropertiesListPage mobile workflow interactions > exposes an empty-state create action
The current testing environment is not configured to support act(...)

stderr | src/features/properties/properties-list-page-interaction.test.tsx > PropertiesListPage mobile workflow interactions > displays zero count in the page header when no properties exist
The current testing environment is not configured to support act(...)

stderr | src/features/properties/properties-list-page-interaction.test.tsx > PropertiesListPage mobile workflow interactions > displays zero count in the page header when no properties exist
The current testing environment is not configured to support act(...)
The current testing environment is not configured to support act(...)
The current testing environment is not configured to support act(...)
The current testing environment is not configured to support act(...)
The current testing environment is not configured to support act(...)
The current testing environment is not configured to support act(...)
The current testing environment is not configured to support act(...)
The current testing environment is not configured to support act(...)
The current testing environment is not configured to support act(...)
The current testing environment is not configured to support act(...)
The current testing environment is not configured to support act(...)
The current testing environment is not configured to support act(...)
The current testing environment is not configured to support act(...)

stderr | src/features/properties/properties-list-page-interaction.test.tsx > PropertiesListPage mobile workflow interactions > displays zero count in the page header when no properties exist
The current testing environment is not configured to support act(...)

stderr | src/features/properties/properties-list-page-interaction.test.tsx > PropertiesListPage mobile workflow interactions > distinguishes an unavailable linked owner from a missing ownership link
The current testing environment is not configured to support act(...)

stderr | src/features/properties/properties-list-page-interaction.test.tsx > PropertiesListPage mobile workflow interactions > distinguishes an unavailable linked owner from a missing ownership link
The current testing environment is not configured to support act(...)
The current testing environment is not configured to support act(...)
The current testing environment is not configured to support act(...)
The current testing environment is not configured to support act(...)
The current testing environment is not configured to support act(...)
The current testing environment is not configured to support act(...)
The current testing environment is not configured to support act(...)
The current testing environment is not configured to support act(...)
The current testing environment is not configured to support act(...)
The current testing environment is not configured to support act(...)
The current testing environment is not configured to support act(...)
The current testing environment is not configured to support act(...)
The current testing environment is not configured to support act(...)

stderr | src/features/properties/properties-list-page-interaction.test.tsx > PropertiesListPage mobile workflow interactions > distinguishes an unavailable linked owner from a missing ownership link
The current testing environment is not configured to support act(...)

 ✓ src/features/properties/properties-list-page-interaction.test.tsx (5 tests) 384ms
stderr | src/features/utilities/utility-bill-detail.test.tsx
Supabase environment is incomplete. Runtime diagnostics will be shown in UI.

 ✓ src/features/utilities/utility-bill-detail.test.tsx (4 tests) 510ms
 ✓ src/features/settings/form/sectionDrafts.test.ts (7 tests) 15ms
 ✓ src/features/reports/components/report-view-panel.test.tsx (18 tests) 4904ms
   ✓ canonical accounting body routing > routes accounting view accounting_reports to its own report body  327ms
   ✓ canonical accounting body routing > routes accounting view general_ledger to its own report body  305ms
   ✓ canonical accounting body routing > routes accounting view deferred_revenue to its own report body  304ms
   ✓ canonical analytics body routing > routes analytics view collections to its own report body  304ms
   ✓ canonical analytics body routing > routes analytics view overdue to its own report body  305ms
   ✓ canonical analytics body routing > routes analytics view follow_up to its own report body  305ms
   ✓ canonical analytics body routing > routes analytics view collection_movement to its own report body  305ms
   ✓ canonical analytics body routing > routes analytics view property_analytics to its own report body  304ms
   ✓ canonical analytics body routing > routes analytics view overview to its own report body  305ms
   ✓ canonical analytics body routing > routes analytics view occupancy to its own report body  307ms
   ✓ canonical analytics body routing > routes analytics view expiring to its own report body  303ms
   ✓ canonical analytics body routing > routes analytics view operations_overview to its own report body  307ms
   ✓ canonical analytics body routing > routes analytics view maintenance_analytics to its own report body  305ms
   ✓ canonical analytics body routing > routes analytics view expenses to its own report body  303ms
   ✓ canonical analytics body routing > routes analytics view services to its own report body  303ms
   ✓ canonical statements body routing > routes the statements section to the statements body  304ms
stderr | src/features/financials/components/finance-table-visual.test.tsx
Supabase environment is incomplete. Runtime diagnostics will be shown in UI.

 ✓ src/features/financials/components/finance-table-visual.test.tsx (5 tests) 292ms
stderr | src/features/utilities/utilities-operational-obligations.test.tsx
Supabase environment is incomplete. Runtime diagnostics will be shown in UI.

 ✓ src/features/utilities/utilities-operational-obligations.test.tsx (5 tests) 358ms
 ✓ src/features/relationships-hub/leasing-hub-workspace.test.tsx (8 tests) 1734ms
   ✓ Leasing workspace > renders one shell titled التأجير with contracts as the default journey  375ms
   ✓ Leasing workspace > switches the routine tenant capability in place  344ms
   ✓ Leasing workspace > keeps people available by deep link without advertising a routine tab  310ms
   ✓ Leasing workspace > keeps leads available by deep link without advertising a routine tab  310ms
   ✓ Leasing workspace > keeps communication available by deep link without advertising a routine tab  309ms
stderr | src/features/reports/components/property-analytics-professional-report.test.tsx
Supabase environment is incomplete. Runtime diagnostics will be shown in UI.

 ✓ src/features/reports/components/property-analytics-professional-report.test.tsx (5 tests) 288ms
stderr | src/features/reports/components/property-analytics-presentation.test.tsx
Supabase environment is incomplete. Runtime diagnostics will be shown in UI.

 ✓ src/features/reports/components/property-analytics-presentation.test.tsx (7 tests) 171ms
 ✓ src/components/ui/primitives.axe.test.tsx (15 tests) 349ms
 ✓ src/components/layout/embeddable-workspace.test.tsx (8 tests) 62ms
 ✓ src/components/ui/entity-form.test.ts (8 tests) 47ms
stderr | src/features/reports/components/statements-owner-excel-contract.test.ts
Supabase environment is incomplete. Runtime diagnostics will be shown in UI.

 ✓ src/features/reports/components/statements-owner-excel-contract.test.ts (6 tests) 5ms
 ✓ src/features/settings/office-launch/import/office-import.test.ts (10 tests) 31ms
 ✓ src/services/documents/contextualDocumentsService.lifecycle.test.ts (2 tests) 10ms
stderr | src/features/tenants/tenants-page-interaction.test.tsx
Supabase environment is incomplete. Runtime diagnostics will be shown in UI.

stderr | src/features/tenants/tenants-page-interaction.test.tsx > TenantsPage shared person mobile workflow interactions > opens the tenant create form from the header using the shared person workflow
The current testing environment is not configured to support act(...)

stderr | src/features/tenants/tenants-page-interaction.test.tsx > TenantsPage shared person mobile workflow interactions > opens the tenant create form from the header using the shared person workflow
The current testing environment is not configured to support act(...)
The current testing environment is not configured to support act(...)
The current testing environment is not configured to support act(...)

stderr | src/features/tenants/tenants-page-interaction.test.tsx > TenantsPage shared person mobile workflow interactions > opens the tenant create form from the header using the shared person workflow
The current testing environment is not configured to support act(...)

stderr | src/features/tenants/tenants-page-interaction.test.tsx > TenantsPage shared person mobile workflow interactions > opens the tenant create form from the header using the shared person workflow
The current testing environment is not configured to support act(...)

stderr | src/features/tenants/tenants-page-interaction.test.tsx > TenantsPage shared person mobile workflow interactions > opens edit from the register and keeps all domain links accessible
The current testing environment is not configured to support act(...)

stderr | src/features/tenants/tenants-page-interaction.test.tsx > TenantsPage shared person mobile workflow interactions > opens edit from the register and keeps all domain links accessible
The current testing environment is not configured to support act(...)
The current testing environment is not configured to support act(...)
The current testing environment is not configured to support act(...)

stderr | src/features/tenants/tenants-page-interaction.test.tsx > TenantsPage shared person mobile workflow interactions > opens edit from the register and keeps all domain links accessible
The current testing environment is not configured to support act(...)

stderr | src/features/tenants/tenants-page-interaction.test.tsx > TenantsPage shared person mobile workflow interactions > opens edit from the register and keeps all domain links accessible
The current testing environment is not configured to support act(...)

stderr | src/features/tenants/tenants-page-interaction.test.tsx > TenantsPage shared person mobile workflow interactions > opens edit from the register and keeps all domain links accessible
The current testing environment is not configured to support act(...)
The current testing environment is not configured to support act(...)
The current testing environment is not configured to support act(...)

stderr | src/features/tenants/tenants-page-interaction.test.tsx > TenantsPage shared person mobile workflow interactions > opens edit from the register and keeps all domain links accessible
The current testing environment is not configured to support act(...)

stderr | src/features/tenants/tenants-page-interaction.test.tsx > TenantsPage shared person mobile workflow interactions > exposes an empty-state create action
The current testing environment is not configured to support act(...)

stderr | src/features/tenants/tenants-page-interaction.test.tsx > TenantsPage shared person mobile workflow interactions > exposes an empty-state create action
The current testing environment is not configured to support act(...)
The current testing environment is not configured to support act(...)
The current testing environment is not configured to support act(...)

stderr | src/features/tenants/tenants-page-interaction.test.tsx > TenantsPage shared person mobile workflow interactions > exposes an empty-state create action
The current testing environment is not configured to support act(...)

 ✓ src/features/tenants/tenants-page-interaction.test.tsx (3 tests) 180ms
stderr | src/features/units/units-list.test.tsx
Supabase environment is incomplete. Runtime diagnostics will be shown in UI.

stderr | src/features/units/units-list.test.tsx > UnitsList load states > surfaces property unit loading failures instead of rendering an empty workflow
Warning: useRouter must be used inside a <RouterProvider> component!

stderr | src/features/units/units-list.test.tsx > UnitsList mobile card density > shows unit identity, status, rent and compact overflow actions on the mobile card
Warning: useRouter must be used inside a <RouterProvider> component!

 ✓ src/features/units/units-list.test.tsx (2 tests) 72ms
 ✓ src/components/ui/section-tabs.visual-wave-1.test.tsx (4 tests) 43ms
stderr | src/features/units/units-page-hook-order.regression.test.tsx
Supabase environment is incomplete. Runtime diagnostics will be shown in UI.

stderr | src/features/units/units-page-hook-order.regression.test.tsx > UnitsWorkspace hook-order regression (React #310) > survives the loading→data transition without changing hook counts
The current testing environment is not configured to support act(...)

stderr | src/features/units/units-page-hook-order.regression.test.tsx > UnitsWorkspace hook-order regression (React #310) > survives the loading→data transition without changing hook counts
The current testing environment is not configured to support act(...)

stderr | src/features/units/units-page-hook-order.regression.test.tsx > UnitsWorkspace hook-order regression (React #310) > survives the loading→data transition without changing hook counts
The current testing environment is not configured to support act(...)
The current testing environment is not configured to support act(...)
The current testing environment is not configured to support act(...)
The current testing environment is not configured to support act(...)
The current testing environment is not configured to support act(...)
The current testing environment is not configured to support act(...)
The current testing environment is not configured to support act(...)
The current testing environment is not configured to support act(...)
The current testing environment is not configured to support act(...)

stderr | src/features/units/units-page-hook-order.regression.test.tsx > UnitsWorkspace hook-order regression (React #310) > survives the loading→data transition without changing hook counts
Error: getaddrinfo ENOTFOUND invalid.supabase.local
[90m    at GetAddrInfoReqWrap.onlookupall [as oncomplete] (node:dns:122:26)[39m {
  errno: [33m-3008[39m,
  code: [32m'ENOTFOUND'[39m,
  syscall: [32m'getaddrinfo'[39m,
  hostname: [32m'invalid.supabase.local'[39m
}

stderr | src/features/units/units-page-hook-order.regression.test.tsx > UnitsWorkspace hook-order regression (React #310) > survives the loading→data transition without changing hook counts
The current testing environment is not configured to support act(...)

stderr | src/features/units/units-page-hook-order.regression.test.tsx > UnitsWorkspace hook-order regression (React #310) > survives the loading→data transition without changing hook counts
Error: getaddrinfo ENOTFOUND invalid.supabase.local
[90m    at GetAddrInfoReqWrap.onlookupall [as oncomplete] (node:dns:122:26)[39m {
  errno: [33m-3008[39m,
  code: [32m'ENOTFOUND'[39m,
  syscall: [32m'getaddrinfo'[39m,
  hostname: [32m'invalid.supabase.local'[39m
}

 ✓ src/features/units/units-page-hook-order.regression.test.tsx (1 test) 152ms
 ✓ src/features/owners/owner-edit-route-context.test.tsx (4 tests) 24ms
 ✓ src/features/contracts/lifecycle/contract-approval-workflow.test.tsx (6 tests) 67ms
 ✓ src/services/documents/renderer/latinPdf.test.ts (5 tests) 21ms
 ✓ src/features/ai-assistant/speech/assistant-speech-replay-regression.test.ts (2 tests) 11ms
stderr | src/components/ui/mobile-visual-hierarchy.test.tsx > mobile visual hierarchy contract > keeps filter selection semantic and exposes real horizontal overflow
The current testing environment is not configured to support act(...)
The current testing environment is not configured to support act(...)
The current testing environment is not configured to support act(...)

stderr | src/components/ui/mobile-visual-hierarchy.test.tsx > mobile visual hierarchy contract > keeps filter selection semantic and exposes real horizontal overflow
The current testing environment is not configured to support act(...)

stderr | src/components/ui/mobile-visual-hierarchy.test.tsx > mobile visual hierarchy contract > orders card content by importance and keeps multiple actions compact
The current testing environment is not configured to support act(...)

stderr | src/components/ui/mobile-visual-hierarchy.test.tsx > mobile visual hierarchy contract > orders card content by importance and keeps multiple actions compact
The current testing environment is not configured to support act(...)

 ✓ src/components/ui/mobile-visual-hierarchy.test.tsx (2 tests) 46ms
stderr | src/features/contracts/useContractAttention.test.ts
Supabase environment is incomplete. Runtime diagnostics will be shown in UI.

 ✓ src/features/contracts/useContractAttention.test.ts (5 tests) 17ms
stderr | src/features/people/people-list-page-interaction.test.tsx
Supabase environment is incomplete. Runtime diagnostics will be shown in UI.

stderr | src/features/people/people-list-page-interaction.test.tsx > PeopleListPage mobile workflow interactions > opens the shared person form from the header create action and shows Arabic validation
The current testing environment is not configured to support act(...)

stderr | src/features/people/people-list-page-interaction.test.tsx > PeopleListPage mobile workflow interactions > opens the shared person form from the header create action and shows Arabic validation
The current testing environment is not configured to support act(...)
The current testing environment is not configured to support act(...)
The current testing environment is not configured to support act(...)
The current testing environment is not configured to support act(...)
The current testing environment is not configured to support act(...)
The current testing environment is not configured to support act(...)
The current testing environment is not configured to support act(...)
The current testing environment is not configured to support act(...)
The current testing environment is not configured to support act(...)
The current testing environment is not configured to support act(...)
The current testing environment is not configured to support act(...)
The current testing environment is not configured to support act(...)

stderr | src/features/people/people-list-page-interaction.test.tsx > PeopleListPage mobile workflow interactions > opens the shared person form from the header create action and shows Arabic validation
The current testing environment is not configured to support act(...)

stderr | src/features/people/people-list-page-interaction.test.tsx > PeopleListPage mobile workflow interactions > opens the shared person form from the header create action and shows Arabic validation
The current testing environment is not configured to support act(...)
The current testing environment is not configured to support act(...)
The current testing environment is not configured to support act(...)
The current testing environment is not configured to support act(...)
The current testing environment is not configured to support act(...)
The current testing environment is not configured to support act(...)
The current testing environment is not configured to support act(...)
The current testing environment is not configured to support act(...)
The current testing environment is not configured to support act(...)
The current testing environment is not configured to support act(...)
The current testing environment is not configured to support act(...)
The current testing environment is not configured to support act(...)
The current testing environment is not configured to support act(...)
The current testing environment is not configured to support act(...)
The current testing environment is not configured to support act(...)
The current testing environment is not configured to support act(...)
The current testing environment is not configured to support act(...)
The current testing environment is not configured to support act(...)
The current testing environment is not configured to support act(...)
The current testing environment is not configured to support act(...)
The current testing environment is not configured to support act(...)
The current testing environment is not configured to support act(...)
The current testing environment is not configured to support act(...)
The current testing environment is not configured to support act(...)
The current testing environment is not configured to support act(...)
The current testing environment is not configured to support act(...)
The current testing environment is not configured to support act(...)
The current testing environment is not configured to support act(...)
The current testing environment is not configured to support act(...)
The current testing environment is not configured to support act(...)
The current testing environment is not configured to support act(...)
The current testing environment is not configured to support act(...)
The current testing environment is not configured to support act(...)
The current testing environment is not configured to support act(...)
The current testing environment is not configured to support act(...)
The current testing environment is not configured to support act(...)
The current testing environment is not configured to support act(...)
The current testing environment is not configured to support act(...)
The current testing environment is not configured to support act(...)
The current testing environment is not configured to support act(...)
The current testing environment is not configured to support act(...)
The current testing environment is not configured to support act(...)
The current testing environment is not configured to support act(...)
The current testing environment is not configured to support act(...)

stderr | src/features/people/people-list-page-interaction.test.tsx > PeopleListPage mobile workflow interactions > opens the shared person form from the header create action and shows Arabic validation
The current testing environment is not configured to support act(...)

stderr | src/features/people/people-list-page-interaction.test.tsx > PeopleListPage mobile workflow interactions > opens the shared person form from the header create action and shows Arabic validation
The current testing environment is not configured to support act(...)
The current testing environment is not configured to support act(...)
The current testing environment is not configured to support act(...)
The current testing environment is not configured to support act(...)
The current testing environment is not configured to support act(...)
The current testing environment is not configured to support act(...)
The current testing environment is not configured to support act(...)
The current testing environment is not configured to support act(...)
The current testing environment is not configured to support act(...)
The current testing environment is not configured to support act(...)
The current testing environment is not configured to support act(...)
The current testing environment is not configured to support act(...)
The current testing environment is not configured to support act(...)
The current testing environment is not configured to support act(...)

stderr | src/features/people/people-list-page-interaction.test.tsx > PeopleListPage mobile workflow interactions > opens the shared person form from the header create action and shows Arabic validation
The current testing environment is not configured to support act(...)
The current testing environment is not configured to support act(...)
The current testing environment is not configured to support act(...)
The current testing environment is not configured to support act(...)
The current testing environment is not configured to support act(...)
The current testing environment is not configured to support act(...)
The current testing environment is not configured to support act(...)
The current testing environment is not configured to support act(...)

stderr | src/features/people/people-list-page-interaction.test.tsx > PeopleListPage mobile workflow interactions > opens a prefilled edit form from table row actions
The current testing environment is not configured to support act(...)

stderr | src/features/people/people-list-page-interaction.test.tsx > PeopleListPage mobile workflow interactions > opens a prefilled edit form from table row actions
The current testing environment is not configured to support act(...)
The current testing environment is not configured to support act(...)
The current testing environment is not configured to support act(...)
The current testing environment is not configured to support act(...)
The current testing environment is not configured to support act(...)
The current testing environment is not configured to support act(...)
The current testing environment is not configured to support act(...)
The current testing environment is not configured to support act(...)
The current testing environment is not configured to support act(...)
The current testing environment is not configured to support act(...)
The current testing environment is not configured to support act(...)
The current testing environment is not configured to support act(...)

stderr | src/features/people/people-list-page-interaction.test.tsx > PeopleListPage mobile workflow interactions > opens a prefilled edit form from table row actions
The current testing environment is not configured to support act(...)

stderr | src/features/people/people-list-page-interaction.test.tsx > PeopleListPage mobile workflow interactions > opens a prefilled edit form from table row actions
The current testing environment is not configured to support act(...)

stderr | src/features/people/people-list-page-interaction.test.tsx > PeopleListPage mobile workflow interactions > opens a prefilled edit form from table row actions
The current testing environment is not configured to support act(...)
The current testing environment is not configured to support act(...)
The current testing environment is not configured to support act(...)
The current testing environment is not configured to support act(...)
The current testing environment is not configured to support act(...)
The current testing environment is not configured to support act(...)
The current testing environment is not configured to support act(...)
The current testing environment is not configured to support act(...)
The current testing environment is not configured to support act(...)
The current testing environment is not configured to support act(...)
The current testing environment is not configured to support act(...)
The current testing environment is not configured to support act(...)
The current testing environment is not configured to support act(...)
The current testing environment is not configured to support act(...)
The current testing environment is not configured to support act(...)
The current testing environment is not configured to support act(...)
The current testing environment is not configured to support act(...)
The current testing environment is not configured to support act(...)
The current testing environment is not configured to support act(...)
The current testing environment is not configured to support act(...)
The current testing environment is not configured to support act(...)
The current testing environment is not configured to support act(...)
The current testing environment is not configured to support act(...)
The current testing environment is not configured to support act(...)
The current testing environment is not configured to support act(...)
The current testing environment is not configured to support act(...)
The current testing environment is not configured to support act(...)
The current testing environment is not configured to support act(...)
The current testing environment is not configured to support act(...)
The current testing environment is not configured to support act(...)
The current testing environment is not configured to support act(...)
The current testing environment is not configured to support act(...)
The current testing environment is not configured to support act(...)
The current testing environment is not configured to support act(...)
The current testing environment is not configured to support act(...)
The current testing environment is not configured to support act(...)
The current testing environment is not configured to support act(...)
The current testing environment is not configured to support act(...)
The current testing environment is not configured to support act(...)
The current testing environment is not configured to support act(...)
The current testing environment is not configured to support act(...)
The current testing environment is not configured to support act(...)
The current testing environment is not configured to support act(...)
The current testing environment is not configured to support act(...)
The current testing environment is not configured to support act(...)
The current testing environment is not configured to support act(...)
The current testing environment is not configured to support act(...)
The current testing environment is not configured to support act(...)

stderr | src/features/people/people-list-page-interaction.test.tsx > PeopleListPage mobile workflow interactions > opens a prefilled edit form from table row actions
The current testing environment is not configured to support act(...)
The current testing environment is not configured to support act(...)
The current testing environment is not configured to support act(...)
The current testing environment is not configured to support act(...)
The current testing environment is not configured to support act(...)
The current testing environment is not configured to support act(...)
The current testing environment is not configured to support act(...)
The current testing environment is not configured to support act(...)

stderr | src/features/people/people-list-page-interaction.test.tsx > PeopleListPage mobile workflow interactions > exposes the empty-state create action
The current testing environment is not configured to support act(...)

stderr | src/features/people/people-list-page-interaction.test.tsx > PeopleListPage mobile workflow interactions > exposes the empty-state create action
The current testing environment is not configured to support act(...)
The current testing environment is not configured to support act(...)
The current testing environment is not configured to support act(...)
The current testing environment is not configured to support act(...)
The current testing environment is not configured to support act(...)
The current testing environment is not configured to support act(...)
The current testing environment is not configured to support act(...)
The current testing environment is not configured to support act(...)
The current testing environment is not configured to support act(...)
The current testing environment is not configured to support act(...)
The current testing environment is not configured to support act(...)
The current testing environment is not configured to support act(...)

stderr | src/features/people/people-list-page-interaction.test.tsx > PeopleListPage mobile workflow interactions > exposes the empty-state create action
The current testing environment is not configured to support act(...)

 ✓ src/features/people/people-list-page-interaction.test.tsx (3 tests) 436ms
 ✓ src/features/auth/password-recovery-page.test.tsx (4 tests) 98ms
 ✓ src/features/command-palette/command-palette.test.tsx (12 tests) 37ms
stderr | src/app/layout/mobile-drawer-focus-restoration.test.tsx
Supabase environment is incomplete. Runtime diagnostics will be shown in UI.

stderr | src/app/layout/mobile-drawer-focus-restoration.test.tsx > AppShell mobile navigation bottom sheet — scroll lock and focus restoration > opens the shared bottom-sheet navigation from the explicit dock Menu, locks scroll, and exposes modal semantics
React does not recognize the `activeOptions` prop on a DOM element. If you intentionally want it to appear in the DOM as a custom attribute, spell it as lowercase `activeoptions` instead. If you accidentally passed it from a parent component, remove it from the DOM element.

 ✓ src/app/layout/mobile-drawer-focus-restoration.test.tsx (4 tests) 570ms
 ✓ src/app/layout/account-permission-status-polish.test.tsx (3 tests) 74ms
stderr | src/features/ai-assistant/assistant-streaming-text.test.tsx > AssistantStreamingText > reveals the reply word by word and finishes within the 800ms cap
The current testing environment is not configured to support act(...)
The current testing environment is not configured to support act(...)
The current testing environment is not configured to support act(...)
The current testing environment is not configured to support act(...)
The current testing environment is not configured to support act(...)
The current testing environment is not configured to support act(...)
The current testing environment is not configured to support act(...)
The current testing environment is not configured to support act(...)
The current testing environment is not configured to support act(...)
The current testing environment is not configured to support act(...)
The current testing environment is not configured to support act(...)
The current testing environment is not configured to support act(...)
The current testing environment is not configured to support act(...)
The current testing environment is not configured to support act(...)
The current testing environment is not configured to support act(...)
The current testing environment is not configured to support act(...)
The current testing environment is not configured to support act(...)
The current testing environment is not configured to support act(...)

stderr | src/features/ai-assistant/assistant-streaming-text.test.tsx > AssistantStreamingText > keeps the full canonical text available from the first moment
The current testing environment is not configured to support act(...)
The current testing environment is not configured to support act(...)
The current testing environment is not configured to support act(...)

stderr | src/features/ai-assistant/assistant-streaming-text.test.tsx > AssistantStreamingText > shows the progressive waiting indicator while pending, then reveals the reply
The current testing environment is not configured to support act(...)
The current testing environment is not configured to support act(...)
The current testing environment is not configured to support act(...)
The current testing environment is not configured to support act(...)
The current testing environment is not configured to support act(...)

 ✓ src/features/ai-assistant/assistant-streaming-text.test.tsx (4 tests) 90ms
 ✓ src/services/auth-service.test.ts (9 tests) 8ms
 ✓ src/app/layout/layout-navigation-view.visual-wave-1.test.tsx (3 tests) 136ms
stderr | src/features/governance-hub/permission-review-deeplink.test.tsx
Supabase environment is incomplete. Runtime diagnostics will be shown in UI.

 ✓ src/features/governance-hub/permission-review-deeplink.test.tsx (3 tests) 1260ms
   ✓ permission review deep-link — notification CTA lands on the review context > selects the users-permissions tab and scrolls the permission-request review section into view  438ms
   ✓ permission review deep-link — notification CTA lands on the review context > does not scroll when no sub=permission-requests deep link is present  409ms
   ✓ permission review deep-link — notification CTA lands on the review context > keeps the tab change URL contract (section param) when switching tabs  412ms
 ✓ src/features/financials/reports/report-cache-authority.test.tsx (3 tests) 178ms
stderr | src/components/ui/bottom-sheet.test.tsx > BottomSheet mobile interaction contract > portals to the document, tracks the visual viewport, locks scroll, and focuses the first form control
The current testing environment is not configured to support act(...)

stderr | src/components/ui/bottom-sheet.test.tsx > BottomSheet mobile interaction contract > portals to the document, tracks the visual viewport, locks scroll, and focuses the first form control
The current testing environment is not configured to support act(...)

stderr | src/components/ui/bottom-sheet.test.tsx > BottomSheet mobile interaction contract > exposes a tappable grab handle without decorative entrance animation classes
The current testing environment is not configured to support act(...)

stderr | src/components/ui/bottom-sheet.test.tsx > BottomSheet mobile interaction contract > exposes a tappable grab handle without decorative entrance animation classes
The current testing environment is not configured to support act(...)

stderr | src/components/ui/bottom-sheet.test.tsx > BottomSheet mobile interaction contract > restores document scroll ownership after the sheet leaves the tree
The current testing environment is not configured to support act(...)
The current testing environment is not configured to support act(...)

stderr | src/components/ui/bottom-sheet.test.tsx > BottomSheet mobile interaction contract > restores document scroll ownership after the sheet leaves the tree
The current testing environment is not configured to support act(...)

 ✓ src/components/ui/bottom-sheet.test.tsx (3 tests) 41ms
 ✓ src/features/reports/components/statements-professional-owner-report.test.tsx (3 tests) 166ms
 ✓ src/lib/product-fonts-contract.test.ts (6 tests) 16ms
stderr | Fetch.onError (file:/home/user/malek/node_modules/.pnpm/happy-dom@20.10.6/node_modules/happy-dom/src/fetch/Fetch.ts:698:35)
AggregateError: 
[90m    at internalConnectMultiple (node:net:1122:18)[39m
[90m    at afterConnectMultiple (node:net:1689:7)[39m {
  code: [32m'ECONNREFUSED'[39m,
  [errors]: [
    Error: connect ECONNREFUSED ::1:3000
    [90m    at createConnectionError (node:net:1652:14)[39m
    [90m    at afterConnectMultiple (node:net:1682:16)[39m {
      errno: [33m-111[39m,
      code: [32m'ECONNREFUSED'[39m,
      syscall: [32m'connect'[39m,
      address: [32m'::1'[39m,
      port: [33m3000[39m
    },
    Error: connect ECONNREFUSED 127.0.0.1:3000
    [90m    at createConnectionError (node:net:1652:14)[39m
    [90m    at afterConnectMultiple (node:net:1682:16)[39m {
      errno: [33m-111[39m,
      code: [32m'ECONNREFUSED'[39m,
      syscall: [32m'connect'[39m,
      address: [32m'127.0.0.1'[39m,
      port: [33m3000[39m
    }
  ]
}

stderr | HTMLLinkElement.#loadStyleSheet (file:/home/user/malek/node_modules/.pnpm/happy-dom@20.10.6/node_modules/happy-dom/src/nodes/html-link-element/HTMLLinkElement.ts:477:30)
DOMException [NetworkError]: Failed to execute "fetch()" on "Window" with URL "http://localhost:3000/fonts/fonts.css": 
    at Fetch.onError (file:///home/user/malek/node_modules/[4m.pnpm[24m/happy-dom@20.10.6/node_modules/[4mhappy-dom[24m/src/fetch/Fetch.ts:700:4)
[90m    at ClientRequest.emit (node:events:524:28)[39m
[90m    at emitErrorEvent (node:_http_client:101:11)[39m
[90m    at Socket.socketErrorListener (node:_http_client:504:5)[39m
[90m    at Socket.emit (node:events:524:28)[39m
[90m    at emitErrorNT (node:internal/streams/destroy:169:8)[39m
[90m    at emitErrorCloseNT (node:internal/streams/destroy:128:3)[39m
[90m    at processTicksAndRejections (node:internal/process/task_queues:82:21)[39m

 ✓ src/features/financials/finance-status-mapping.test.tsx (6 tests) 21ms
stderr | src/app/layout/layout-navigation-interactions.visual-wave-1.test.tsx
Supabase environment is incomplete. Runtime diagnostics will be shown in UI.

 ✓ src/app/layout/layout-navigation-interactions.visual-wave-1.test.tsx (2 tests) 167ms
stderr | src/features/properties/properties-list-page-states.test.tsx > PropertiesListPage data visibility states > shows a retryable error instead of the empty-success register
The current testing environment is not configured to support act(...)

stderr | src/features/properties/properties-list-page-states.test.tsx > PropertiesListPage data visibility states > shows a retryable error instead of the empty-success register
The current testing environment is not configured to support act(...)
The current testing environment is not configured to support act(...)
The current testing environment is not configured to support act(...)
The current testing environment is not configured to support act(...)
The current testing environment is not configured to support act(...)
The current testing environment is not configured to support act(...)
The current testing environment is not configured to support act(...)
The current testing environment is not configured to support act(...)
The current testing environment is not configured to support act(...)
The current testing environment is not configured to support act(...)
The current testing environment is not configured to support act(...)
The current testing environment is not configured to support act(...)
The current testing environment is not configured to support act(...)

stderr | src/features/properties/properties-list-page-states.test.tsx > PropertiesListPage data visibility states > shows a retryable error instead of the empty-success register
The current testing environment is not configured to support act(...)

stderr | src/features/properties/properties-list-page-states.test.tsx > PropertiesListPage data visibility states > keeps the honest empty office state when the query succeeds with zero rows
The current testing environment is not configured to support act(...)

stderr | src/features/properties/properties-list-page-states.test.tsx > PropertiesListPage data visibility states > keeps the honest empty office state when the query succeeds with zero rows
The current testing environment is not configured to support act(...)
The current testing environment is not configured to support act(...)
The current testing environment is not configured to support act(...)
The current testing environment is not configured to support act(...)
The current testing environment is not configured to support act(...)
The current testing environment is not configured to support act(...)
The current testing environment is not configured to support act(...)
The current testing environment is not configured to support act(...)
The current testing environment is not configured to support act(...)
The current testing environment is not configured to support act(...)
The current testing environment is not configured to support act(...)
The current testing environment is not configured to support act(...)
The current testing environment is not configured to support act(...)

stderr | src/features/properties/properties-list-page-states.test.tsx > PropertiesListPage data visibility states > keeps the honest empty office state when the query succeeds with zero rows
The current testing environment is not configured to support act(...)

 ✓ src/features/properties/properties-list-page-states.test.tsx (2 tests) 116ms
stderr | src/features/properties/components/property-form-core-fields.test.tsx > PropertyFormCoreFields > renders all seven core fields without type-cast regressions
The current testing environment is not configured to support act(...)

stderr | src/features/properties/components/property-form-core-fields.test.tsx > PropertyFormCoreFields > renders all seven core fields without type-cast regressions
The current testing environment is not configured to support act(...)

stderr | src/features/properties/components/property-form-core-fields.test.tsx > PropertyFormCoreFields > renders all seven core fields without type-cast regressions
The current testing environment is not configured to support act(...)

stderr | src/features/properties/components/property-form-core-fields.test.tsx > PropertyFormCoreFields > renders status select with all property status options
The current testing environment is not configured to support act(...)

stderr | src/features/properties/components/property-form-core-fields.test.tsx > PropertyFormCoreFields > renders status select with all property status options
The current testing environment is not configured to support act(...)

stderr | src/features/properties/components/property-form-core-fields.test.tsx > PropertyFormCoreFields > renders status select with all property status options
The current testing environment is not configured to support act(...)

stderr | src/features/properties/components/property-form-core-fields.test.tsx > PropertyFormCoreFields > does not render agreement-specific fields (owner, commission)
The current testing environment is not configured to support act(...)

stderr | src/features/properties/components/property-form-core-fields.test.tsx > PropertyFormCoreFields > does not render agreement-specific fields (owner, commission)
The current testing environment is not configured to support act(...)

stderr | src/features/properties/components/property-form-core-fields.test.tsx > PropertyFormCoreFields > does not render agreement-specific fields (owner, commission)
The current testing environment is not configured to support act(...)

 ✓ src/features/properties/components/property-form-core-fields.test.tsx (3 tests) 68ms
stderr | src/components/ui/filter-tabs.test.tsx > FilterTabs — التفاعل > calls onChange with the clicked option value
The current testing environment is not configured to support act(...)

stderr | src/components/ui/filter-tabs.test.tsx > FilterTabs — التفاعل > calls onChange with the clicked option value
The current testing environment is not configured to support act(...)

 ✓ src/components/ui/filter-tabs.test.tsx (4 tests) 36ms
 ✓ src/features/help-support/public-support-route.test.tsx (3 tests) 77ms
 ✓ src/services/action-service.test.ts (6 tests) 7ms
stderr | src/features/dashboard/components/dashboard-visuals.test.tsx > dashboard visualization vocabulary > keeps the radial value textual as well as visual and clamps impossible percentages
The current testing environment is not configured to support act(...)
The current testing environment is not configured to support act(...)

stderr | src/features/dashboard/components/dashboard-visuals.test.tsx > dashboard visualization vocabulary > exposes progress values through a progressbar role with the textual value beside it
The current testing environment is not configured to support act(...)

stderr | src/features/dashboard/components/dashboard-visuals.test.tsx > dashboard visualization vocabulary > renders comparison bars with their numeric text alongside the visual
The current testing environment is not configured to support act(...)

stderr | src/features/dashboard/components/dashboard-visuals.test.tsx > dashboard visualization vocabulary > keeps distribution segments explained by a textual legend
The current testing environment is not configured to support act(...)

stderr | src/features/dashboard/components/dashboard-visuals.test.tsx > dashboard visualization vocabulary > marks trend direction accessibly
The current testing environment is not configured to support act(...)

 ✓ src/features/dashboard/components/dashboard-visuals.test.tsx (5 tests) 43ms
 ✓ src/features/settings/office-launch/import/office-import-contract.test.ts (9 tests) 27ms
 ✓ src/components/ui/form-association.a11y.test.tsx (4 tests) 41ms
 ✓ src/features/settings/office-launch/OfficeLaunchPanel.test.tsx (2 tests) 87ms
 ✓ src/components/ui/dialog-modal-semantics.test.tsx (3 tests) 84ms
 ✓ src/app/router/background-location.behavior.test.tsx (2 tests) 12ms
 ✓ src/store/ui-store.test.ts (3 tests) 3ms
 ✓ src/features/reports/components/statements/tax-summary-evidence.test.tsx (3 tests) 75ms
stderr | src/features/automation/automation-center.test.tsx
Supabase environment is incomplete. Runtime diagnostics will be shown in UI.

 ✓ src/features/automation/automation-center.test.tsx (2 tests) 30ms
 ✓ src/components/ui/dialog-placement.test.tsx (2 tests) 81ms
 ✓ src/features/auth/session-storage.test.ts (2 tests) 5ms
 ✓ src/features/financials/expenses/useExpenses.test.ts (5 tests) 38ms
stderr | src/features/financials/invoices/useDossierInvoicesForContracts.test.ts > useDossierInvoicesForContracts — bounded batched register read > builds one deterministic, deduplicated query key per visible page
Supabase environment is incomplete. Runtime diagnostics will be shown in UI.

 ✓ src/features/financials/invoices/useDossierInvoicesForContracts.test.ts (5 tests) 121ms
 ✓ src/features/financials/invoices/invoice-payment-retry.test.tsx (1 test) 27ms
stderr | src/features/financials/deposits/deposit-controller-retry.test.tsx
Supabase environment is incomplete. Runtime diagnostics will be shown in UI.

 ✓ src/features/financials/deposits/deposit-controller-retry.test.tsx (1 test) 22ms

 Test Files  544 passed (544)
      Tests  3876 passed (3876)
   Start at  13:02:01
   Duration  539.96s (transform 11.20s, setup 0ms, collect 64.51s, tests 341.82s, environment 30.62s, prepare 32.26s)

